index,Year,Quarter,CountryOfAsylum,nationality,ethnicity,intentionmove,TotalAdult,TotalMinor,AppliedRefugee,documentation_id,Childinschool,Childvirtualed,disabilityacc_disabilityserv,medicalReceived,RiskYes,RiskReturn_medical,RiskStay_medical
1,2021,Q1Q2,Brazil,venezuela,black,stay,1.0,3.0,yes,1,yes,yes,0,,StronglyAgree,1,0
2,2021,Q1Q2,Brazil,venezuela,other,stay,1.0,1.0,yes,1,yes,yes,0,,Undecided,0,0
3,2021,Q1Q2,Brazil,venezuela,other,relocate,2.0,1.0,yes,1,,,0,,StronglyAgree,1,0
4,2021,Q1Q2,Brazil,venezuela,mixed,relocate,2.0,1.0,yes,1,yes,no,0,,Agree,1,0
5,2021,Q1Q2,Brazil,venezuela,mixed,stay,2.0,2.0,yes,1,yes,yes,0,StronglyAgree,StronglyAgree,1,0
6,2021,Q1Q2,Brazil,venezuela,other,dontknow,7.0,8.0,yes,1,no,,0,,Agree,0,0
7,2021,Q1Q2,Brazil,venezuela,mixed,stay,2.0,1.0,no,1,,,0,Undecided,Agree,1,0
8,2021,Q1Q2,Brazil,venezuela,mixed,relocate,3.0,1.0,yes,1,no,,0,,StronglyAgree,0,0
9,2021,Q1Q2,Brazil,venezuela,white,relocate,2.0,4.0,no,1,no,,0,StronglyAgree,Agree,0,0
10,2021,Q1Q2,Brazil,venezuela,mixed,relocate,2.0,5.0,yes,0,no,,0,,Agree,0,0
11,2021,Q1Q2,Brazil,venezuela,mixed,relocate,2.0,0.0,yes,1,,,0,,Disagree,0,0
12,2021,Q1Q2,Brazil,venezuela,,relocate,1.0,0.0,yes,1,,,0,,Disagree,0,0
13,2021,Q1Q2,Brazil,venezuela,white,notell,2.0,0.0,yes,1,,,0,Agree,Agree,1,0
14,2021,Q1Q2,Brazil,venezuela,white,relocate,2.0,0.0,no,0,,,0,Agree,Agree,0,0
15,2021,Q1Q2,Brazil,venezuela,black,stay,4.0,0.0,yes,1,,,0,,StronglyAgree,1,0
16,2021,Q1Q2,Brazil,venezuela,white,dontknow,2.0,1.0,yes,1,,,0,,StronglyAgree,0,0
17,2021,Q1Q2,Brazil,venezuela,black,relocate,3.0,3.0,yes,1,no,,0,Agree,Agree,0,0
18,2021,Q1Q2,Brazil,venezuela,white,stay,2.0,2.0,yes,1,,,0,Agree,Undecided,0,0
19,2021,Q1Q2,Brazil,venezuela,,relocate,1.0,0.0,no,1,,,0,Agree,Disagree,0,0
20,2021,Q1Q2,Brazil,venezuela,other,relocate,7.0,5.0,no,1,yes,yes,0,Agree,Undecided,0,0
21,2021,Q1Q2,Brazil,venezuela,mixed,dontknow,3.0,1.0,no,0,,,0,Undecided,Disagree,0,0
22,2021,Q1Q2,Brazil,venezuela,mixed,stay,2.0,7.0,yes,1,yes,no,0,Agree,StronglyDisagree,0,0
23,2021,Q1Q2,Brazil,venezuela,mixed,relocate,2.0,1.0,yes,1,,,0,,Agree,0,0
24,2021,Q1Q2,Brazil,venezuela,other,dontknow,2.0,2.0,no,0,yes,yes,0,StronglyDisagree,StronglyAgree,0,0
25,2021,Q1Q2,Brazil,venezuela,other,dontknow,2.0,0.0,yes,0,,,0,,Agree,0,0
26,2021,Q1Q2,Brazil,venezuela,black,stay,2.0,1.0,yes,1,yes,yes,0,,Undecided,0,0
27,2021,Q1Q2,Brazil,venezuela,mixed,dontknow,1.0,1.0,yes,0,,,0,Agree,StronglyAgree,1,0
28,2021,Q1Q2,Brazil,venezuela,,stay,2.0,0.0,yes,1,,,0,StronglyAgree,StronglyAgree,1,0
29,2021,Q1Q2,Brazil,,,,,,,0,,,0,,,0,0
30,2021,Q1Q2,Brazil,venezuela,mixed,relocate,4.0,1.0,yes,1,no,,0,StronglyAgree,StronglyAgree,1,0
31,2021,Q1Q2,Brazil,venezuela,mixed,stay,3.0,3.0,no,1,yes,no,0,Agree,StronglyAgree,0,0
32,2021,Q1Q2,Brazil,venezuela,mixed,stay,2.0,2.0,yes,0,yes,yes,0,Agree,Agree,0,0
33,2021,Q1Q2,Brazil,venezuela,mixed,dontknow,2.0,1.0,yes,1,yes,no,0,,Agree,1,0
34,2021,Q1Q2,Brazil,venezuela,white,dontknow,2.0,2.0,yes,1,,,0,,Agree,0,0
35,2021,Q1Q2,Brazil,venezuela,mixed,stay,1.0,2.0,no,1,,,0,,Disagree,0,0
36,2021,Q1Q2,Brazil,venezuela,black,relocate,3.0,1.0,yes,1,,,0,,StronglyDisagree,0,0
37,2021,Q1Q2,Brazil,venezuela,white,relocate,4.0,4.0,yes,1,yes,no,0,StronglyAgree,StronglyDisagree,0,0
38,2021,Q1Q2,Brazil,venezuela,other,dontknow,2.0,0.0,no,1,,,0,StronglyAgree,Undecided,0,0
39,2021,Q1Q2,Brazil,venezuela,other,relocate,3.0,2.0,yes,1,no,,0,,StronglyAgree,0,0
40,2021,Q1Q2,Brazil,venezuela,,,,,,0,,,0,,,0,0
41,2021,Q1Q2,Brazil,venezuela,other,dontknow,1.0,2.0,yes,1,yes,dontknow,0,StronglyAgree,StronglyAgree,1,0
42,2021,Q1Q2,Brazil,venezuela,mixed,dontknow,1.0,2.0,yes,1,yes,yes,0,StronglyAgree,Undecided,0,0
43,2021,Q1Q2,Brazil,venezuela,,stay,2.0,3.0,yes,1,no,,0,StronglyAgree,Agree,0,0
44,2021,Q1Q2,Brazil,venezuela,other,stay,3.0,3.0,yes,1,yes,yes,0,,Agree,1,0
45,2021,Q1Q2,Brazil,other,white,stay,3.0,0.0,yes,0,,,0,,Undecided,0,0
46,2021,Q1Q2,Brazil,venezuela,,relocate,3.0,2.0,yes,1,no,,0,StronglyAgree,StronglyAgree,1,0
47,2021,Q1Q2,Brazil,venezuela,other,relocate,4.0,3.0,yes,1,no,,0,Agree,Undecided,0,0
48,2021,Q1Q2,Brazil,venezuela,other,relocate,5.0,3.0,no,0,no,,0,,StronglyAgree,1,0
49,2021,Q1Q2,Brazil,venezuela,mixed,stay,1.0,1.0,,1,,,0,,Agree,0,0
50,2021,Q1Q2,Brazil,venezuela,other,relocate,2.0,0.0,yes,1,,,0,StronglyAgree,StronglyAgree,1,0
51,2021,Q1Q2,Brazil,venezuela,black,stay,1.0,3.0,yes,1,no,,0,Agree,Agree,0,0
52,2021,Q1Q2,Brazil,venezuela,white,dontknow,2.0,2.0,no,1,,,0,,Agree,1,0
53,2021,Q1Q2,Brazil,venezuela,mixed,stay,1.0,1.0,yes,1,yes,no,0,StronglyAgree,Agree,1,0
54,2021,Q1Q2,Brazil,venezuela,mixed,stay,1.0,3.0,yes,1,yes,no,0,Agree,StronglyAgree,1,0
55,2021,Q1Q2,Brazil,venezuela,mixed,stay,2.0,1.0,yes,1,no,,0,Agree,Disagree,0,0
56,2021,Q1Q2,Brazil,venezuela,mixed,dontknow,2.0,1.0,yes,1,,,0,,Undecided,0,0
57,2021,Q1Q2,Brazil,venezuela,mixed,relocate,1.0,1.0,yes,1,,,0,Agree,Undecided,0,0
58,2021,Q1Q2,Brazil,venezuela,,stay,0.0,1.0,yes,1,no,,0,,Disagree,0,0
59,2021,Q1Q2,Brazil,venezuela,other,dontknow,2.0,1.0,no,1,,,0,,StronglyAgree,0,0
60,2021,Q1Q2,Brazil,venezuela,mixed,relocate,1.0,0.0,yes,0,,,0,Agree,StronglyAgree,1,0
61,2021,Q1Q2,Brazil,venezuela,mixed,stay,4.0,4.0,yes,1,no,,0,,StronglyAgree,1,0
62,2021,Q1Q2,Brazil,venezuela,,stay,2.0,1.0,no,1,yes,yes,0,StronglyAgree,Undecided,0,0
63,2021,Q1Q2,Brazil,venezuela,white,stay,2.0,2.0,,1,yes,no,0,Agree,,0,0
64,2021,Q1Q2,Brazil,venezuela,white,dontknow,3.0,2.0,no,0,yes,yes,0,,Disagree,0,0
65,2021,Q1Q2,Brazil,venezuela,other,stay,3.0,4.0,yes,1,yes,no,0,,Disagree,0,0
66,2021,Q1Q2,Brazil,venezuela,other,stay,2.0,2.0,yes,0,no,,0,,StronglyAgree,1,0
67,2021,Q1Q2,Brazil,venezuela,mixed,relocate,2.0,0.0,no,1,,,0,StronglyAgree,StronglyAgree,0,0
68,2021,Q1Q2,Brazil,venezuela,white,relocate,4.0,0.0,yes,1,,,0,,StronglyAgree,0,0
69,2021,Q1Q2,Brazil,venezuela,white,stay,3.0,1.0,yes,1,,,0,,Agree,0,0
70,2021,Q1Q2,Brazil,venezuela,mixed,stay,2.0,2.0,no,1,,,0,,Disagree,0,0
71,2021,Q1Q2,Brazil,venezuela,white,relocate,3.0,1.0,yes,1,,,0,Agree,Disagree,0,0
72,2021,Q1Q2,Brazil,venezuela,other,stay,2.0,2.0,no,1,yes,yes,0,,Disagree,0,0
73,2021,Q1Q2,Brazil,venezuela,mixed,relocate,2.0,0.0,no,1,,,0,Disagree,Agree,0,0
74,2021,Q1Q2,Brazil,venezuela,white,stay,1.0,2.0,yes,1,,,0,StronglyAgree,Disagree,0,0
75,2021,Q1Q2,Brazil,other,white,relocate,3.0,0.0,,1,,,0,Undecided,Undecided,0,0
76,2021,Q1Q2,Brazil,venezuela,other,stay,1.0,1.0,no,1,yes,no,0,,Agree,1,0
77,2021,Q1Q2,Brazil,venezuela,other,stay,4.0,3.0,yes,1,yes,no,0,,Disagree,0,0
78,2021,Q1Q2,Brazil,haiti,black,dontknow,3.0,0.0,yes,0,,,0,Agree,Undecided,0,0
79,2021,Q1Q2,Brazil,cuba,black,dontknow,2.0,0.0,yes,0,,,0,Agree,Agree,0,0
80,2021,Q1Q2,Brazil,venezuela,white,relocate,2.0,4.0,yes,1,yes,no,0,StronglyAgree,StronglyDisagree,0,0
81,2021,Q1Q2,Brazil,venezuela,,dontknow,2.0,1.0,yes,1,,,0,,StronglyAgree,1,0
82,2021,Q1Q2,Brazil,venezuela,,relocate,2.0,3.0,yes,0,yes,no,0,,StronglyAgree,1,0
83,2021,Q1Q2,Brazil,venezuela,other,relocate,2.0,0.0,yes,1,,,0,,StronglyAgree,1,0
84,2021,Q1Q2,Brazil,venezuela,,relocate,2.0,4.0,no,1,no,,0,StronglyAgree,StronglyAgree,1,0
85,2021,Q1Q2,Brazil,venezuela,mixed,stay,2.0,1.0,yes,1,,,0,StronglyAgree,StronglyDisagree,0,0
86,2021,Q1Q2,Brazil,venezuela,mixed,stay,2.0,0.0,yes,1,,,0,,StronglyAgree,1,0
87,2021,Q1Q2,Brazil,venezuela,other,stay,2.0,3.0,yes,1,no,,0,StronglyAgree,Undecided,0,0
88,2021,Q1Q2,Brazil,venezuela,mixed,stay,4.0,4.0,yes,1,yes,yes,0,StronglyAgree,StronglyAgree,1,0
89,2021,Q1Q2,Brazil,venezuela,black,stay,2.0,1.0,,1,,,0,,,0,0
90,2021,Q1Q2,Brazil,colombia,white,dontknow,1.0,0.0,yes,1,,,0,,StronglyAgree,0,0
91,2021,Q1Q2,Brazil,venezuela,black,relocate,1.0,2.0,yes,1,no,,0,StronglyAgree,StronglyDisagree,0,0
92,2021,Q1Q2,Brazil,venezuela,white,stay,2.0,2.0,yes,1,no,,0,,Agree,0,0
93,2021,Q1Q2,Brazil,venezuela,mixed,stay,1.0,0.0,,1,,,0,,Agree,0,0
94,2021,Q1Q2,Brazil,venezuela,mixed,relocate,4.0,0.0,yes,1,,,0,,StronglyAgree,0,0
95,2021,Q1Q2,Brazil,venezuela,other,dontknow,3.0,1.0,yes,1,,,0,Agree,Agree,1,0
96,2021,Q1Q2,Brazil,venezuela,mixed,relocate,2.0,2.0,,1,,,0,,,0,0
97,2021,Q1Q2,Brazil,venezuela,mixed,notell,1.0,0.0,,0,,,0,,StronglyAgree,1,0
98,2021,Q1Q2,Brazil,venezuela,mixed,relocate,2.0,3.0,yes,1,no,,0,StronglyAgree,StronglyAgree,0,0
99,2021,Q1Q2,Brazil,venezuela,mixed,relocate,1.0,0.0,yes,1,,,0,Agree,Agree,0,0
100,2021,Q1Q2,Brazil,venezuela,other,stay,4.0,3.0,yes,1,yes,yes,0,,Undecided,0,0
101,2021,Q1Q2,Brazil,venezuela,mixed,stay,3.0,1.0,no,0,,,0,,Agree,0,0
102,2021,Q1Q2,Brazil,cuba,white,stay,2.0,2.0,yes,0,no,,0,Agree,StronglyAgree,0,0
103,2021,Q1Q2,Brazil,venezuela,black,stay,2.0,1.0,yes,1,yes,no,0,StronglyAgree,Undecided,0,0
104,2021,Q1Q2,Brazil,venezuela,mixed,relocate,3.0,3.0,no,1,yes,yes,0,Agree,StronglyAgree,0,0
105,2021,Q1Q2,Brazil,venezuela,,stay,1.0,0.0,yes,1,,,0,StronglyAgree,Disagree,0,0
106,2021,Q1Q2,Brazil,venezuela,white,stay,1.0,2.0,no,1,yes,yes,0,Agree,Disagree,0,0
107,2021,Q1Q2,Brazil,venezuela,other,relocate,2.0,2.0,no,1,yes,yes,0,,Disagree,0,0
108,2021,Q1Q2,Brazil,venezuela,white,dontknow,2.0,3.0,yes,1,,,0,StronglyAgree,Agree,0,0
109,2021,Q1Q2,Brazil,venezuela,white,dontknow,2.0,2.0,no,1,,,0,,Agree,1,0
110,2021,Q1Q2,Brazil,cuba,white,stay,2.0,2.0,yes,0,no,,0,Agree,StronglyAgree,0,0
111,2021,Q1Q2,Brazil,venezuela,white,stay,4.0,4.0,no,1,yes,no,0,StronglyAgree,StronglyAgree,1,0
112,2021,Q1Q2,Brazil,venezuela,mixed,stay,2.0,2.0,no,1,yes,yes,0,Agree,Disagree,0,0
113,2021,Q1Q2,Brazil,venezuela,mixed,stay,1.0,0.0,,1,,,0,,Disagree,0,0
114,2021,Q1Q2,Brazil,venezuela,,,,,,0,,,0,,,0,0
115,2021,Q1Q2,Brazil,venezuela,mixed,stay,2.0,2.0,no,1,,,0,,Disagree,0,0
116,2021,Q1Q2,Brazil,venezuela,,stay,2.0,2.0,yes,1,yes,no,0,,Disagree,0,0
117,2021,Q1Q2,Brazil,venezuela,other,dontknow,1.0,2.0,yes,1,yes,yes,0,StronglyAgree,StronglyAgree,1,0
118,2021,Q1Q2,Brazil,venezuela,mixed,dontknow,2.0,2.0,no,1,yes,yes,0,Agree,Agree,1,0
119,2021,Q1Q2,Brazil,venezuela,other,stay,3.0,3.0,no,1,yes,no,0,Disagree,Disagree,0,0
120,2021,Q1Q2,Brazil,venezuela,mixed,relocate,2.0,0.0,,1,,,0,,Agree,0,0
121,2021,Q1Q2,Brazil,venezuela,white,dontknow,1.0,3.0,no,0,yes,yes,0,Agree,Agree,0,0
122,2021,Q1Q2,Brazil,venezuela,white,relocate,1.0,0.0,no,1,,,0,StronglyDisagree,StronglyAgree,0,0
123,2021,Q1Q2,Brazil,,black,stay,1.0,1.0,yes,0,yes,no,0,StronglyAgree,StronglyAgree,0,0
124,2021,Q1Q2,Brazil,venezuela,mixed,stay,3.0,1.0,no,0,,,0,StronglyAgree,StronglyAgree,1,0
125,2021,Q1Q2,Brazil,venezuela,,dontknow,1.0,0.0,yes,1,,,0,,Undecided,0,0
126,2021,Q1Q2,Brazil,venezuela,,relocate,2.0,1.0,yes,1,no,,0,,Undecided,0,0
127,2021,Q1Q2,Brazil,venezuela,mixed,relocate,4.0,2.0,yes,0,,,0,,StronglyAgree,1,0
128,2021,Q1Q2,Brazil,venezuela,mixed,relocate,2.0,3.0,yes,1,no,,0,Disagree,StronglyDisagree,0,0
129,2021,Q1Q2,Brazil,venezuela,mixed,dontknow,6.0,2.0,no,1,,,0,StronglyAgree,Agree,1,0
130,2021,Q1Q2,Brazil,venezuela,white,relocate,2.0,2.0,,1,yes,yes,0,Agree,StronglyDisagree,0,0
131,2021,Q1Q2,Brazil,venezuela,mixed,relocate,2.0,2.0,yes,1,yes,yes,0,,StronglyDisagree,0,0
132,2021,Q1Q2,Brazil,venezuela,white,stay,1.0,3.0,yes,1,yes,no,0,,StronglyDisagree,0,0
133,2021,Q1Q2,Brazil,venezuela,mixed,stay,2.0,1.0,yes,1,,,0,Agree,Undecided,0,0
134,2021,Q1Q2,Brazil,venezuela,mixed,relocate,2.0,1.0,yes,1,no,,0,,Disagree,0,0
135,2021,Q1Q2,Brazil,venezuela,mixed,relocate,2.0,1.0,no,1,,,0,Agree,StronglyAgree,1,0
136,2021,Q1Q2,Brazil,venezuela,other,dontknow,5.0,0.0,,0,,,0,,Agree,0,0
137,2021,Q1Q2,Brazil,venezuela,indigenous,stay,3.0,1.0,yes,1,yes,no,0,Agree,Agree,1,0
138,2021,Q1Q2,Brazil,venezuela,other,dontknow,4.0,1.0,yes,0,,,0,Agree,StronglyAgree,0,0
139,2021,Q1Q2,Brazil,venezuela,black,relocate,2.0,0.0,yes,1,,,0,,StronglyAgree,1,0
140,2021,Q1Q2,Brazil,venezuela,other,dontknow,2.0,2.0,,1,no,,0,,StronglyAgree,1,0
141,2021,Q1Q2,Brazil,venezuela,mixed,relocate,1.0,0.0,yes,1,,,0,,Agree,1,0
142,2021,Q1Q2,Brazil,venezuela,other,stay,1.0,1.0,yes,1,yes,no,0,,StronglyDisagree,0,0
143,2021,Q1Q2,Brazil,venezuela,black,relocate,2.0,0.0,yes,1,,,0,StronglyAgree,Agree,0,0
144,2021,Q1Q2,Brazil,venezuela,mixed,relocate,5.0,1.0,yes,1,,,0,StronglyAgree,Undecided,0,0
145,2021,Q1Q2,Brazil,venezuela,,stay,2.0,0.0,yes,1,,,0,Agree,Undecided,0,0
146,2021,Q1Q2,Brazil,other,black,stay,1.0,0.0,yes,0,,,0,,StronglyAgree,1,0
147,2021,Q1Q2,Brazil,venezuela,mixed,relocate,1.0,2.0,yes,1,no,,0,,StronglyDisagree,0,0
148,2021,Q1Q2,Brazil,venezuela,,relocate,2.0,1.0,yes,1,,,0,Agree,Disagree,0,0
149,2021,Q1Q2,Brazil,venezuela,mixed,dontknow,2.0,1.0,no,1,,,0,StronglyAgree,Undecided,0,0
150,2021,Q1Q2,Brazil,venezuela,,relocate,2.0,3.0,yes,1,yes,no,0,Agree,Undecided,0,0
151,2021,Q1Q2,Brazil,venezuela,mixed,stay,3.0,1.0,yes,1,,,0,StronglyAgree,Agree,1,0
152,2021,Q1Q2,Brazil,venezuela,mixed,stay,1.0,0.0,yes,1,,,0,,StronglyAgree,1,0
153,2021,Q1Q2,Brazil,venezuela,,relocate,2.0,3.0,no,1,yes,yes,0,,StronglyDisagree,0,0
154,2021,Q1Q2,Brazil,venezuela,mixed,stay,2.0,5.0,no,1,yes,dontknow,0,Agree,Disagree,0,0
155,2021,Q1Q2,Brazil,venezuela,mixed,stay,2.0,2.0,yes,1,yes,no,0,StronglyAgree,StronglyAgree,0,0
156,2021,Q1Q2,Brazil,venezuela,mixed,dontknow,3.0,0.0,yes,1,,,0,Disagree,StronglyAgree,1,0
157,2021,Q1Q2,Brazil,venezuela,,stay,1.0,0.0,yes,1,,,0,,Undecided,0,0
158,2021,Q1Q2,Brazil,venezuela,mixed,relocate,2.0,1.0,yes,1,,,0,,StronglyAgree,0,0
159,2021,Q1Q2,Brazil,venezuela,mixed,stay,4.0,0.0,no,1,,,0,Agree,StronglyAgree,1,0
160,2021,Q1Q2,Brazil,venezuela,,dontknow,2.0,1.0,yes,1,,,0,,Undecided,0,0
161,2021,Q1Q2,Brazil,venezuela,mixed,dontknow,1.0,0.0,no,1,,,0,,Disagree,0,0
162,2021,Q1Q2,Brazil,venezuela,mixed,dontknow,1.0,1.0,no,1,,,0,,StronglyDisagree,0,0
163,2021,Q1Q2,Brazil,venezuela,white,stay,3.0,2.0,yes,1,no,,0,,Disagree,0,0
164,2021,Q1Q2,Brazil,venezuela,,stay,2.0,3.0,yes,1,no,,0,Agree,StronglyAgree,1,0
165,2021,Q1Q2,Brazil,venezuela,mixed,stay,2.0,1.0,yes,1,yes,yes,0,Agree,Agree,1,0
166,2021,Q1Q2,Brazil,venezuela,black,stay,4.0,0.0,yes,1,,,0,StronglyAgree,StronglyAgree,0,0
167,2021,Q1Q2,Brazil,venezuela,white,stay,2.0,1.0,no,1,,,0,Agree,Disagree,0,0
168,2021,Q1Q2,Brazil,venezuela,mixed,relocate,4.0,4.0,yes,1,no,,0,StronglyAgree,StronglyAgree,0,0
169,2021,Q1Q2,Brazil,venezuela,mixed,stay,0.0,1.0,yes,1,yes,yes,0,StronglyAgree,StronglyAgree,0,0
170,2021,Q1Q2,Brazil,venezuela,white,stay,2.0,0.0,yes,1,,,0,,StronglyAgree,0,0
171,2021,Q1Q2,Brazil,venezuela,mixed,stay,3.0,3.0,no,1,no,,0,Agree,Disagree,0,0
172,2021,Q1Q2,Brazil,venezuela,mixed,stay,4.0,0.0,yes,1,,,0,,Disagree,0,0
173,2021,Q1Q2,Brazil,venezuela,,relocate,2.0,2.0,yes,1,yes,no,0,Agree,StronglyAgree,1,0
174,2021,Q1Q2,Brazil,venezuela,,dontknow,5.0,1.0,yes,1,yes,yes,0,Agree,StronglyAgree,0,0
175,2021,Q1Q2,Brazil,colombia,other,dontknow,5.0,2.0,yes,0,yes,yes,0,,StronglyAgree,0,0
176,2021,Q1Q2,Brazil,venezuela,mixed,relocate,5.0,1.0,yes,1,no,,0,Disagree,Agree,1,0
177,2021,Q1Q2,Brazil,venezuela,mixed,stay,2.0,0.0,yes,1,,,0,StronglyAgree,Undecided,0,0
178,2021,Q1Q2,Brazil,venezuela,,relocate,1.0,2.0,yes,1,no,,0,,StronglyDisagree,0,0
179,2021,Q1Q2,Brazil,venezuela,,dontknow,1.0,0.0,yes,1,,,0,Disagree,StronglyAgree,0,0
180,2021,Q1Q2,Brazil,venezuela,other,stay,2.0,1.0,yes,0,yes,no,0,StronglyAgree,Disagree,0,0
181,2021,Q1Q2,Brazil,venezuela,,relocate,2.0,3.0,yes,1,,,0,StronglyAgree,StronglyAgree,0,0
182,2021,Q1Q2,Brazil,venezuela,mixed,stay,5.0,6.0,yes,1,yes,yes,0,StronglyAgree,StronglyAgree,1,0
183,2021,Q1Q2,Brazil,venezuela,white,stay,2.0,1.0,yes,1,no,,0,,Disagree,0,0
184,2021,Q1Q2,Brazil,venezuela,other,relocate,1.0,2.0,no,0,yes,yes,0,StronglyAgree,Undecided,0,0
185,2021,Q1Q2,Brazil,venezuela,,dontknow,2.0,0.0,yes,1,,,0,,StronglyAgree,0,0
186,2021,Q1Q2,Brazil,venezuela,mixed,relocate,3.0,0.0,no,1,,,0,Agree,Disagree,0,0
187,2021,Q1Q2,Brazil,venezuela,white,stay,2.0,2.0,yes,1,no,,0,Agree,Undecided,0,0
188,2021,Q1Q2,Brazil,venezuela,mixed,stay,1.0,3.0,yes,1,yes,no,0,Agree,Agree,1,0
189,2021,Q1Q2,Brazil,venezuela,other,stay,4.0,2.0,yes,1,no,,0,StronglyAgree,StronglyAgree,1,0
190,2021,Q1Q2,Brazil,cuba,white,stay,2.0,0.0,yes,0,,,0,StronglyAgree,Agree,0,0
191,2021,Q1Q2,Brazil,venezuela,,relocate,1.0,0.0,yes,1,,,0,,StronglyAgree,0,0
192,2021,Q1Q2,Brazil,venezuela,mixed,stay,4.0,1.0,yes,1,,,0,StronglyAgree,Agree,0,0
193,2021,Q1Q2,Brazil,venezuela,white,stay,3.0,5.0,yes,1,yes,yes,0,,Disagree,0,0
194,2021,Q1Q2,Brazil,venezuela,mixed,stay,2.0,0.0,yes,1,,,0,Agree,StronglyAgree,0,0
195,2021,Q1Q2,Brazil,venezuela,mixed,dontknow,2.0,1.0,yes,0,yes,no,0,,StronglyDisagree,0,0
196,2021,Q1Q2,Brazil,venezuela,white,stay,3.0,0.0,yes,1,,,0,Agree,StronglyAgree,1,0
197,2021,Q1Q2,Brazil,venezuela,,relocate,1.0,0.0,yes,1,,,0,StronglyAgree,StronglyAgree,0,0
198,2021,Q1Q2,Brazil,venezuela,other,relocate,2.0,1.0,yes,1,yes,no,0,Disagree,StronglyDisagree,0,0
199,2021,Q1Q2,Brazil,venezuela,,stay,1.0,0.0,no,1,,,0,,Disagree,0,0
200,2021,Q1Q2,Brazil,other,black,stay,3.0,2.0,yes,1,yes,yes,0,StronglyAgree,StronglyAgree,0,0
201,2021,Q1Q2,Brazil,venezuela,mixed,stay,4.0,5.0,yes,0,dontknow,,0,,StronglyAgree,0,0
202,2021,Q1Q2,Brazil,venezuela,other,stay,2.0,3.0,no,1,yes,yes,0,,Agree,0,0
203,2021,Q1Q2,Brazil,venezuela,mixed,relocate,1.0,0.0,yes,1,,,0,Agree,Agree,1,0
204,2021,Q1Q2,Brazil,venezuela,mixed,relocate,1.0,0.0,yes,1,,,0,Agree,Disagree,0,0
205,2021,Q1Q2,Brazil,venezuela,mixed,dontknow,4.0,2.0,yes,1,no,,0,,StronglyAgree,1,0
206,2021,Q1Q2,Brazil,venezuela,white,stay,2.0,2.0,yes,1,yes,yes,0,Agree,Agree,0,0
207,2021,Q1Q2,Brazil,venezuela,other,dontknow,2.0,3.0,yes,1,yes,yes,0,Agree,Undecided,0,0
208,2021,Q1Q2,Brazil,venezuela,mixed,stay,1.0,1.0,yes,1,no,,0,,StronglyAgree,1,0
209,2021,Q1Q2,Brazil,venezuela,black,dontknow,6.0,3.0,no,1,no,,0,,Agree,1,0
210,2021,Q1Q2,Brazil,colombia,white,notell,1.0,0.0,yes,0,,,0,,Undecided,0,0
211,2021,Q1Q2,Brazil,venezuela,mixed,stay,3.0,0.0,yes,1,,,0,StronglyAgree,StronglyAgree,1,0
212,2021,Q1Q2,Brazil,venezuela,mixed,dontknow,2.0,0.0,yes,1,,,0,StronglyAgree,StronglyAgree,1,0
213,2021,Q1Q2,Brazil,venezuela,mixed,relocate,2.0,3.0,yes,1,no,,0,,StronglyAgree,1,0
214,2021,Q1Q2,Brazil,venezuela,white,relocate,2.0,2.0,yes,1,yes,no,0,StronglyAgree,Agree,0,0
215,2021,Q1Q2,Brazil,venezuela,mixed,relocate,2.0,0.0,yes,1,,,0,,StronglyAgree,0,0
216,2021,Q1Q2,Brazil,venezuela,mixed,stay,3.0,1.0,yes,0,yes,yes,0,StronglyAgree,StronglyAgree,0,0
217,2021,Q1Q2,Brazil,venezuela,mixed,stay,8.0,2.0,no,0,no,,0,StronglyAgree,StronglyAgree,0,0
218,2021,Q1Q2,Brazil,venezuela,other,stay,2.0,2.0,no,1,yes,yes,0,,Disagree,0,0
219,2021,Q1Q2,Brazil,venezuela,mixed,stay,2.0,0.0,no,1,,,0,,StronglyAgree,1,0
220,2021,Q1Q2,Brazil,venezuela,mixed,relocate,1.0,2.0,yes,1,no,,0,Disagree,StronglyAgree,0,0
221,2021,Q1Q2,Brazil,venezuela,other,dontknow,10.0,8.0,yes,1,yes,yes,0,StronglyAgree,StronglyAgree,1,0
222,2021,Q1Q2,Brazil,venezuela,black,stay,2.0,4.0,no,1,yes,yes,0,StronglyAgree,StronglyAgree,0,0
223,2021,Q1Q2,Brazil,venezuela,other,relocate,2.0,1.0,yes,1,no,,0,StronglyDisagree,Disagree,0,0
224,2021,Q1Q2,Brazil,venezuela,mixed,relocate,1.0,0.0,yes,1,,,0,StronglyAgree,StronglyAgree,0,0
225,2021,Q1Q2,Brazil,venezuela,other,relocate,2.0,5.0,yes,1,no,,0,StronglyAgree,StronglyAgree,0,0
226,2021,Q1Q2,Brazil,venezuela,mixed,dontknow,2.0,0.0,yes,1,,,0,,Undecided,0,0
227,2021,Q1Q2,Brazil,venezuela,,dontknow,3.0,1.0,yes,1,,,0,,Agree,1,0
228,2021,Q1Q2,Brazil,venezuela,mixed,relocate,3.0,1.0,no,1,yes,no,0,StronglyAgree,StronglyAgree,0,0
229,2021,Q1Q2,Brazil,venezuela,other,dontknow,7.0,8.0,yes,1,no,,0,,StronglyAgree,0,0
230,2021,Q1Q2,Brazil,venezuela,white,dontknow,3.0,2.0,no,1,yes,yes,0,,Agree,1,0
231,2021,Q1Q2,Brazil,venezuela,mixed,dontknow,4.0,0.0,yes,1,,,0,,StronglyAgree,1,0
232,2021,Q1Q2,Brazil,other,other,stay,0.0,0.0,yes,0,,,0,,StronglyAgree,0,0
233,2021,Q1Q2,Brazil,other,,stay,1.0,0.0,yes,0,,,0,StronglyAgree,Agree,0,0
234,2021,Q1Q2,Brazil,venezuela,white,dontknow,2.0,1.0,yes,1,no,,0,,Disagree,0,0
235,2021,Q1Q2,Brazil,venezuela,indigenous,dontknow,3.0,3.0,yes,1,no,,0,,Disagree,0,0
236,2021,Q1Q2,Brazil,venezuela,,,,,,0,,,0,,,0,0
237,2021,Q1Q2,Brazil,venezuela,mixed,stay,2.0,1.0,yes,1,,,0,StronglyAgree,StronglyAgree,1,0
238,2021,Q1Q2,Brazil,venezuela,black,stay,7.0,1.0,yes,1,yes,no,0,StronglyAgree,StronglyAgree,1,0
239,2021,Q1Q2,Brazil,venezuela,,relocate,2.0,1.0,yes,1,,,0,,Agree,0,0
240,2021,Q1Q2,Brazil,venezuela,other,stay,1.0,3.0,no,1,yes,no,0,,StronglyAgree,1,0
241,2021,Q1Q2,Brazil,venezuela,mixed,dontknow,5.0,0.0,yes,1,,,0,,Undecided,0,0
242,2021,Q1Q2,Brazil,venezuela,mixed,relocate,2.0,1.0,yes,0,no,,0,,StronglyAgree,0,0
243,2021,Q1Q2,Brazil,venezuela,white,stay,3.0,1.0,yes,1,no,,0,,StronglyAgree,0,0
244,2021,Q1Q2,Brazil,venezuela,black,stay,2.0,4.0,no,1,yes,yes,0,StronglyAgree,Disagree,0,0
245,2021,Q1Q2,Brazil,venezuela,other,relocate,2.0,1.0,yes,1,no,,0,,Agree,1,0
246,2021,Q1Q2,Brazil,,black,relocate,1.0,0.0,yes,1,,,0,Agree,Disagree,0,0
247,2021,Q1Q2,Brazil,venezuela,black,stay,2.0,4.0,yes,1,yes,no,0,,Undecided,0,0
248,2021,Q1Q2,Brazil,venezuela,mixed,relocate,0.0,3.0,no,1,yes,no,0,StronglyAgree,Agree,1,0
249,2021,Q1Q2,Brazil,venezuela,black,dontknow,1.0,2.0,yes,1,yes,yes,0,StronglyAgree,Undecided,0,0
250,2021,Q1Q2,Brazil,venezuela,,dontknow,2.0,5.0,yes,1,yes,no,0,StronglyAgree,Undecided,0,0
251,2021,Q1Q2,Brazil,venezuela,other,relocate,2.0,2.0,no,1,yes,no,0,,Undecided,0,0
252,2021,Q1Q2,Brazil,venezuela,mixed,stay,5.0,0.0,no,1,,,0,Agree,Agree,1,0
253,2021,Q1Q2,Brazil,venezuela,white,stay,1.0,3.0,yes,1,yes,no,0,,StronglyAgree,1,0
254,2021,Q1Q2,Brazil,venezuela,other,stay,2.0,2.0,yes,1,yes,no,0,StronglyAgree,Disagree,0,0
255,2021,Q1Q2,Brazil,venezuela,other,dontknow,2.0,2.0,yes,0,no,,0,,StronglyAgree,0,0
256,2021,Q1Q2,Brazil,venezuela,white,relocate,2.0,3.0,yes,1,yes,no,0,StronglyAgree,Disagree,0,0
257,2021,Q1Q2,Brazil,venezuela,other,relocate,2.0,2.0,no,1,yes,yes,0,Agree,Disagree,0,0
258,2021,Q1Q2,Brazil,venezuela,mixed,stay,6.0,5.0,no,1,yes,yes,0,StronglyAgree,Agree,0,0
259,2021,Q1Q2,Brazil,venezuela,,dontknow,1.0,1.0,no,1,yes,no,0,Agree,StronglyAgree,0,0
260,2021,Q1Q2,Brazil,venezuela,other,dontknow,2.0,2.0,no,1,yes,yes,0,Undecided,Undecided,0,0
261,2021,Q1Q2,Brazil,venezuela,mixed,dontknow,2.0,3.0,yes,1,yes,yes,0,StronglyAgree,StronglyAgree,1,0
262,2021,Q1Q2,Brazil,venezuela,other,stay,1.0,3.0,no,1,yes,no,0,,StronglyAgree,1,0
263,2021,Q1Q2,Brazil,venezuela,mixed,relocate,2.0,3.0,yes,1,yes,yes,0,Disagree,Agree,1,0
264,2021,Q1Q2,Brazil,venezuela,white,stay,2.0,0.0,yes,0,,,0,StronglyAgree,StronglyAgree,0,0
265,2021,Q1Q2,Brazil,venezuela,mixed,dontknow,1.0,0.0,yes,1,,,0,StronglyAgree,Agree,1,0
266,2021,Q1Q2,Brazil,venezuela,mixed,stay,2.0,0.0,yes,1,,,0,StronglyAgree,StronglyAgree,1,0
267,2021,Q1Q2,Brazil,venezuela,black,relocate,2.0,0.0,no,1,,,0,StronglyAgree,StronglyDisagree,0,0
268,2021,Q1Q2,Brazil,venezuela,black,relocate,3.0,0.0,yes,1,,,0,,Disagree,0,0
269,2021,Q1Q2,Brazil,venezuela,white,relocate,2.0,3.0,no,1,yes,yes,0,,Disagree,0,0
270,2021,Q1Q2,Brazil,venezuela,mixed,dontknow,2.0,1.0,no,1,no,,0,StronglyAgree,StronglyAgree,0,0
271,2021,Q1Q2,Brazil,venezuela,white,stay,4.0,1.0,no,1,,,0,StronglyAgree,StronglyAgree,1,0
272,2021,Q1Q2,Brazil,venezuela,mixed,relocate,1.0,0.0,yes,1,,,0,Disagree,StronglyAgree,1,0
273,2021,Q1Q2,Brazil,venezuela,white,dontknow,2.0,3.0,yes,1,yes,no,0,StronglyAgree,Agree,0,0
274,2021,Q1Q2,Brazil,other,black,stay,1.0,0.0,yes,1,,,0,,StronglyAgree,0,0
275,2021,Q1Q2,Brazil,other,other,stay,1.0,3.0,yes,0,yes,no,0,,Disagree,0,0
276,2021,Q1Q2,Brazil,venezuela,mixed,relocate,2.0,1.0,yes,1,yes,yes,0,,Disagree,0,0
277,2021,Q1Q2,Brazil,venezuela,other,dontknow,2.0,3.0,no,1,yes,yes,0,StronglyAgree,Undecided,0,0
278,2021,Q1Q2,Brazil,venezuela,indigenous,stay,2.0,3.0,yes,1,yes,no,0,StronglyAgree,Undecided,0,0
279,2021,Q1Q2,Brazil,venezuela,other,relocate,1.0,4.0,yes,1,no,,0,,StronglyAgree,1,0
280,2021,Q1Q2,Brazil,venezuela,mixed,dontknow,2.0,1.0,,0,,,0,Agree,Agree,1,0
281,2021,Q1Q2,Brazil,venezuela,,stay,2.0,3.0,yes,0,yes,no,0,StronglyAgree,Undecided,0,0
282,2021,Q1Q2,Brazil,venezuela,other,stay,3.0,3.0,yes,1,yes,yes,0,StronglyAgree,StronglyAgree,0,0
283,2021,Q1Q2,Brazil,venezuela,mixed,dontknow,2.0,1.0,no,1,yes,yes,0,Agree,Undecided,0,0
284,2021,Q1Q2,Brazil,venezuela,mixed,stay,3.0,2.0,no,1,yes,yes,0,StronglyAgree,StronglyAgree,1,0
285,2021,Q1Q2,Brazil,venezuela,mixed,relocate,1.0,0.0,no,1,,,0,Agree,StronglyAgree,0,0
286,2021,Q1Q2,Brazil,venezuela,other,stay,2.0,2.0,no,1,yes,yes,0,,Disagree,0,0
287,2021,Q1Q2,Brazil,venezuela,mixed,stay,5.0,3.0,no,0,yes,no,0,StronglyAgree,Agree,0,0
288,2021,Q1Q2,Brazil,venezuela,other,dontknow,6.0,1.0,no,1,yes,yes,0,StronglyAgree,Undecided,0,0
289,2021,Q1Q2,Brazil,venezuela,white,relocate,2.0,3.0,no,1,no,,0,StronglyAgree,StronglyAgree,0,0
290,2021,Q1Q2,Brazil,venezuela,white,relocate,2.0,2.0,no,1,yes,yes,0,,Agree,0,0
291,2021,Q1Q2,Brazil,venezuela,black,relocate,2.0,0.0,yes,1,,,0,StronglyAgree,StronglyAgree,1,0
292,2021,Q1Q2,Brazil,venezuela,mixed,relocate,2.0,1.0,yes,1,no,,0,,Disagree,0,0
293,2021,Q1Q2,Brazil,venezuela,mixed,stay,2.0,0.0,yes,1,,,0,Agree,Agree,1,0
294,2021,Q1Q2,Brazil,venezuela,mixed,relocate,2.0,2.0,yes,1,no,,0,,StronglyAgree,1,0
295,2021,Q1Q2,Brazil,venezuela,mixed,stay,1.0,1.0,yes,1,no,,0,,Agree,0,0
296,2021,Q1Q2,Brazil,venezuela,black,stay,2.0,3.0,yes,1,yes,no,0,StronglyAgree,StronglyAgree,1,0
297,2021,Q1Q2,Brazil,venezuela,indigenous,stay,5.0,1.0,yes,0,no,,0,StronglyAgree,StronglyAgree,0,0
298,2021,Q1Q2,Brazil,venezuela,mixed,stay,2.0,3.0,no,1,yes,yes,0,,StronglyDisagree,0,0
299,2021,Q1Q2,Brazil,venezuela,black,dontknow,2.0,3.0,yes,1,no,,0,,Disagree,0,0
300,2021,Q1Q2,Brazil,venezuela,mixed,dontknow,1.0,1.0,yes,1,no,,0,StronglyAgree,Undecided,0,0
301,2021,Q1Q2,Brazil,venezuela,black,relocate,2.0,4.0,yes,1,no,,0,,Agree,0,0
302,2021,Q1Q2,Brazil,venezuela,mixed,notell,1.0,1.0,yes,1,,,0,,Undecided,0,0
303,2021,Q1Q2,Brazil,venezuela,white,dontknow,0.0,1.0,yes,1,yes,no,0,Agree,StronglyAgree,0,0
304,2021,Q1Q2,Brazil,venezuela,other,dontknow,2.0,2.0,yes,1,yes,yes,0,StronglyDisagree,Agree,1,0
305,2021,Q1Q2,Brazil,,mixed,relocate,2.0,1.0,yes,1,yes,yes,0,Agree,Agree,1,0
306,2021,Q1Q2,Brazil,venezuela,other,stay,3.0,4.0,yes,1,yes,no,0,StronglyAgree,Agree,0,0
307,2021,Q1Q2,Brazil,venezuela,,relocate,3.0,1.0,yes,1,no,,0,,StronglyAgree,1,0
308,2021,Q1Q2,Brazil,venezuela,white,stay,3.0,2.0,yes,1,yes,no,0,,Undecided,0,0
309,2021,Q1Q2,Brazil,venezuela,mixed,dontknow,1.0,4.0,yes,1,no,,0,,StronglyAgree,0,0
310,2021,Q1Q2,Brazil,venezuela,mixed,relocate,2.0,1.0,no,1,,,0,,Agree,0,0
311,2021,Q1Q2,Brazil,venezuela,mixed,dontknow,4.0,2.0,yes,0,no,,0,StronglyAgree,Undecided,0,0
312,2021,Q1Q2,Brazil,venezuela,other,stay,2.0,3.0,yes,1,no,,0,,StronglyAgree,0,0
313,2021,Q1Q2,Brazil,venezuela,mixed,stay,7.0,4.0,yes,1,no,,0,Agree,Agree,0,0
314,2021,Q1Q2,Brazil,venezuela,,stay,2.0,0.0,no,1,,,0,,Disagree,0,0
315,2021,Q1Q2,Brazil,venezuela,indigenous,stay,4.0,4.0,yes,1,yes,Nainpersonclasses,0,StronglyAgree,StronglyAgree,0,0
316,2021,Q1Q2,Brazil,venezuela,mixed,stay,2.0,6.0,no,1,yes,no,0,StronglyAgree,StronglyAgree,0,0
317,2021,Q1Q2,Brazil,venezuela,mixed,stay,3.0,0.0,no,1,,,0,Agree,Disagree,0,0
318,2021,Q1Q2,Brazil,venezuela,mixed,relocate,1.0,2.0,yes,1,,,0,StronglyAgree,Agree,0,0
319,2021,Q1Q2,Brazil,venezuela,mixed,relocate,2.0,0.0,no,1,,,0,StronglyAgree,StronglyDisagree,0,0
320,2021,Q1Q2,Brazil,venezuela,other,stay,0.0,3.0,yes,1,no,,0,StronglyAgree,Agree,0,0
321,2021,Q1Q2,Brazil,venezuela,mixed,relocate,2.0,0.0,yes,0,,,0,Agree,Agree,1,0
322,2021,Q1Q2,Brazil,venezuela,mixed,relocate,3.0,0.0,no,1,,,0,Agree,Disagree,0,0
323,2021,Q1Q2,Brazil,venezuela,,stay,0.0,2.0,yes,1,,,0,Agree,StronglyDisagree,0,0
324,2021,Q1Q2,Brazil,venezuela,mixed,dontknow,4.0,6.0,no,1,yes,no,0,StronglyAgree,Undecided,0,0
325,2021,Q1Q2,Brazil,venezuela,other,stay,3.0,0.0,yes,1,,,0,,StronglyAgree,1,0
326,2021,Q1Q2,Brazil,venezuela,,dontknow,1.0,0.0,yes,1,,,0,,Undecided,0,0
327,2021,Q1Q2,Brazil,venezuela,other,stay,2.0,1.0,yes,1,,,0,StronglyAgree,StronglyAgree,1,0
328,2021,Q1Q2,Brazil,venezuela,mixed,dontknow,4.0,4.0,yes,1,no,,0,StronglyAgree,StronglyAgree,0,0
329,2021,Q1Q2,Brazil,venezuela,mixed,relocate,1.0,0.0,,1,,,0,,Agree,1,0
330,2021,Q1Q2,Brazil,venezuela,black,dontknow,2.0,5.0,yes,1,yes,no,0,Disagree,StronglyAgree,0,0
331,2021,Q1Q2,Brazil,venezuela,black,stay,3.0,4.0,yes,1,yes,yes,0,,Disagree,0,0
332,2021,Q1Q2,Brazil,venezuela,other,stay,1.0,1.0,no,1,yes,yes,0,,Agree,0,0
333,2021,Q1Q2,Brazil,venezuela,mixed,stay,6.0,1.0,no,1,,,0,,StronglyAgree,1,0
334,2021,Q1Q2,Brazil,venezuela,other,stay,2.0,4.0,yes,1,yes,no,0,,StronglyAgree,0,0
335,2021,Q1Q2,Brazil,venezuela,,relocate,1.0,0.0,yes,1,,,0,,StronglyAgree,0,0
336,2021,Q1Q2,Brazil,venezuela,mixed,relocate,1.0,0.0,no,1,,,0,,StronglyAgree,1,0
337,2021,Q1Q2,Brazil,venezuela,,relocate,2.0,1.0,yes,1,,,0,,StronglyDisagree,0,0
338,2021,Q1Q2,Brazil,venezuela,mixed,stay,2.0,0.0,yes,1,,,0,,Undecided,0,0
339,2021,Q1Q2,Brazil,venezuela,,dontknow,2.0,2.0,yes,0,yes,no,0,,Disagree,0,0
340,2021,Q1Q2,Brazil,venezuela,other,dontknow,2.0,1.0,no,1,yes,no,0,,Undecided,0,0
341,2021,Q1Q2,Brazil,venezuela,mixed,stay,2.0,2.0,yes,1,yes,yes,0,Agree,Agree,1,0
342,2021,Q1Q2,Brazil,venezuela,mixed,stay,4.0,1.0,yes,1,no,,0,,StronglyAgree,1,0
343,2021,Q1Q2,Brazil,venezuela,white,relocate,2.0,2.0,no,1,yes,yes,0,,Disagree,0,0
344,2021,Q1Q2,Brazil,venezuela,mixed,stay,2.0,1.0,yes,1,yes,yes,0,,StronglyDisagree,0,0
345,2021,Q1Q2,Brazil,venezuela,mixed,dontknow,2.0,3.0,yes,1,yes,no,0,Agree,Agree,1,0
346,2021,Q1Q2,Brazil,venezuela,,stay,3.0,1.0,no,1,yes,yes,0,,Disagree,0,0
347,2021,Q1Q2,Brazil,venezuela,black,stay,2.0,6.0,yes,1,yes,yes,0,,Disagree,0,0
348,2021,Q1Q2,Brazil,venezuela,,relocate,2.0,2.0,no,1,,,0,,StronglyAgree,1,0
349,2021,Q1Q2,Brazil,venezuela,mixed,stay,2.0,0.0,yes,1,,,0,StronglyAgree,StronglyAgree,0,0
350,2021,Q1Q2,Brazil,venezuela,other,relocate,1.0,2.0,,1,,,0,,,0,0
351,2021,Q1Q2,Brazil,venezuela,mixed,dontknow,2.0,2.0,yes,1,no,,0,Agree,Undecided,0,0
352,2021,Q1Q2,Brazil,venezuela,mixed,stay,2.0,4.0,yes,0,yes,no,0,Disagree,StronglyAgree,1,0
353,2021,Q1Q2,Brazil,venezuela,mixed,dontknow,2.0,1.0,yes,1,yes,yes,0,Agree,Disagree,0,0
354,2021,Q1Q2,Brazil,venezuela,black,stay,2.0,1.0,yes,1,,,0,StronglyAgree,Agree,1,0
355,2021,Q1Q2,Brazil,venezuela,white,stay,2.0,2.0,yes,1,no,,0,,StronglyAgree,1,0
356,2021,Q1Q2,Brazil,venezuela,,stay,2.0,0.0,yes,1,,,0,StronglyAgree,StronglyAgree,0,0
357,2021,Q1Q2,Brazil,venezuela,mixed,dontknow,2.0,3.0,yes,1,no,,0,,Agree,0,0
358,2021,Q1Q2,Brazil,venezuela,,relocate,2.0,1.0,yes,1,,,0,StronglyAgree,Agree,1,0
359,2021,Q1Q2,Brazil,venezuela,,relocate,2.0,2.0,yes,1,,,0,,Undecided,0,0
360,2021,Q1Q2,Brazil,venezuela,mixed,stay,2.0,3.0,no,1,yes,no,0,StronglyAgree,StronglyAgree,0,0
361,2021,Q1Q2,Brazil,venezuela,other,stay,2.0,3.0,yes,1,no,,0,StronglyAgree,Undecided,0,0
362,2021,Q1Q2,Brazil,venezuela,white,relocate,1.0,0.0,yes,1,,,0,Agree,Agree,0,0
363,2021,Q1Q2,Brazil,venezuela,black,stay,1.0,2.0,yes,1,,,0,StronglyAgree,StronglyDisagree,0,0
364,2021,Q1Q2,Brazil,venezuela,,dontknow,1.0,1.0,yes,0,,,0,,Agree,1,0
365,2021,Q1Q2,Brazil,venezuela,mixed,stay,0.0,2.0,yes,1,no,,0,,StronglyAgree,1,0
366,2021,Q1Q2,Brazil,venezuela,other,relocate,2.0,3.0,yes,1,yes,yes,0,Agree,Disagree,0,0
367,2021,Q1Q2,Brazil,venezuela,white,stay,2.0,1.0,no,1,,,0,StronglyAgree,StronglyAgree,0,0
368,2021,Q1Q2,Brazil,venezuela,white,dontknow,3.0,3.0,yes,1,yes,no,0,,StronglyAgree,0,0
369,2021,Q1Q2,Brazil,venezuela,,stay,2.0,1.0,,1,,,0,,,0,0
370,2021,Q1Q2,Brazil,venezuela,mixed,dontknow,2.0,1.0,yes,0,no,,0,,StronglyAgree,0,0
371,2021,Q1Q2,Brazil,venezuela,black,relocate,4.0,1.0,yes,1,no,,0,,StronglyAgree,0,0
372,2021,Q1Q2,Brazil,venezuela,mixed,stay,3.0,0.0,yes,1,,,0,StronglyAgree,StronglyAgree,1,0
373,2021,Q1Q2,Brazil,venezuela,mixed,stay,2.0,4.0,yes,1,no,,0,StronglyAgree,StronglyDisagree,0,0
374,2021,Q1Q2,Brazil,venezuela,indigenous,stay,3.0,0.0,yes,1,,,0,StronglyAgree,StronglyAgree,1,0
375,2021,Q1Q2,Brazil,venezuela,,relocate,1.0,0.0,yes,0,,,0,Agree,StronglyAgree,0,0
376,2021,Q1Q2,Brazil,venezuela,white,stay,2.0,2.0,yes,1,yes,no,0,Disagree,Agree,0,0
377,2021,Q1Q2,Brazil,venezuela,,notell,3.0,4.0,yes,0,notell,,0,,Undecided,0,0
378,2021,Q1Q2,Brazil,venezuela,white,relocate,4.0,1.0,yes,1,no,,0,StronglyAgree,Agree,0,0
379,2021,Q1Q2,Brazil,venezuela,black,stay,3.0,1.0,no,1,,,0,,StronglyAgree,1,0
380,2021,Q1Q2,Brazil,venezuela,mixed,stay,2.0,0.0,yes,1,,,0,Agree,StronglyAgree,1,0
381,2021,Q1Q2,Brazil,venezuela,mixed,relocate,2.0,1.0,yes,0,no,,0,,StronglyAgree,0,0
382,2021,Q1Q2,Brazil,venezuela,mixed,stay,2.0,1.0,yes,0,no,,0,,StronglyAgree,0,0
383,2021,Q1Q2,Brazil,venezuela,mixed,stay,3.0,1.0,yes,0,yes,no,0,StronglyAgree,StronglyAgree,1,0
384,2021,Q1Q2,Brazil,venezuela,white,stay,2.0,2.0,yes,1,no,,0,Agree,Undecided,0,0
385,2021,Q1Q2,Brazil,venezuela,white,stay,1.0,0.0,yes,1,,,0,StronglyAgree,Undecided,0,0
386,2021,Q1Q2,Brazil,venezuela,other,stay,3.0,1.0,no,1,,,0,StronglyAgree,Disagree,0,0
387,2021,Q1Q2,Brazil,venezuela,,stay,2.0,0.0,yes,1,,,0,,StronglyAgree,0,0
388,2021,Q1Q2,Brazil,venezuela,mixed,stay,2.0,0.0,,0,,,0,StronglyAgree,StronglyAgree,1,0
389,2021,Q1Q2,Brazil,venezuela,mixed,relocate,1.0,0.0,yes,1,,,0,Agree,StronglyAgree,1,0
390,2021,Q1Q2,Brazil,venezuela,,dontknow,1.0,0.0,yes,1,,,0,,Agree,0,0
391,2021,Q1Q2,Brazil,venezuela,mixed,relocate,4.0,1.0,yes,1,yes,no,0,StronglyAgree,StronglyAgree,1,0
392,2021,Q1Q2,Brazil,venezuela,mixed,dontknow,3.0,0.0,yes,1,,,0,,Agree,0,0
393,2021,Q1Q2,Brazil,venezuela,white,stay,2.0,2.0,yes,1,yes,yes,0,,Agree,0,0
394,2021,Q1Q2,Brazil,venezuela,mixed,relocate,3.0,0.0,yes,1,,,0,StronglyAgree,Disagree,0,0
395,2021,Q1Q2,Brazil,venezuela,mixed,stay,3.0,1.0,yes,1,yes,yes,0,Agree,StronglyAgree,0,0
396,2021,Q1Q2,Brazil,venezuela,other,stay,2.0,3.0,yes,1,yes,yes,0,Agree,Disagree,0,0
397,2021,Q1Q2,Brazil,venezuela,black,relocate,2.0,5.0,no,1,yes,yes,0,StronglyAgree,StronglyAgree,0,0
398,2021,Q1Q2,Brazil,venezuela,mixed,stay,2.0,3.0,no,1,yes,yes,0,Agree,StronglyAgree,0,0
399,2021,Q1Q2,Brazil,venezuela,,stay,2.0,0.0,no,1,,,0,,Disagree,0,0
400,2021,Q1Q2,Brazil,venezuela,mixed,stay,1.0,2.0,yes,1,,,0,StronglyAgree,Disagree,0,0
401,2021,Q1Q2,Brazil,venezuela,mixed,relocate,1.0,0.0,yes,1,,,0,,StronglyAgree,0,0
402,2021,Q1Q2,Brazil,venezuela,mixed,stay,1.0,3.0,yes,1,yes,yes,0,,Agree,1,0
403,2021,Q1Q2,Brazil,venezuela,,stay,2.0,1.0,yes,1,,,0,StronglyAgree,Disagree,0,0
404,2021,Q1Q2,Brazil,venezuela,mixed,stay,1.0,0.0,yes,0,,,0,,Agree,1,0
405,2021,Q1Q2,Brazil,venezuela,indigenous,stay,1.0,2.0,yes,1,no,,0,,Agree,0,0
406,2021,Q1Q2,Brazil,venezuela,mixed,dontknow,2.0,2.0,yes,1,yes,no,0,,StronglyAgree,1,0
407,2021,Q1Q2,Brazil,venezuela,other,dontknow,3.0,1.0,yes,1,yes,no,0,,StronglyAgree,1,0
408,2021,Q1Q2,Brazil,venezuela,mixed,stay,7.0,1.0,no,1,yes,yes,0,StronglyAgree,StronglyAgree,1,0
409,2021,Q1Q2,Brazil,venezuela,mixed,stay,0.0,1.0,yes,1,yes,yes,0,StronglyAgree,StronglyAgree,1,0
410,2021,Q1Q2,Brazil,other,black,stay,3.0,2.0,yes,1,yes,yes,0,StronglyAgree,Agree,0,0
411,2021,Q1Q2,Brazil,venezuela,,,,,,0,,,0,,,0,0
412,2021,Q1Q2,Brazil,venezuela,other,dontknow,2.0,1.0,no,1,,,0,StronglyAgree,Undecided,0,0
413,2021,Q1Q2,Brazil,venezuela,mixed,dontknow,2.0,2.0,yes,1,yes,yes,0,,StronglyAgree,1,0
414,2021,Q1Q2,Brazil,venezuela,,dontknow,0.0,1.0,yes,1,no,,0,Agree,StronglyDisagree,0,0
415,2021,Q1Q2,Brazil,venezuela,other,stay,4.0,3.0,yes,1,,,0,,Disagree,0,0
416,2021,Q1Q2,Brazil,venezuela,,dontknow,2.0,1.0,yes,1,yes,no,0,,StronglyAgree,1,0
417,2021,Q1Q2,Brazil,venezuela,other,stay,4.0,2.0,yes,1,no,,0,StronglyAgree,StronglyAgree,1,0
418,2021,Q1Q2,Brazil,venezuela,mixed,stay,2.0,2.0,no,1,yes,no,0,StronglyAgree,Agree,1,0
419,2021,Q1Q2,Brazil,venezuela,mixed,stay,4.0,1.0,yes,1,,,0,StronglyAgree,StronglyAgree,1,0
420,2021,Q1Q2,Brazil,venezuela,mixed,stay,2.0,3.0,yes,1,yes,no,0,Disagree,StronglyAgree,1,0
421,2021,Q1Q2,Brazil,venezuela,other,stay,1.0,1.0,yes,1,,,0,StronglyAgree,StronglyDisagree,0,0
422,2021,Q1Q2,Brazil,venezuela,mixed,dontknow,4.0,0.0,yes,1,,,0,,Disagree,0,0
423,2021,Q1Q2,Brazil,venezuela,black,dontknow,3.0,1.0,yes,1,no,,0,,Agree,0,0
424,2021,Q1Q2,Brazil,venezuela,other,stay,2.0,3.0,yes,1,yes,yes,0,Agree,Disagree,0,0
425,2021,Q1Q2,Brazil,venezuela,mixed,stay,1.0,0.0,no,1,,,0,,StronglyDisagree,0,0
426,2021,Q1Q2,Brazil,venezuela,,stay,2.0,3.0,yes,1,yes,no,0,StronglyAgree,StronglyAgree,1,0
427,2021,Q1Q2,Brazil,venezuela,black,stay,3.0,3.0,yes,1,no,,0,StronglyAgree,StronglyAgree,1,0
428,2021,Q1Q2,Brazil,venezuela,mixed,stay,3.0,3.0,no,1,yes,no,0,StronglyAgree,Agree,0,0
429,2021,Q1Q2,Brazil,venezuela,,dontknow,2.0,0.0,yes,1,,,0,,Agree,0,0
430,2021,Q1Q2,Brazil,venezuela,white,dontknow,2.0,2.0,yes,1,yes,yes,0,Agree,Agree,1,0
431,2021,Q1Q2,Brazil,venezuela,,,,,,0,,,0,,,0,0
432,2021,Q1Q2,Brazil,venezuela,mixed,stay,4.0,5.0,yes,0,dontknow,,0,,StronglyAgree,0,0
433,2021,Q1Q2,Brazil,venezuela,other,stay,2.0,1.0,yes,1,yes,no,0,Agree,Undecided,0,0
434,2021,Q1Q2,Brazil,venezuela,mixed,stay,5.0,2.0,yes,1,,,0,,Agree,0,0
435,2021,Q1Q2,Brazil,venezuela,,relocate,2.0,4.0,yes,0,no,,0,,StronglyDisagree,0,0
436,2021,Q1Q2,Brazil,venezuela,other,stay,4.0,1.0,yes,1,,,0,,StronglyAgree,1,0
437,2021,Q1Q2,Brazil,venezuela,,dontknow,2.0,4.0,,1,yes,no,0,,,0,0
438,2021,Q1Q2,Brazil,venezuela,mixed,dontknow,3.0,3.0,yes,1,yes,no,0,Agree,Disagree,0,0
439,2021,Q1Q2,Brazil,venezuela,mixed,relocate,1.0,0.0,yes,1,,,0,Agree,StronglyAgree,1,0
440,2021,Q1Q2,Brazil,colombia,black,stay,3.0,0.0,yes,1,,,0,,StronglyAgree,0,0
441,2021,Q1Q2,Brazil,venezuela,,relocate,2.0,2.0,yes,1,yes,yes,0,StronglyAgree,Agree,1,0
442,2021,Q1Q2,Brazil,venezuela,mixed,stay,2.0,1.0,yes,1,,,0,Agree,StronglyAgree,0,0
443,2021,Q1Q2,Brazil,venezuela,,dontknow,1.0,0.0,,1,,,0,,Agree,0,0
444,2021,Q1Q2,Brazil,venezuela,,relocate,2.0,2.0,,1,yes,no,0,StronglyAgree,StronglyDisagree,0,0
445,2021,Q1Q2,Brazil,venezuela,white,dontknow,4.0,2.0,yes,1,,,0,,StronglyAgree,1,0
446,2021,Q1Q2,Brazil,cuba,mixed,stay,1.0,1.0,yes,1,yes,yes,0,Agree,StronglyAgree,0,0
447,2021,Q1Q2,Brazil,venezuela,other,relocate,2.0,1.0,yes,1,,,0,Agree,Undecided,0,0
448,2021,Q1Q2,Brazil,venezuela,,relocate,2.0,2.0,yes,1,yes,no,0,,Disagree,0,0
449,2021,Q1Q2,Brazil,venezuela,mixed,relocate,3.0,4.0,no,1,no,,0,StronglyAgree,Disagree,0,0
450,2021,Q1Q2,Brazil,venezuela,mixed,stay,4.0,0.0,no,1,,,0,Agree,StronglyAgree,1,0
451,2021,Q1Q2,Brazil,venezuela,mixed,dontknow,4.0,0.0,yes,1,,,0,,StronglyAgree,1,0
452,2021,Q1Q2,Brazil,venezuela,mixed,relocate,2.0,2.0,yes,1,no,,0,,Agree,0,0
453,2021,Q1Q2,Brazil,venezuela,mixed,relocate,4.0,1.0,yes,1,,,0,StronglyAgree,StronglyAgree,1,0
454,2021,Q1Q2,Brazil,other,black,stay,3.0,2.0,yes,0,yes,no,0,,StronglyAgree,0,0
455,2021,Q1Q2,Brazil,venezuela,other,stay,3.0,4.0,yes,1,yes,yes,0,,StronglyAgree,1,0
456,2021,Q1Q2,Brazil,venezuela,other,stay,12.0,2.0,yes,1,no,,0,StronglyAgree,StronglyAgree,0,0
457,2021,Q1Q2,Brazil,venezuela,mixed,relocate,2.0,1.0,yes,1,yes,yes,0,Agree,Agree,0,0
458,2021,Q1Q2,Brazil,venezuela,black,relocate,3.0,1.0,no,1,no,,0,Agree,Disagree,0,0
459,2021,Q1Q2,Brazil,venezuela,black,relocate,2.0,1.0,yes,1,,,0,Agree,Agree,1,0
460,2021,Q1Q2,Brazil,venezuela,white,dontknow,2.0,1.0,yes,1,,,0,,StronglyAgree,0,0
461,2021,Q1Q2,Brazil,venezuela,mixed,dontknow,3.0,0.0,no,1,,,0,StronglyAgree,Agree,0,0
462,2021,Q1Q2,Brazil,other,other,relocate,0.0,0.0,yes,1,,,0,,StronglyAgree,0,0
463,2021,Q1Q2,Brazil,venezuela,mixed,relocate,1.0,0.0,yes,1,,,0,,StronglyAgree,0,0
464,2021,Q1Q2,Brazil,venezuela,black,relocate,2.0,5.0,yes,1,yes,yes,0,StronglyAgree,StronglyAgree,0,0
465,2021,Q1Q2,Brazil,venezuela,mixed,stay,2.0,2.0,no,1,yes,notell,0,StronglyAgree,StronglyAgree,0,0
466,2021,Q1Q2,Brazil,venezuela,black,relocate,2.0,3.0,yes,1,no,,0,,StronglyDisagree,0,0
467,2021,Q1Q2,Brazil,venezuela,mixed,stay,1.0,0.0,yes,1,,,0,,Disagree,0,0
468,2021,Q1Q2,Brazil,venezuela,mixed,stay,2.0,1.0,yes,1,,,0,,Agree,1,0
469,2021,Q1Q2,Brazil,venezuela,white,relocate,6.0,3.0,yes,1,no,,0,,StronglyAgree,0,0
470,2021,Q1Q2,Brazil,venezuela,mixed,dontknow,2.0,0.0,yes,0,,,0,,StronglyAgree,0,0
471,2021,Q1Q2,Brazil,venezuela,mixed,stay,1.0,2.0,yes,1,,,0,StronglyAgree,Agree,0,0
472,2021,Q1Q2,Brazil,venezuela,white,stay,2.0,2.0,yes,1,yes,no,0,StronglyAgree,Agree,1,0
473,2021,Q1Q2,Brazil,venezuela,black,dontknow,1.0,1.0,yes,1,yes,no,0,Agree,StronglyAgree,1,0
474,2021,Q1Q2,Brazil,venezuela,mixed,stay,4.0,5.0,yes,0,dontknow,,0,,StronglyAgree,0,0
475,2021,Q1Q2,Brazil,venezuela,mixed,dontknow,2.0,1.0,yes,1,no,,0,,Disagree,0,0
476,2021,Q1Q2,Brazil,venezuela,mixed,relocate,2.0,0.0,yes,1,,,0,StronglyAgree,StronglyAgree,1,0
477,2021,Q1Q2,Brazil,venezuela,black,stay,8.0,0.0,no,1,,,0,Agree,Disagree,0,0
478,2021,Q1Q2,Brazil,venezuela,other,relocate,2.0,2.0,,1,,,0,,Disagree,0,0
479,2021,Q1Q2,Brazil,venezuela,mixed,relocate,3.0,1.0,yes,1,yes,no,0,StronglyAgree,StronglyDisagree,0,0
480,2021,Q1Q2,Brazil,venezuela,other,stay,2.0,3.0,yes,0,yes,no,0,StronglyAgree,Disagree,0,0
481,2021,Q1Q2,Brazil,venezuela,white,stay,2.0,2.0,yes,1,no,,0,StronglyAgree,StronglyAgree,1,0
482,2021,Q1Q2,Brazil,venezuela,mixed,relocate,2.0,1.0,,1,,,0,,Disagree,0,0
483,2021,Q1Q2,Brazil,venezuela,,stay,2.0,1.0,yes,0,,,0,,Agree,1,0
484,2021,Q1Q2,Brazil,venezuela,other,dontknow,3.0,1.0,yes,1,,,0,,Undecided,0,0
485,2021,Q1Q2,Brazil,venezuela,other,stay,2.0,2.0,no,0,yes,no,0,,Agree,0,0
486,2021,Q1Q2,Brazil,cuba,mixed,relocate,5.0,1.0,yes,0,,,0,,Agree,0,0
487,2021,Q1Q2,Brazil,venezuela,white,relocate,1.0,2.0,yes,1,,,0,Agree,Agree,0,0
488,2021,Q1Q2,Brazil,venezuela,other,stay,2.0,3.0,yes,1,no,,0,StronglyAgree,StronglyAgree,0,0
489,2021,Q1Q2,Brazil,,black,relocate,1.0,0.0,yes,0,,,0,,StronglyAgree,0,0
490,2021,Q1Q2,Brazil,venezuela,mixed,stay,3.0,2.0,yes,1,yes,no,0,,Undecided,0,0
491,2021,Q1Q2,Brazil,venezuela,mixed,relocate,2.0,4.0,yes,1,yes,no,0,Agree,StronglyDisagree,0,0
492,2021,Q1Q2,Brazil,venezuela,mixed,dontknow,5.0,5.0,no,1,yes,no,0,Agree,Agree,0,0
493,2021,Q1Q2,Brazil,venezuela,other,dontknow,2.0,3.0,yes,1,yes,no,0,Agree,Agree,1,0
494,2021,Q1Q2,Brazil,venezuela,,stay,4.0,1.0,yes,1,notell,,0,StronglyAgree,Agree,0,0
495,2021,Q1Q2,Brazil,venezuela,,notell,3.0,4.0,yes,0,,,0,,Undecided,0,0
496,2021,Q1Q2,Brazil,venezuela,other,stay,2.0,1.0,no,1,yes,yes,0,Agree,Agree,1,0
497,2021,Q1Q2,Brazil,venezuela,black,stay,3.0,3.0,no,1,yes,yes,0,StronglyAgree,StronglyDisagree,0,0
498,2021,Q1Q2,Brazil,other,,,,,,0,,,0,,,0,0
499,2021,Q1Q2,Brazil,venezuela,mixed,relocate,2.0,0.0,no,1,,,0,StronglyAgree,Agree,1,0
500,2021,Q1Q2,Brazil,venezuela,,stay,2.0,0.0,yes,1,,,0,,StronglyDisagree,0,0
501,2021,Q1Q2,Brazil,venezuela,mixed,stay,2.0,4.0,yes,1,no,,0,StronglyAgree,StronglyDisagree,0,0
502,2021,Q1Q2,Brazil,venezuela,other,relocate,2.0,1.0,no,1,,,0,StronglyAgree,StronglyDisagree,0,0
503,2021,Q1Q2,Brazil,venezuela,white,relocate,2.0,3.0,yes,1,no,,0,,StronglyAgree,1,0
504,2021,Q1Q2,Brazil,venezuela,,stay,0.0,2.0,yes,1,yes,yes,0,Agree,StronglyDisagree,0,0
505,2021,Q1Q2,Brazil,venezuela,white,stay,1.0,0.0,no,1,,,0,,Disagree,0,0
506,2021,Q1Q2,Brazil,venezuela,mixed,relocate,2.0,6.0,yes,1,yes,yes,0,Agree,StronglyAgree,0,0
507,2021,Q1Q2,Brazil,venezuela,other,relocate,2.0,2.0,yes,1,yes,Nainpersonclasses,0,,Agree,0,0
508,2021,Q1Q2,Brazil,venezuela,white,relocate,2.0,2.0,yes,1,no,,0,Agree,Agree,0,0
509,2021,Q1Q2,Brazil,venezuela,,stay,1.0,1.0,yes,1,,,0,,Agree,0,0
510,2021,Q1Q2,Brazil,other,other,dontknow,1.0,0.0,,0,,,0,,Undecided,0,0
511,2021,Q1Q2,Brazil,venezuela,,relocate,1.0,1.0,yes,1,yes,no,0,StronglyAgree,StronglyAgree,1,0
512,2021,Q1Q2,Brazil,colombia,other,dontknow,1.0,1.0,yes,1,,,0,Agree,Agree,0,0
513,2021,Q1Q2,Brazil,other,,notell,0.0,0.0,yes,0,,,0,,Undecided,0,0
514,2021,Q1Q2,Brazil,venezuela,,relocate,2.0,0.0,no,1,,,0,,Undecided,0,0
515,2021,Q1Q2,Brazil,venezuela,,,,,,0,,,0,,,0,0
516,2021,Q1Q2,Brazil,venezuela,white,relocate,2.0,2.0,,1,yes,yes,0,StronglyAgree,Disagree,0,0
517,2021,Q1Q2,Brazil,venezuela,mixed,stay,2.0,0.0,no,1,,,0,StronglyAgree,Agree,0,0
518,2021,Q1Q2,Brazil,venezuela,mixed,stay,2.0,0.0,yes,1,,,0,Agree,Agree,0,0
519,2021,Q1Q2,Brazil,venezuela,black,stay,1.0,0.0,no,1,,,0,,Agree,1,0
520,2021,Q1Q2,Brazil,venezuela,mixed,relocate,4.0,2.0,yes,0,,,0,StronglyAgree,StronglyAgree,1,0
521,2021,Q1Q2,Brazil,venezuela,indigenous,stay,3.0,3.0,no,0,no,,0,Agree,Undecided,0,0
522,2021,Q1Q2,Brazil,venezuela,,relocate,6.0,4.0,yes,1,yes,yes,0,Agree,Disagree,0,0
523,2021,Q1Q2,Brazil,venezuela,mixed,stay,2.0,0.0,yes,1,,,0,,Undecided,0,0
524,2021,Q1Q2,Brazil,venezuela,mixed,stay,7.0,1.0,yes,1,,,0,StronglyAgree,Agree,1,0
525,2021,Q1Q2,Brazil,venezuela,mixed,stay,2.0,1.0,yes,0,yes,yes,0,StronglyAgree,StronglyAgree,0,0
526,2021,Q1Q2,Brazil,venezuela,white,dontknow,6.0,1.0,no,0,,,0,Agree,StronglyAgree,1,0
527,2021,Q1Q2,Brazil,venezuela,other,dontknow,1.0,1.0,yes,1,,,0,,Undecided,0,0
528,2021,Q1Q2,Brazil,venezuela,mixed,stay,1.0,1.0,no,1,yes,yes,0,StronglyAgree,StronglyAgree,1,0
529,2021,Q1Q2,Brazil,venezuela,other,relocate,2.0,2.0,no,1,no,,0,StronglyAgree,Agree,1,0
530,2021,Q1Q2,Brazil,venezuela,mixed,relocate,5.0,4.0,yes,0,yes,no,0,,StronglyAgree,1,0
531,2021,Q1Q2,Brazil,venezuela,mixed,stay,1.0,0.0,,0,,,0,,Disagree,0,0
532,2021,Q1Q2,Brazil,venezuela,black,relocate,6.0,6.0,yes,1,yes,no,0,Disagree,StronglyDisagree,0,0
533,2021,Q1Q2,Brazil,other,,,,,,0,,,0,,,0,0
534,2021,Q1Q2,Brazil,venezuela,mixed,stay,1.0,2.0,yes,1,,,0,,Agree,0,0
535,2021,Q1Q2,Brazil,venezuela,black,stay,2.0,3.0,yes,1,yes,no,0,StronglyAgree,StronglyAgree,1,0
536,2021,Q1Q2,Brazil,venezuela,,stay,2.0,0.0,yes,1,,,0,,StronglyAgree,1,0
537,2021,Q1Q2,Brazil,other,other,relocate,1.0,0.0,yes,1,,,0,,StronglyAgree,0,0
538,2021,Q1Q2,Brazil,venezuela,mixed,relocate,1.0,2.0,yes,1,yes,no,0,StronglyAgree,StronglyDisagree,0,0
539,2021,Q1Q2,Brazil,venezuela,white,relocate,2.0,1.0,yes,1,,,0,StronglyAgree,Disagree,0,0
540,2021,Q1Q2,Brazil,venezuela,black,stay,2.0,0.0,no,1,,,0,StronglyAgree,Disagree,0,0
541,2021,Q1Q2,Brazil,venezuela,mixed,relocate,2.0,0.0,yes,1,,,0,StronglyAgree,Agree,0,0
542,2021,Q1Q2,Brazil,venezuela,mixed,relocate,3.0,1.0,yes,1,no,,0,,StronglyAgree,1,0
543,2021,Q1Q2,Brazil,venezuela,mixed,relocate,3.0,1.0,yes,1,no,,0,Undecided,StronglyAgree,1,0
544,2021,Q1Q2,Brazil,venezuela,,stay,2.0,1.0,no,1,yes,no,0,Disagree,StronglyAgree,0,0
545,2021,Q1Q2,Brazil,venezuela,mixed,dontknow,2.0,0.0,no,1,,,0,Agree,Agree,1,0
546,2021,Q1Q2,Brazil,venezuela,black,relocate,5.0,4.0,yes,1,yes,no,0,StronglyAgree,Agree,0,0
547,2021,Q1Q2,Brazil,venezuela,mixed,stay,2.0,1.0,yes,0,,,0,Disagree,StronglyDisagree,0,0
548,2021,Q1Q2,Brazil,venezuela,indigenous,stay,2.0,4.0,no,1,no,,0,,StronglyAgree,1,0
549,2021,Q1Q2,Brazil,venezuela,mixed,dontknow,4.0,0.0,yes,1,,,0,,Agree,0,0
550,2021,Q1Q2,Brazil,venezuela,white,relocate,2.0,1.0,no,1,,,0,,StronglyAgree,1,0
551,2021,Q1Q2,Brazil,venezuela,mixed,relocate,3.0,1.0,yes,0,,,0,StronglyAgree,StronglyAgree,1,0
552,2021,Q1Q2,Brazil,venezuela,mixed,stay,5.0,1.0,no,1,no,,0,Undecided,Agree,1,0
553,2021,Q1Q2,Brazil,venezuela,mixed,dontknow,2.0,2.0,no,1,yes,yes,0,Agree,Agree,0,0
554,2021,Q1Q2,Brazil,venezuela,,dontknow,1.0,0.0,yes,1,,,0,Agree,Agree,0,0
555,2021,Q1Q2,Brazil,other,other,relocate,1.0,0.0,yes,1,,,0,,StronglyAgree,0,0
556,2021,Q1Q2,Brazil,venezuela,mixed,relocate,1.0,3.0,yes,1,no,,0,StronglyAgree,StronglyAgree,1,0
557,2021,Q1Q2,Brazil,venezuela,mixed,relocate,4.0,1.0,no,1,no,,0,,Disagree,0,0
558,2021,Q1Q2,Brazil,venezuela,mixed,dontknow,2.0,0.0,yes,1,,,0,StronglyAgree,Agree,1,0
559,2021,Q1Q2,Brazil,venezuela,other,relocate,2.0,1.0,no,0,,,0,,Undecided,0,0
560,2021,Q1Q2,Brazil,venezuela,,relocate,1.0,0.0,yes,1,,,0,StronglyAgree,StronglyAgree,0,0
561,2021,Q1Q2,Brazil,venezuela,mixed,stay,4.0,0.0,yes,1,,,0,Agree,Agree,0,0
562,2021,Q1Q2,Brazil,venezuela,mixed,stay,2.0,2.0,yes,1,yes,yes,0,,Agree,0,0
563,2021,Q1Q2,Brazil,venezuela,mixed,stay,5.0,2.0,yes,1,yes,yes,0,StronglyAgree,Undecided,0,0
564,2021,Q1Q2,Brazil,venezuela,white,stay,4.0,1.0,yes,1,,,0,,Undecided,0,0
565,2021,Q1Q2,Brazil,venezuela,other,dontknow,3.0,2.0,yes,1,yes,no,0,,Undecided,0,0
566,2021,Q1Q2,Brazil,venezuela,mixed,relocate,2.0,0.0,yes,1,,,0,Disagree,StronglyDisagree,0,0
567,2021,Q1Q2,Brazil,venezuela,,dontknow,1.0,0.0,yes,1,,,0,,StronglyAgree,1,0
568,2021,Q1Q2,Brazil,venezuela,,relocate,2.0,0.0,yes,1,,,0,,Agree,1,0
569,2021,Q1Q2,Brazil,venezuela,other,relocate,2.0,2.0,yes,1,,,0,StronglyAgree,Disagree,0,0
570,2021,Q1Q2,Brazil,venezuela,black,stay,1.0,2.0,no,1,yes,no,0,Agree,Disagree,0,0
571,2021,Q1Q2,Brazil,venezuela,,relocate,2.0,0.0,yes,1,,,0,Agree,StronglyAgree,0,0
572,2021,Q1Q2,Brazil,venezuela,mixed,relocate,4.0,0.0,yes,1,,,0,,Undecided,0,0
573,2021,Q1Q2,Brazil,venezuela,other,stay,3.0,1.0,yes,1,no,,0,,StronglyAgree,0,0
574,2021,Q1Q2,Brazil,venezuela,white,relocate,2.0,3.0,yes,1,,,0,StronglyAgree,StronglyAgree,1,0
575,2021,Q1Q2,Brazil,,,,,,,0,,,0,,,0,0
576,2021,Q1Q2,Brazil,venezuela,,notell,3.0,2.0,no,0,,,0,StronglyAgree,StronglyAgree,1,0
577,2021,Q1Q2,Brazil,venezuela,white,stay,2.0,0.0,yes,1,,,0,StronglyAgree,Agree,1,0
578,2021,Q1Q2,Brazil,venezuela,mixed,dontknow,1.0,3.0,yes,1,no,,0,Undecided,StronglyAgree,0,0
579,2021,Q1Q2,Brazil,venezuela,white,stay,2.0,0.0,no,1,,,0,Agree,Agree,1,0
580,2021,Q1Q2,Brazil,venezuela,white,relocate,1.0,0.0,yes,1,,,0,StronglyAgree,Agree,1,0
581,2021,Q1Q2,Brazil,venezuela,,relocate,4.0,2.0,yes,1,yes,yes,0,,Agree,0,0
582,2021,Q1Q2,Brazil,venezuela,mixed,stay,2.0,2.0,no,1,yes,no,0,StronglyAgree,Agree,1,0
583,2021,Q1Q2,Brazil,venezuela,white,relocate,2.0,1.0,yes,1,,,0,StronglyAgree,StronglyAgree,0,0
584,2021,Q1Q2,Brazil,venezuela,mixed,relocate,2.0,4.0,yes,1,no,,0,StronglyAgree,Agree,1,0
585,2021,Q1Q2,Brazil,venezuela,other,stay,2.0,2.0,yes,1,yes,no,0,Agree,StronglyAgree,1,0
586,2021,Q1Q2,Brazil,venezuela,other,stay,3.0,3.0,yes,1,yes,yes,0,,Agree,0,0
587,2021,Q1Q2,Brazil,venezuela,white,stay,5.0,2.0,yes,1,yes,no,0,,Disagree,0,0
588,2021,Q1Q2,Brazil,venezuela,white,stay,1.0,3.0,yes,0,yes,no,0,StronglyAgree,StronglyAgree,1,0
589,2021,Q1Q2,Brazil,venezuela,mixed,relocate,3.0,4.0,yes,1,no,,0,Disagree,StronglyDisagree,0,0
590,2021,Q1Q2,Brazil,venezuela,other,relocate,3.0,0.0,no,1,,,0,Undecided,Disagree,0,0
591,2021,Q1Q2,Brazil,venezuela,mixed,relocate,2.0,1.0,no,1,yes,no,0,Agree,Agree,0,0
592,2021,Q1Q2,Brazil,venezuela,mixed,stay,6.0,2.0,yes,0,,,0,Agree,Agree,1,0
593,2021,Q1Q2,Brazil,venezuela,other,dontknow,0.0,4.0,yes,0,yes,no,0,StronglyAgree,StronglyAgree,0,0
594,2021,Q1Q2,Brazil,venezuela,white,relocate,2.0,2.0,no,1,yes,yes,0,,Agree,0,0
595,2021,Q1Q2,Brazil,venezuela,white,stay,4.0,3.0,yes,0,yes,yes,0,StronglyAgree,StronglyAgree,1,0
596,2021,Q1Q2,Brazil,colombia,black,dontknow,5.0,2.0,yes,1,yes,yes,0,Agree,Undecided,0,0
597,2021,Q1Q2,Brazil,venezuela,mixed,dontknow,2.0,2.0,yes,1,no,,0,Disagree,StronglyAgree,1,0
598,2021,Q1Q2,Brazil,venezuela,,dontknow,2.0,2.0,yes,1,yes,yes,0,Agree,StronglyAgree,1,0
599,2021,Q1Q2,Brazil,venezuela,other,dontknow,5.0,0.0,yes,1,,,0,Agree,StronglyDisagree,0,0
600,2021,Q1Q2,Brazil,venezuela,mixed,stay,2.0,0.0,,1,,,0,,Disagree,0,0
601,2021,Q1Q2,Brazil,venezuela,mixed,dontknow,2.0,3.0,yes,1,yes,yes,0,StronglyAgree,StronglyAgree,1,0
602,2021,Q1Q2,Brazil,venezuela,mixed,dontknow,0.0,1.0,yes,1,no,,0,,Undecided,0,0
603,2021,Q1Q2,Brazil,venezuela,white,dontknow,3.0,0.0,yes,1,,,0,,Undecided,0,0
604,2021,Q1Q2,Brazil,cuba,mixed,dontknow,4.0,0.0,yes,0,,,0,,StronglyDisagree,0,0
605,2021,Q1Q2,Brazil,venezuela,white,stay,2.0,3.0,yes,1,yes,no,0,Agree,StronglyAgree,1,0
606,2021,Q1Q2,Brazil,venezuela,,stay,4.0,2.0,yes,1,yes,no,0,StronglyAgree,Disagree,0,0
607,2021,Q1Q2,Brazil,venezuela,mixed,stay,2.0,1.0,yes,1,,,0,Agree,Undecided,0,0
608,2021,Q1Q2,Brazil,venezuela,,dontknow,2.0,1.0,no,1,yes,no,0,,Disagree,0,0
609,2021,Q1Q2,Brazil,venezuela,white,dontknow,6.0,2.0,yes,1,yes,no,0,,StronglyAgree,1,0
610,2021,Q1Q2,Brazil,venezuela,mixed,relocate,2.0,1.0,no,1,,,0,Disagree,Disagree,0,0
611,2021,Q1Q2,Brazil,venezuela,mixed,dontknow,5.0,0.0,no,1,,,0,StronglyAgree,Undecided,0,0
612,2021,Q1Q2,Brazil,venezuela,mixed,stay,4.0,2.0,no,1,yes,yes,0,Agree,Disagree,0,0
613,2021,Q1Q2,Brazil,venezuela,white,dontknow,3.0,3.0,yes,1,yes,no,0,,StronglyAgree,0,0
614,2021,Q1Q2,Brazil,venezuela,other,stay,2.0,3.0,yes,1,no,,0,Agree,StronglyAgree,1,0
615,2021,Q1Q2,Brazil,other,mixed,stay,3.0,2.0,yes,1,no,,0,,Undecided,0,0
616,2021,Q1Q2,Brazil,venezuela,mixed,relocate,3.0,3.0,no,1,yes,yes,0,StronglyAgree,Agree,1,0
617,2021,Q1Q2,Brazil,venezuela,mixed,relocate,3.0,2.0,no,1,no,,0,StronglyAgree,Agree,0,0
618,2021,Q1Q2,Brazil,venezuela,indigenous,stay,1.0,2.0,yes,1,yes,yes,0,,StronglyAgree,0,0
619,2021,Q1Q2,Brazil,venezuela,black,relocate,1.0,1.0,no,1,no,,0,,Disagree,0,0
620,2021,Q1Q2,Brazil,venezuela,other,stay,2.0,0.0,yes,1,,,0,StronglyAgree,StronglyAgree,0,0
621,2021,Q1Q2,Brazil,venezuela,mixed,relocate,9.0,1.0,yes,1,no,,0,Agree,StronglyAgree,1,0
622,2021,Q1Q2,Brazil,venezuela,,,,,,0,,,0,,,0,0
623,2021,Q1Q2,Brazil,venezuela,other,stay,1.0,3.0,no,1,yes,no,0,,StronglyAgree,1,0
624,2021,Q1Q2,Brazil,venezuela,other,stay,4.0,1.0,yes,1,yes,yes,0,StronglyAgree,Agree,1,0
625,2021,Q1Q2,Brazil,venezuela,other,relocate,2.0,2.0,,1,no,,0,,Agree,0,0
626,2021,Q1Q2,Brazil,venezuela,other,stay,1.0,2.0,no,1,,,0,,Agree,0,0
627,2021,Q1Q2,Brazil,venezuela,white,relocate,2.0,1.0,no,1,yes,yes,0,StronglyAgree,StronglyAgree,1,0
628,2021,Q1Q2,Brazil,venezuela,black,stay,1.0,3.0,no,1,yes,yes,0,StronglyAgree,Undecided,0,0
629,2021,Q1Q2,Brazil,venezuela,mixed,relocate,1.0,0.0,yes,0,,,0,StronglyAgree,Disagree,0,0
630,2021,Q1Q2,Brazil,venezuela,black,dontknow,2.0,3.0,yes,1,no,,0,StronglyAgree,StronglyDisagree,0,0
631,2021,Q1Q2,Brazil,venezuela,other,relocate,4.0,4.0,yes,1,yes,yes,0,StronglyAgree,StronglyAgree,0,0
632,2021,Q1Q2,Brazil,venezuela,white,stay,9.0,5.0,yes,1,yes,yes,0,StronglyAgree,StronglyAgree,1,0
633,2021,Q1Q2,Brazil,venezuela,mixed,relocate,1.0,1.0,no,1,,,0,StronglyAgree,StronglyDisagree,0,0
634,2021,Q1Q2,Brazil,venezuela,,stay,2.0,1.0,,1,yes,no,0,Undecided,StronglyAgree,1,0
635,2021,Q1Q2,Brazil,venezuela,mixed,dontknow,2.0,1.0,,1,,,0,StronglyAgree,Disagree,0,0
636,2021,Q1Q2,Brazil,venezuela,other,dontknow,2.0,2.0,no,1,yes,yes,0,Undecided,Undecided,0,0
637,2021,Q1Q2,Brazil,venezuela,black,dontknow,5.0,2.0,yes,1,yes,no,0,Agree,StronglyAgree,1,0
638,2021,Q1Q2,Brazil,other,black,relocate,2.0,0.0,no,0,,,0,Agree,Undecided,0,0
639,2021,Q1Q2,Brazil,venezuela,other,relocate,2.0,1.0,yes,1,no,,0,,Agree,0,0
640,2021,Q1Q2,Brazil,venezuela,mixed,stay,1.0,3.0,,1,yes,yes,0,StronglyAgree,StronglyDisagree,0,0
641,2021,Q1Q2,Brazil,venezuela,other,stay,1.0,1.0,yes,1,no,,0,,Agree,1,0
642,2021,Q1Q2,Brazil,venezuela,mixed,stay,2.0,3.0,yes,1,yes,no,0,StronglyAgree,StronglyAgree,0,0
643,2021,Q1Q2,Brazil,venezuela,white,stay,1.0,2.0,yes,1,no,,0,Agree,StronglyAgree,0,0
644,2021,Q1Q2,Brazil,venezuela,mixed,relocate,2.0,3.0,yes,1,no,,0,,StronglyAgree,0,0
645,2021,Q1Q2,Brazil,venezuela,white,stay,1.0,0.0,yes,1,,,0,Agree,StronglyAgree,0,0
646,2021,Q1Q2,Brazil,venezuela,white,dontknow,2.0,1.0,yes,1,,,0,,Agree,1,0
647,2021,Q1Q2,Brazil,venezuela,mixed,dontknow,2.0,3.0,yes,1,no,,0,,StronglyAgree,1,0
648,2021,Q1Q2,Brazil,venezuela,other,relocate,2.0,2.0,no,1,yes,dontknow,0,StronglyAgree,Agree,1,0
649,2021,Q1Q2,Brazil,venezuela,mixed,stay,4.0,0.0,yes,1,,,0,,StronglyAgree,1,0
650,2021,Q1Q2,Brazil,venezuela,,stay,1.0,1.0,,1,,,0,,Agree,0,0
651,2021,Q1Q2,Brazil,venezuela,other,dontknow,3.0,4.0,yes,1,no,,0,StronglyAgree,StronglyAgree,1,0
652,2021,Q1Q2,Brazil,venezuela,black,dontknow,3.0,1.0,yes,1,no,,0,,Agree,0,0
653,2021,Q1Q2,Brazil,venezuela,indigenous,stay,8.0,6.0,yes,0,no,,0,,Disagree,0,0
654,2021,Q1Q2,Brazil,venezuela,mixed,stay,2.0,1.0,yes,1,,,0,Agree,Undecided,0,0
655,2021,Q1Q2,Brazil,venezuela,mixed,relocate,1.0,0.0,no,1,,,0,Agree,Agree,0,0
656,2021,Q1Q2,Brazil,venezuela,,relocate,2.0,2.0,yes,1,yes,yes,0,,Disagree,0,0
657,2021,Q1Q2,Brazil,venezuela,mixed,stay,2.0,2.0,yes,1,yes,no,0,StronglyAgree,Agree,1,0
658,2021,Q1Q2,Brazil,venezuela,mixed,stay,1.0,1.0,yes,1,no,,0,,StronglyDisagree,0,0
659,2021,Q1Q2,Brazil,venezuela,mixed,stay,0.0,2.0,yes,1,,,0,Agree,Undecided,0,0
660,2021,Q1Q2,Brazil,venezuela,mixed,dontknow,1.0,1.0,yes,0,yes,no,0,,StronglyAgree,1,0
661,2021,Q1Q2,Brazil,other,mixed,stay,4.0,0.0,yes,1,,,0,Agree,StronglyAgree,0,0
662,2021,Q1Q2,Brazil,venezuela,other,stay,2.0,3.0,yes,1,yes,yes,0,StronglyAgree,StronglyAgree,1,0
663,2021,Q1Q2,Brazil,venezuela,other,stay,3.0,2.0,no,0,no,,0,,Disagree,0,0
664,2021,Q1Q2,Brazil,venezuela,other,relocate,2.0,1.0,yes,1,no,,0,,Disagree,0,0
665,2021,Q1Q2,Brazil,venezuela,other,stay,2.0,2.0,no,1,no,,0,,Disagree,0,0
666,2021,Q1Q2,Brazil,venezuela,,dontknow,2.0,2.0,yes,1,,,0,,Agree,0,0
667,2021,Q1Q2,Brazil,venezuela,mixed,stay,2.0,0.0,yes,1,,,0,StronglyAgree,Undecided,0,0
668,2021,Q1Q2,Brazil,venezuela,black,relocate,2.0,0.0,no,1,,,0,StronglyAgree,StronglyDisagree,0,0
669,2021,Q1Q2,Brazil,venezuela,black,relocate,1.0,0.0,yes,1,,,0,Agree,Agree,0,0
670,2021,Q3,Brazil,venezuela,mixed,dontknow,,,yes,1,,,0,,Undecided,0,0
671,2021,Q3,Brazil,venezuela,other,stay,,,yes,1,,,0,,Agree,0,0
672,2021,Q3,Brazil,venezuela,other,relocate,,,,1,,,0,Agree,Agree,1,0
673,2021,Q3,Brazil,venezuela,mixed,dontknow,,,yes,1,,,0,,Agree,1,0
674,2021,Q3,Brazil,venezuela,mixed,stay,,,,1,no,,0,Agree,Disagree,0,0
675,2021,Q3,Brazil,venezuela,other,relocate,,,yes,1,yes,no,0,StronglyAgree,StronglyAgree,1,0
676,2021,Q3,Brazil,venezuela,mixed,stay,,,no,1,yes,yes,0,StronglyAgree,Undecided,0,0
677,2021,Q3,Brazil,venezuela,other,relocate,,,yes,1,,,0,,Disagree,0,0
678,2021,Q3,Brazil,venezuela,other,dontknow,,,yes,1,,,0,StronglyAgree,Undecided,0,0
679,2021,Q3,Brazil,venezuela,other,stay,,,,1,,,0,StronglyAgree,StronglyAgree,1,0
680,2021,Q3,Brazil,venezuela,mixed,relocate,,,no,1,no,,0,StronglyAgree,Disagree,0,0
681,2021,Q3,Brazil,venezuela,other,relocate,,,yes,1,yes,no,0,,Undecided,0,0
682,2021,Q3,Brazil,venezuela,mixed,dontknow,,,,1,,,0,,Disagree,0,0
683,2021,Q3,Brazil,venezuela,other,dontknow,,,yes,1,no,,0,StronglyAgree,StronglyAgree,0,0
684,2021,Q3,Brazil,,other,stay,,,yes,1,,,0,Disagree,Undecided,0,0
685,2021,Q3,Brazil,venezuela,other,relocate,,,yes,1,no,,0,,Undecided,0,0
686,2021,Q3,Brazil,venezuela,other,relocate,,,yes,1,,,0,Agree,Undecided,0,0
687,2021,Q3,Brazil,venezuela,other,relocate,,,,1,no,,0,Agree,Disagree,0,0
688,2021,Q3,Brazil,venezuela,other,relocate,,,yes,1,no,,0,,StronglyAgree,0,0
689,2021,Q3,Brazil,venezuela,,dontknow,,,no,1,yes,yes,0,,Undecided,0,0
690,2021,Q3,Brazil,venezuela,other,dontknow,,,yes,1,yes,no,0,StronglyAgree,Agree,1,0
691,2021,Q3,Brazil,,other,relocate,,,yes,1,,,0,,StronglyAgree,0,0
692,2021,Q3,Brazil,venezuela,other,dontknow,,,,1,yes,no,0,,,0,0
693,2021,Q3,Brazil,venezuela,,stay,,,yes,1,,,0,Agree,StronglyDisagree,0,0
694,2021,Q3,Brazil,venezuela,other,relocate,,,no,1,yes,yes,0,Agree,StronglyAgree,1,0
695,2021,Q3,Brazil,venezuela,,stay,,,yes,1,,,0,,StronglyAgree,1,0
696,2021,Q3,Brazil,venezuela,other,dontknow,,,yes,1,yes,no,0,,StronglyAgree,0,0
697,2021,Q3,Brazil,venezuela,other,relocate,,,yes,1,,,0,,Disagree,0,0
698,2021,Q3,Brazil,venezuela,mixed,relocate,,,yes,1,,,0,,StronglyAgree,1,0
699,2021,Q3,Brazil,venezuela,other,stay,,,no,0,,,0,,Agree,0,0
700,2021,Q3,Brazil,venezuela,,relocate,,,yes,1,no,,0,,Disagree,0,0
701,2021,Q3,Brazil,venezuela,other,relocate,,,,0,yes,no,0,,,0,0
702,2021,Q3,Brazil,venezuela,other,stay,,,yes,1,yes,Nainpersonclasses,0,,Undecided,0,0
703,2021,Q3,Brazil,venezuela,,relocate,,,yes,1,yes,no,0,Agree,Agree,1,0
704,2021,Q3,Brazil,venezuela,,stay,,,yes,1,no,,0,Agree,StronglyDisagree,0,0
705,2021,Q3,Brazil,venezuela,other,stay,,,yes,1,,,0,,Undecided,0,0
706,2021,Q3,Brazil,venezuela,other,dontknow,,,yes,1,yes,yes,0,,StronglyAgree,1,0
707,2021,Q3,Brazil,venezuela,other,relocate,,,yes,1,,,0,Agree,Disagree,0,0
708,2021,Q3,Brazil,venezuela,,relocate,,,yes,1,,,0,StronglyAgree,Agree,1,0
709,2021,Q3,Brazil,venezuela,mixed,stay,,,yes,1,yes,no,0,Agree,Agree,0,0
710,2021,Q3,Brazil,venezuela,other,notell,,,yes,0,yes,Nainpersonclasses,0,StronglyAgree,Undecided,0,0
711,2021,Q3,Brazil,venezuela,mixed,stay,,,yes,0,yes,no,0,StronglyAgree,Undecided,0,0
712,2021,Q3,Brazil,venezuela,mixed,stay,,,yes,1,,,0,Agree,StronglyAgree,0,0
713,2021,Q3,Brazil,venezuela,other,relocate,,,yes,1,no,,0,,Disagree,0,0
714,2021,Q3,Brazil,venezuela,mixed,relocate,,,yes,1,no,,0,StronglyAgree,Undecided,0,0
715,2021,Q3,Brazil,venezuela,other,relocate,,,,1,,,0,Undecided,Disagree,0,0
716,2021,Q3,Brazil,venezuela,other,stay,,,yes,1,yes,yes,0,StronglyAgree,StronglyAgree,1,0
717,2021,Q3,Brazil,venezuela,,stay,,,yes,1,,,0,StronglyAgree,StronglyDisagree,0,0
718,2021,Q3,Brazil,venezuela,other,stay,,,no,1,yes,no,0,StronglyAgree,Undecided,0,0
719,2021,Q3,Brazil,venezuela,mixed,stay,,,yes,1,yes,no,0,Agree,StronglyAgree,1,0
720,2021,Q3,Brazil,venezuela,other,stay,,,,1,yes,no,0,,Disagree,0,0
721,2021,Q3,Brazil,venezuela,other,stay,,,yes,1,,,0,,Undecided,0,0
722,2021,Q3,Brazil,venezuela,,,,,,0,,,0,,,0,0
723,2021,Q3,Brazil,venezuela,mixed,dontknow,,,yes,1,yes,no,0,StronglyAgree,Agree,1,0
724,2021,Q3,Brazil,venezuela,mixed,relocate,,,,1,,,0,Agree,Undecided,0,0
725,2021,Q3,Brazil,venezuela,mixed,dontknow,,,yes,0,yes,Nainpersonclasses,0,,StronglyAgree,0,0
726,2021,Q3,Brazil,venezuela,other,stay,,,,0,,,0,,Disagree,0,0
727,2021,Q3,Brazil,venezuela,,dontknow,,,yes,1,,,0,StronglyAgree,StronglyAgree,1,0
728,2021,Q3,Brazil,venezuela,,stay,,,yes,1,yes,no,0,StronglyAgree,Undecided,0,0
729,2021,Q3,Brazil,venezuela,other,relocate,,,yes,1,no,,0,,Undecided,0,0
730,2021,Q3,Brazil,venezuela,mixed,dontknow,,,yes,1,,,0,StronglyAgree,StronglyAgree,0,0
731,2021,Q3,Brazil,venezuela,other,stay,,,yes,1,,,0,StronglyAgree,Disagree,0,0
732,2021,Q3,Brazil,venezuela,other,stay,,,,1,yes,no,0,Agree,Agree,1,0
733,2021,Q3,Brazil,venezuela,other,stay,,,,1,yes,yes,0,StronglyAgree,StronglyAgree,0,0
734,2021,Q3,Brazil,venezuela,mixed,stay,,,no,1,yes,no,0,Agree,Undecided,0,0
735,2021,Q3,Brazil,venezuela,other,relocate,,,yes,1,,,0,StronglyAgree,Agree,0,0
736,2021,Q3,Brazil,venezuela,other,stay,,,yes,1,notell,,0,Agree,StronglyDisagree,0,0
737,2021,Q3,Brazil,venezuela,mixed,stay,,,yes,1,yes,no,0,Agree,Disagree,0,0
738,2021,Q3,Brazil,,,relocate,,,yes,1,,,0,,StronglyAgree,0,0
739,2021,Q3,Brazil,venezuela,mixed,relocate,,,yes,1,no,,0,Agree,Disagree,0,0
740,2021,Q3,Brazil,venezuela,mixed,dontknow,,,yes,1,yes,yes,0,,StronglyAgree,0,0
741,2021,Q3,Brazil,venezuela,other,stay,,,yes,1,no,,0,,Undecided,0,0
742,2021,Q3,Brazil,venezuela,mixed,stay,,,yes,1,no,,0,StronglyAgree,StronglyAgree,1,0
743,2021,Q3,Brazil,venezuela,other,stay,,,,1,,,0,,Undecided,0,0
744,2021,Q3,Brazil,venezuela,mixed,stay,,,,1,yes,yes,0,StronglyAgree,StronglyAgree,1,0
745,2021,Q3,Brazil,venezuela,other,dontknow,,,yes,1,no,,0,,StronglyDisagree,0,0
746,2021,Q3,Brazil,venezuela,mixed,relocate,,,no,0,yes,yes,0,Agree,Undecided,0,0
747,2021,Q3,Brazil,venezuela,other,relocate,,,yes,1,yes,no,0,StronglyAgree,StronglyAgree,0,0
748,2021,Q3,Brazil,venezuela,mixed,stay,,,yes,0,,,0,,Undecided,0,0
749,2021,Q3,Brazil,venezuela,other,stay,,,yes,1,yes,Nainpersonclasses,0,StronglyAgree,Undecided,0,0
750,2021,Q3,Brazil,,other,dontknow,,,yes,0,yes,yes,0,,StronglyAgree,0,0
751,2021,Q3,Brazil,venezuela,mixed,stay,,,yes,1,yes,no,0,,Undecided,0,0
752,2021,Q3,Brazil,venezuela,other,stay,,,yes,1,yes,no,0,StronglyAgree,StronglyAgree,1,0
753,2021,Q3,Brazil,venezuela,mixed,stay,,,yes,1,yes,yes,0,Agree,Agree,1,0
754,2021,Q3,Brazil,venezuela,mixed,stay,,,no,0,,,0,StronglyAgree,StronglyAgree,0,0
755,2021,Q3,Brazil,venezuela,other,relocate,,,yes,0,,,0,,StronglyAgree,0,0
756,2021,Q3,Brazil,venezuela,mixed,stay,,,yes,1,yes,yes,0,Agree,StronglyAgree,1,0
757,2021,Q3,Brazil,venezuela,mixed,stay,,,yes,1,yes,yes,0,Agree,StronglyAgree,1,0
758,2021,Q3,Brazil,venezuela,mixed,stay,,,yes,1,,,0,StronglyAgree,StronglyDisagree,0,0
759,2021,Q3,Brazil,venezuela,mixed,stay,,,yes,1,yes,yes,0,,Agree,1,0
760,2021,Q3,Brazil,venezuela,mixed,stay,,,,1,no,,0,,Disagree,0,0
761,2021,Q3,Brazil,venezuela,,relocate,,,yes,1,yes,no,0,StronglyAgree,Undecided,0,0
762,2021,Q3,Brazil,venezuela,other,stay,,,no,0,yes,no,0,StronglyAgree,Undecided,0,0
763,2021,Q3,Brazil,venezuela,mixed,dontknow,,,no,1,yes,yes,0,,Agree,1,0
764,2021,Q3,Brazil,venezuela,other,dontknow,,,yes,1,yes,no,0,StronglyAgree,Agree,1,0
765,2021,Q3,Brazil,venezuela,mixed,stay,,,no,1,yes,no,0,Disagree,StronglyAgree,1,0
766,2021,Q3,Brazil,venezuela,mixed,relocate,,,yes,1,no,,0,,StronglyDisagree,0,0
767,2021,Q3,Brazil,venezuela,mixed,stay,,,no,1,yes,no,0,StronglyAgree,Undecided,0,0
768,2021,Q3,Brazil,venezuela,other,stay,,,no,1,yes,Nainpersonclasses,0,,Disagree,0,0
769,2021,Q3,Brazil,venezuela,,stay,,,yes,1,yes,yes,0,StronglyAgree,StronglyAgree,1,0
770,2021,Q3,Brazil,venezuela,mixed,stay,,,yes,1,no,,0,Agree,Agree,0,0
771,2021,Q3,Brazil,venezuela,mixed,dontknow,,,yes,1,yes,yes,0,StronglyAgree,Agree,1,0
772,2021,Q3,Brazil,venezuela,other,stay,,,no,1,yes,no,0,StronglyAgree,Undecided,0,0
773,2021,Q3,Brazil,venezuela,mixed,stay,,,no,1,no,,0,,Disagree,0,0
774,2021,Q3,Brazil,venezuela,other,dontknow,,,yes,1,,,0,,Disagree,0,0
775,2021,Q3,Brazil,,,stay,,,yes,1,yes,yes,0,Agree,Agree,0,0
776,2021,Q3,Brazil,venezuela,other,stay,,,no,1,yes,Nainpersonclasses,0,,Disagree,0,0
777,2021,Q3,Brazil,venezuela,other,dontknow,,,yes,1,yes,no,0,,StronglyAgree,1,0
778,2021,Q3,Brazil,venezuela,other,dontknow,,,yes,0,yes,yes,0,StronglyAgree,StronglyAgree,0,0
779,2021,Q3,Brazil,venezuela,,dontknow,,,yes,1,,,0,StronglyAgree,StronglyAgree,1,0
780,2021,Q3,Brazil,venezuela,mixed,stay,,,yes,1,yes,yes,0,,Disagree,0,0
781,2021,Q3,Brazil,venezuela,mixed,stay,,,yes,1,yes,yes,0,,StronglyAgree,0,0
782,2021,Q3,Brazil,venezuela,other,stay,,,no,1,yes,no,0,StronglyAgree,Undecided,0,0
783,2021,Q3,Brazil,venezuela,other,stay,,,yes,1,,,0,,StronglyAgree,1,0
784,2021,Q3,Brazil,,other,relocate,,,yes,1,,,0,,StronglyAgree,0,0
785,2021,Q3,Brazil,venezuela,other,stay,,,no,0,,,0,StronglyAgree,StronglyAgree,0,0
786,2021,Q3,Brazil,venezuela,other,stay,,,no,1,yes,Nainpersonclasses,0,StronglyAgree,Agree,1,0
787,2021,Q3,Brazil,venezuela,other,stay,,,no,1,,,0,,StronglyDisagree,0,0
788,2021,Q3,Brazil,venezuela,,stay,,,yes,1,yes,no,0,Agree,Agree,0,0
789,2021,Q3,Brazil,venezuela,other,dontknow,,,yes,1,,,0,,StronglyDisagree,0,0
790,2021,Q3,Brazil,venezuela,mixed,stay,,,no,1,yes,no,0,Agree,Disagree,0,0
791,2021,Q3,Brazil,venezuela,,stay,,,yes,1,,,0,Agree,Agree,1,0
792,2021,Q3,Brazil,venezuela,,relocate,,,yes,1,,,0,,StronglyAgree,0,0
793,2021,Q3,Brazil,venezuela,other,stay,,,no,0,,,0,StronglyAgree,StronglyAgree,1,0
794,2021,Q3,Brazil,venezuela,other,stay,,,yes,1,,,0,StronglyAgree,StronglyAgree,1,0
795,2021,Q3,Brazil,venezuela,,stay,,,yes,1,notell,,0,Agree,Undecided,0,0
796,2021,Q3,Brazil,venezuela,other,dontknow,,,yes,1,no,,0,Undecided,Agree,1,0
797,2021,Q3,Brazil,venezuela,mixed,stay,,,,1,,,0,StronglyAgree,StronglyDisagree,0,0
798,2021,Q3,Brazil,venezuela,,stay,,,yes,1,yes,yes,0,Agree,Disagree,0,0
799,2021,Q3,Brazil,venezuela,,stay,,,yes,1,,,0,,Disagree,0,0
800,2021,Q3,Brazil,venezuela,other,stay,,,yes,1,yes,no,0,,Disagree,0,0
801,2021,Q3,Brazil,,other,stay,,,yes,0,no,,0,StronglyAgree,StronglyAgree,1,0
802,2021,Q3,Brazil,venezuela,mixed,stay,,,yes,1,yes,Nainpersonclasses,0,Agree,Agree,1,0
803,2021,Q3,Brazil,venezuela,other,relocate,,,yes,1,,,0,StronglyAgree,StronglyAgree,1,0
804,2021,Q3,Brazil,venezuela,other,dontknow,,,no,1,yes,no,0,,Undecided,0,0
805,2021,Q3,Brazil,venezuela,,stay,,,yes,1,,,0,StronglyAgree,StronglyDisagree,0,0
806,2021,Q3,Brazil,venezuela,,dontknow,,,yes,1,no,,0,,StronglyAgree,0,0
807,2021,Q3,Brazil,,other,relocate,,,yes,1,,,0,,StronglyAgree,0,0
808,2021,Q3,Brazil,venezuela,other,notell,,,yes,1,yes,yes,0,,Agree,0,0
809,2021,Q3,Brazil,venezuela,,stay,,,yes,0,,,0,StronglyAgree,StronglyAgree,1,0
810,2021,Q3,Brazil,venezuela,mixed,stay,,,,1,yes,yes,0,StronglyAgree,Disagree,0,0
811,2021,Q3,Brazil,venezuela,,stay,,,yes,1,,,0,StronglyAgree,StronglyDisagree,0,0
812,2021,Q3,Brazil,venezuela,other,relocate,,,,0,,,0,,,0,0
813,2021,Q3,Brazil,venezuela,mixed,dontknow,,,yes,1,yes,no,0,StronglyAgree,Agree,1,0
814,2021,Q3,Brazil,venezuela,other,stay,,,no,0,,,0,StronglyAgree,StronglyAgree,0,0
815,2021,Q3,Brazil,venezuela,mixed,stay,,,no,1,,,0,,Disagree,0,0
816,2021,Q3,Brazil,venezuela,other,stay,,,yes,1,yes,no,0,,Disagree,0,0
