year,CountryOfAsylum,nationality,ethnicity,intentionmove,TotalAdult,TotalMinor,AppliedRefugee,documentation_id,Childinschool,Childvirtualed,Childwhynotschool_nodocs,Childwhynotschool_nomoney,Childwhynotschool_failedschool,Childwhynotschool_childwork,Childwhynotschool_fearschool,Childwhynotschool_disease,Childwhynotschool_disability,Childwhynotschool_helphome,Childwhynotschool_other,Childwhynotschool_noschools,Childwhynotschool_nointerest,Childwhynotschool_pregnancy,Childwhynotschool_nospot,Childwhynotschool_notransport,Childwhynotschool_discrimnation,Childwhynotschool_discrimethnic,Childwhynotschool_finished,Childwhynotschool_recentlyarrive,Childwhynotschool_intransit,Childwhynotschool_noinfo,Childwhynotschool_toolate,disabilityacc_disabilityserv,medicalReceived,RiskYes,RiskReturn_medical,RiskStay_medical,whynotMedical_nomoney,whynotMedical_noinsurance,whynotMedical_noID,whynotMedical_noinfo,whynotMedical_feararrested,whynotMedical_distance,whynotMedical_notavailable,whynotMedical_denied
2021,Panama,nicaragua,,dontknow,1.0,0.0,yes,0,,,0,0,0,0,0,0,0,0,0,0,0,0,0,0,0,0,0,0,0,0,0,0,StronglyAgree,StronglyAgree,0,0,0,0,0,0,0,0,0,0
2021,Panama,other,,stay,1.0,0.0,yes,0,,,0,0,0,0,0,0,0,0,0,0,0,0,0,0,0,0,0,0,0,0,0,0,,StronglyAgree,1,0,0,0,0,0,0,0,0,0
2021,Panama,colombia,,stay,2.0,2.0,yes,1,yes,yes,0,0,0,0,0,0,0,0,0,0,0,0,0,0,0,0,0,0,0,0,0,0,StronglyAgree,Agree,0,0,0,0,0,0,0,0,0,0
2021,Panama,colombia,,stay,1.0,1.0,yes,1,,,0,0,0,0,0,0,0,0,0,0,0,0,0,0,0,0,0,0,0,0,0,0,StronglyAgree,StronglyAgree,0,0,0,0,0,0,0,0,0,0
2021,Panama,nicaragua,,stay,1.0,0.0,yes,1,,,0,0,0,0,0,0,0,0,0,0,0,0,0,0,0,0,0,0,0,0,0,0,,StronglyAgree,0,0,0,0,0,0,0,0,0,0
2021,Panama,venezuela,,stay,2.0,2.0,yes,1,yes,no,0,0,0,0,0,0,0,0,0,0,0,0,0,0,0,0,0,0,0,0,0,0,StronglyAgree,Undecided,0,0,0,0,0,0,0,0,0,0
2021,Panama,colombia,,stay,2.0,1.0,yes,1,no,,1,0,0,0,0,0,0,0,0,0,0,0,0,0,0,0,0,0,0,0,0,0,StronglyAgree,StronglyAgree,1,0,0,0,0,0,0,0,0,0
2021,Panama,nicaragua,,stay,1.0,0.0,yes,1,,,0,0,0,0,0,0,0,0,0,0,0,0,0,0,0,0,0,0,0,0,0,0,StronglyAgree,StronglyAgree,0,0,0,0,0,0,0,0,0,0
2021,Panama,nicaragua,,stay,1.0,0.0,yes,0,,,0,0,0,0,0,0,0,0,0,0,0,0,0,0,0,0,0,0,0,0,0,0,StronglyAgree,Agree,1,0,0,0,0,0,0,0,0,0
2021,Panama,nicaragua,,stay,2.0,0.0,yes,1,,,0,0,0,0,0,0,0,0,0,0,0,0,0,0,0,0,0,0,0,0,0,0,,StronglyAgree,1,0,1,0,0,0,0,0,0,0
2021,Panama,nicaragua,,stay,4.0,,yes,1,yes,no,0,0,0,0,0,0,0,0,0,0,0,0,0,0,0,0,0,0,0,0,0,0,StronglyAgree,StronglyAgree,1,0,0,0,0,0,0,0,0,0
2021,Panama,nicaragua,,relocate,3.0,0.0,yes,1,,,0,0,0,0,0,0,0,0,0,0,0,0,0,0,0,0,0,0,0,0,0,0,Disagree,StronglyAgree,0,0,0,1,0,0,0,0,0,1
2021,Panama,nicaragua,,stay,1.0,0.0,yes,1,,,0,0,0,0,0,0,0,0,0,0,0,0,0,0,0,0,0,0,0,0,0,0,StronglyAgree,StronglyAgree,1,0,0,0,0,0,0,0,0,0
2021,Panama,nicaragua,,stay,1.0,0.0,yes,1,,,0,0,0,0,0,0,0,0,0,0,0,0,0,0,0,0,0,0,0,0,0,0,,StronglyAgree,1,0,0,0,0,0,0,0,0,0
2021,Panama,nicaragua,,stay,1.0,0.0,yes,1,,,0,0,0,0,0,0,0,0,0,0,0,0,0,0,0,0,0,0,0,0,0,0,,Agree,1,0,0,0,0,0,0,0,0,0
2021,Panama,venezuela,,stay,2.0,0.0,,1,,,0,0,0,0,0,0,0,0,0,0,0,0,0,0,0,0,0,0,0,0,0,0,Undecided,Agree,1,0,0,0,0,0,0,0,0,0
2021,Panama,colombia,,stay,3.0,0.0,yes,1,,,0,0,0,0,0,0,0,0,0,0,0,0,0,0,0,0,0,0,0,0,0,0,Disagree,StronglyAgree,0,0,1,1,1,0,0,0,1,0
2021,Panama,venezuela,,relocate,1.0,0.0,yes,1,,,0,0,0,0,0,0,0,0,0,0,0,0,0,0,0,0,0,0,0,0,0,0,StronglyAgree,StronglyAgree,1,0,0,0,0,0,0,0,0,0
2021,Panama,nicaragua,,stay,1.0,0.0,yes,0,,,0,0,0,0,0,0,0,0,0,0,0,0,0,0,0,0,0,0,0,0,0,0,StronglyAgree,StronglyAgree,1,0,0,0,0,0,0,0,0,0
2021,Panama,colombia,,stay,2.0,1.0,yes,1,,,0,0,0,0,0,0,0,0,0,0,0,0,0,0,0,0,0,0,0,0,0,0,Undecided,Undecided,0,0,0,0,0,0,0,0,0,0
2021,Panama,venezuela,,stay,4.0,,yes,1,yes,yes,0,0,0,0,0,0,0,0,0,0,0,0,0,0,0,0,0,0,0,0,0,0,Undecided,StronglyAgree,0,0,0,0,0,0,0,0,0,0
2021,Panama,venezuela,,stay,2.0,2.0,no,1,yes,yes,0,0,0,0,0,0,0,0,0,0,0,0,0,0,0,0,0,0,0,0,0,0,Agree,StronglyAgree,1,0,0,0,0,0,0,0,0,0
2021,Panama,colombia,,stay,,1.0,yes,1,no,,1,0,0,0,0,0,0,0,0,0,0,0,0,0,0,0,0,0,0,0,0,0,,StronglyAgree,0,0,0,0,0,0,0,0,0,0
2021,Panama,colombia,,stay,1.0,0.0,yes,1,,,0,0,0,0,0,0,0,0,0,0,0,0,0,0,0,0,0,0,0,0,0,0,Agree,StronglyAgree,0,0,0,0,0,0,0,0,0,0
2021,Panama,nicaragua,,stay,1.0,4.0,yes,1,no,,1,1,0,0,0,0,0,0,0,0,0,0,0,0,0,0,0,0,0,0,0,0,StronglyAgree,StronglyAgree,1,0,0,0,0,0,0,0,0,0
2021,Panama,other,,stay,,1.0,yes,1,no,,0,0,0,0,0,0,0,0,1,0,0,0,0,0,0,0,0,1,0,0,0,0,Undecided,StronglyAgree,1,0,0,0,0,0,0,0,0,0
2021,Panama,colombia,,relocate,2.0,4.0,,1,yes,Nainpersonclasses,0,0,0,0,0,0,0,0,0,0,0,0,0,0,0,0,0,0,0,0,0,0,,StronglyAgree,0,0,1,1,1,0,1,1,0,0
2021,Panama,colombia,,stay,3.0,1.0,yes,1,yes,no,0,0,0,0,0,0,0,0,0,0,0,0,0,0,0,0,0,0,0,0,0,0,StronglyAgree,Undecided,0,0,0,0,0,0,0,0,0,0
2021,Panama,other,,stay,,4.0,yes,1,no,,0,1,0,0,0,0,0,0,1,0,0,0,0,0,0,0,0,0,0,0,0,0,Disagree,StronglyAgree,0,0,0,0,0,0,0,0,0,1
2021,Panama,colombia,,stay,4.0,,yes,1,yes,no,0,0,0,0,0,0,0,0,0,0,0,0,0,0,0,0,0,0,0,0,0,0,StronglyAgree,StronglyAgree,0,0,0,0,0,0,0,0,0,0
2021,Panama,nicaragua,,stay,,0.0,yes,0,,,0,0,0,0,0,0,0,0,0,0,0,0,0,0,0,0,0,0,0,0,0,0,,StronglyAgree,0,0,0,0,0,0,0,0,0,0
2021,Panama,nicaragua,,relocate,1.0,0.0,yes,1,,,0,0,0,0,0,0,0,0,0,0,0,0,0,0,0,0,0,0,0,0,0,0,StronglyAgree,StronglyAgree,0,0,0,0,0,0,0,0,0,0
2021,Panama,nicaragua,,relocate,,2.0,yes,0,yes,no,0,0,0,0,0,0,0,0,0,0,0,0,0,0,0,0,0,0,0,0,0,0,Agree,Agree,1,0,0,0,0,0,0,0,0,0
2021,Panama,colombia,,stay,,4.0,yes,1,no,,0,1,0,0,0,0,0,0,0,0,0,0,0,0,0,0,0,0,0,0,0,0,StronglyAgree,Disagree,0,0,0,0,0,0,0,0,0,0
2021,Panama,nicaragua,,relocate,1.0,0.0,yes,0,,,0,0,0,0,0,0,0,0,0,0,0,0,0,0,0,0,0,0,0,0,0,0,StronglyDisagree,StronglyAgree,1,0,0,0,0,0,0,0,0,1
2021,Panama,venezuela,,stay,1.0,0.0,yes,1,,,0,0,0,0,0,0,0,0,0,0,0,0,0,0,0,0,0,0,0,0,0,0,StronglyAgree,Undecided,0,0,0,0,0,0,0,0,0,0
2021,Panama,venezuela,,stay,1.0,0.0,yes,1,,,0,0,0,0,0,0,0,0,0,0,0,0,0,0,0,0,0,0,0,0,0,0,StronglyAgree,Agree,0,0,0,0,0,0,0,0,0,0
2021,Panama,venezuela,,stay,2.0,2.0,no,1,yes,no,0,0,0,0,0,0,0,0,0,0,0,0,0,0,0,0,0,0,0,0,0,0,Agree,StronglyAgree,1,0,0,0,0,0,0,0,0,0
2021,Panama,venezuela,,stay,2.0,2.0,yes,0,yes,no,0,0,0,0,0,0,0,0,0,0,0,0,0,0,0,0,0,0,0,0,0,0,StronglyAgree,StronglyAgree,1,0,0,0,0,0,0,0,0,0
2021,Panama,colombia,,stay,1.0,3.0,yes,1,yes,yes,0,0,0,0,0,0,0,0,0,0,0,0,0,0,0,0,0,0,0,0,0,0,StronglyAgree,Disagree,0,0,0,0,0,0,0,0,0,0
2021,Panama,other,,stay,1.0,0.0,yes,1,,,0,0,0,0,0,0,0,0,0,0,0,0,0,0,0,0,0,0,0,0,0,0,StronglyAgree,StronglyAgree,0,0,0,0,0,0,0,0,0,0
2021,Panama,venezuela,,dontknow,1.0,0.0,yes,0,,,0,0,0,0,0,0,0,0,0,0,0,0,0,0,0,0,0,0,0,0,0,0,,StronglyAgree,0,0,0,0,0,0,0,0,0,0
2021,Panama,nicaragua,,stay,1.0,0.0,yes,1,,,0,0,0,0,0,0,0,0,0,0,0,0,0,0,0,0,0,0,0,0,0,0,StronglyAgree,StronglyAgree,0,0,0,0,0,0,0,0,0,0
2021,Panama,venezuela,,stay,2.0,2.0,yes,1,yes,no,0,0,0,0,0,0,0,0,0,0,0,0,0,0,0,0,0,0,0,0,0,0,StronglyAgree,StronglyAgree,1,0,0,0,0,0,0,0,0,0
2021,Panama,nicaragua,,stay,1.0,0.0,yes,1,,,0,0,0,0,0,0,0,0,0,0,0,0,0,0,0,0,0,0,0,0,0,0,Disagree,StronglyAgree,1,0,1,1,0,1,0,0,0,1
2021,Panama,venezuela,,stay,2.0,2.0,yes,1,yes,yes,0,0,0,0,0,0,0,0,0,0,0,0,0,0,0,0,0,0,0,0,0,0,StronglyAgree,StronglyAgree,1,0,0,0,0,0,0,0,0,0
2021,Panama,venezuela,,stay,2.0,1.0,yes,1,yes,yes,0,0,0,0,0,0,0,0,0,0,0,0,0,0,0,0,0,0,0,0,0,0,,StronglyAgree,1,0,0,0,0,0,0,0,0,0
2021,Panama,colombia,,stay,1.0,0.0,yes,1,,,0,0,0,0,0,0,0,0,0,0,0,0,0,0,0,0,0,0,0,0,0,0,,Undecided,0,0,0,0,0,1,0,0,0,0
2021,Panama,colombia,,stay,2.0,1.0,yes,1,,,0,0,0,0,0,0,0,0,0,0,0,0,0,0,0,0,0,0,0,0,0,0,StronglyAgree,StronglyDisagree,0,0,0,0,0,0,0,0,0,0
2021,Panama,venezuela,,stay,1.0,0.0,yes,1,,,0,0,0,0,0,0,0,0,0,0,0,0,0,0,0,0,0,0,0,0,0,0,Disagree,StronglyAgree,1,0,0,0,0,0,0,0,0,1
2021,Panama,venezuela,,relocate,2.0,1.0,yes,1,,,0,0,0,0,0,0,0,0,0,0,0,0,0,0,0,0,0,0,0,0,0,0,StronglyAgree,Agree,1,0,0,0,0,0,0,0,0,0
2021,Panama,other,,stay,1.0,0.0,yes,1,,,0,0,0,0,0,0,0,0,0,0,0,0,0,0,0,0,0,0,0,0,0,0,,StronglyAgree,0,0,0,0,0,0,0,0,0,0
2021,Panama,other,,stay,1.0,0.0,yes,0,,,0,0,0,0,0,0,0,0,0,0,0,0,0,0,0,0,0,0,0,0,0,0,StronglyAgree,StronglyAgree,0,0,0,0,0,0,0,0,0,0
2021,Panama,venezuela,,stay,1.0,0.0,yes,1,,,0,0,0,0,0,0,0,0,0,0,0,0,0,0,0,0,0,0,0,0,0,0,,StronglyAgree,1,0,0,0,0,0,0,0,0,0
2021,Panama,nicaragua,,stay,2.0,0.0,yes,1,,,0,0,0,0,0,0,0,0,0,0,0,0,0,0,0,0,0,0,0,0,0,0,StronglyAgree,StronglyAgree,1,0,0,0,0,0,0,0,0,0
2021,Panama,venezuela,,stay,2.0,0.0,yes,1,,,0,0,0,0,0,0,0,0,0,0,0,0,0,0,0,0,0,0,0,0,0,0,,StronglyDisagree,0,0,0,0,0,0,0,0,0,0
2021,Panama,colombia,,stay,1.0,3.0,yes,1,yes,no,0,0,0,0,0,0,0,0,0,0,0,0,0,0,0,0,0,0,0,0,0,0,StronglyAgree,Agree,0,0,0,0,0,0,0,0,0,0
2021,Panama,nicaragua,,stay,2.0,1.0,yes,1,,,0,0,0,0,0,0,0,0,0,0,0,0,0,0,0,0,0,0,0,0,0,0,Disagree,StronglyAgree,0,0,0,0,0,0,0,0,1,0
2021,Panama,other,,stay,2.0,3.0,yes,1,yes,no,0,0,0,0,0,0,0,0,0,0,0,0,0,0,0,0,0,0,0,0,0,0,StronglyAgree,StronglyAgree,0,0,0,0,0,0,0,0,0,0
2021,Panama,venezuela,,stay,1.0,0.0,yes,1,,,0,0,0,0,0,0,0,0,0,0,0,0,0,0,0,0,0,0,0,0,0,0,StronglyAgree,Undecided,0,0,0,0,0,0,0,0,0,0
2021,Panama,venezuela,,stay,1.0,0.0,yes,1,,,0,0,0,0,0,0,0,0,0,0,0,0,0,0,0,0,0,0,0,0,0,0,,StronglyAgree,0,0,0,0,0,0,0,0,0,0
2021,Panama,colombia,,stay,3.0,2.0,yes,1,yes,yes,0,0,0,0,0,0,0,0,0,0,0,0,0,0,0,0,0,0,0,0,0,0,Undecided,Agree,0,0,0,0,0,0,0,0,0,0
2021,Panama,venezuela,,stay,,0.0,yes,1,,,0,0,0,0,0,0,0,0,0,0,0,0,0,0,0,0,0,0,0,0,0,0,StronglyAgree,Agree,0,0,0,0,0,0,0,0,0,0
2021,Panama,nicaragua,,stay,2.0,0.0,yes,0,,,0,0,0,0,0,0,0,0,0,0,0,0,0,0,0,0,0,0,0,0,0,0,StronglyAgree,StronglyAgree,1,0,0,0,0,0,0,0,0,0
2021,Panama,venezuela,,stay,,1.0,yes,1,,,0,0,0,0,0,0,0,0,0,0,0,0,0,0,0,0,0,0,0,0,0,0,StronglyAgree,StronglyAgree,1,0,0,0,0,0,0,0,0,0
2021,Panama,other,,stay,2.0,1.0,yes,0,,,0,0,0,0,0,0,0,0,0,0,0,0,0,0,0,0,0,0,0,0,0,0,StronglyAgree,Undecided,0,0,0,0,0,0,0,0,0,0
2021,Panama,nicaragua,,relocate,1.0,0.0,yes,0,,,0,0,0,0,0,0,0,0,0,0,0,0,0,0,0,0,0,0,0,0,0,0,StronglyAgree,Agree,1,0,0,0,0,0,0,0,0,0
2021,Panama,nicaragua,,stay,2.0,1.0,yes,1,yes,no,0,0,0,0,0,0,0,0,0,0,0,0,0,0,0,0,0,0,0,0,0,0,,StronglyAgree,1,0,0,0,0,0,0,0,0,0
2021,Panama,colombia,,stay,2.0,0.0,yes,1,,,0,0,0,0,0,0,0,0,0,0,0,0,0,0,0,0,0,0,0,0,0,0,,StronglyAgree,0,0,0,0,0,0,0,0,0,0
2021,Panama,other,,stay,2.0,1.0,yes,1,yes,yes,0,0,0,0,0,0,0,0,0,0,0,0,0,0,0,0,0,0,0,0,0,0,StronglyAgree,StronglyAgree,0,0,0,0,0,0,0,0,0,0
2021,Panama,venezuela,,stay,2.0,2.0,yes,1,yes,yes,0,0,0,0,0,0,0,0,0,0,0,0,0,0,0,0,0,0,0,0,0,0,,StronglyAgree,1,0,0,0,0,0,0,0,0,0
2021,Panama,colombia,,stay,2.0,1.0,yes,1,no,,0,0,0,0,0,0,0,0,0,0,0,0,1,0,0,0,0,0,0,0,0,0,,StronglyAgree,0,0,0,0,0,0,0,0,0,0
2021,Panama,other,,relocate,3.0,1.0,yes,1,yes,yes,0,0,0,0,0,0,0,0,0,0,0,0,0,0,0,0,0,0,0,0,0,0,StronglyAgree,Disagree,0,0,0,0,0,0,0,0,0,0
2021,Panama,colombia,,stay,1.0,0.0,yes,1,,,0,0,0,0,0,0,0,0,0,0,0,0,0,0,0,0,0,0,0,0,0,0,,StronglyAgree,0,0,1,1,0,0,0,0,0,0
2021,Panama,nicaragua,,stay,1.0,0.0,yes,1,,,0,0,0,0,0,0,0,0,0,0,0,0,0,0,0,0,0,0,0,0,0,0,StronglyDisagree,StronglyAgree,1,0,1,1,0,0,0,0,0,0
2021,Panama,venezuela,,relocate,1.0,0.0,yes,1,,,0,0,0,0,0,0,0,0,0,0,0,0,0,0,0,0,0,0,0,0,0,0,,StronglyAgree,1,0,0,0,0,0,0,0,0,0
2021,Panama,other,,stay,2.0,0.0,yes,0,,,0,0,0,0,0,0,0,0,0,0,0,0,0,0,0,0,0,0,0,0,0,0,Agree,StronglyAgree,0,0,0,0,0,0,0,0,0,0
2021,Panama,nicaragua,,stay,1.0,0.0,yes,1,,,0,0,0,0,0,0,0,0,0,0,0,0,0,0,0,0,0,0,0,0,0,0,,StronglyAgree,1,0,0,0,0,1,0,0,0,0
2021,Panama,nicaragua,,relocate,1.0,0.0,yes,1,,,0,0,0,0,0,0,0,0,0,0,0,0,0,0,0,0,0,0,0,0,0,0,Disagree,StronglyAgree,0,0,1,1,0,0,0,0,0,0
2021,Panama,venezuela,,relocate,1.0,0.0,yes,1,,,0,0,0,0,0,0,0,0,0,0,0,0,0,0,0,0,0,0,0,0,0,0,StronglyAgree,StronglyAgree,0,0,0,0,0,0,0,0,0,0
2021,Panama,venezuela,,dontknow,,0.0,yes,1,,,0,0,0,0,0,0,0,0,0,0,0,0,0,0,0,0,0,0,0,0,0,0,Disagree,StronglyAgree,1,0,0,0,0,0,0,0,1,0
2021,Panama,colombia,,stay,2.0,0.0,yes,1,,,0,0,0,0,0,0,0,0,0,0,0,0,0,0,0,0,0,0,0,0,0,0,,StronglyAgree,0,0,0,0,0,0,0,0,0,0
2021,Panama,venezuela,,stay,2.0,1.0,yes,1,,,0,0,0,0,0,0,0,0,0,0,0,0,0,0,0,0,0,0,0,0,0,0,StronglyAgree,Disagree,0,0,0,0,0,0,0,0,0,0
2021,Panama,nicaragua,,stay,2.0,1.0,yes,0,,,0,0,0,0,0,0,0,0,0,0,0,0,0,0,0,0,0,0,0,0,0,0,StronglyAgree,StronglyAgree,0,0,0,0,0,0,0,0,0,0
2021,Panama,nicaragua,,stay,2.0,0.0,yes,1,,,0,0,0,0,0,0,0,0,0,0,0,0,0,0,0,0,0,0,0,0,0,0,StronglyAgree,StronglyAgree,1,0,0,0,0,0,0,0,0,0
2021,Panama,venezuela,,dontknow,1.0,0.0,yes,1,,,0,0,0,0,0,0,0,0,0,0,0,0,0,0,0,0,0,0,0,0,0,0,,Undecided,0,0,0,0,0,0,0,0,0,0
2021,Panama,other,,stay,1.0,0.0,yes,1,,,0,0,0,0,0,0,0,0,0,0,0,0,0,0,0,0,0,0,0,0,0,0,Undecided,Undecided,0,0,0,0,0,0,0,0,0,0
2021,Panama,colombia,,stay,1.0,0.0,yes,1,,,0,0,0,0,0,0,0,0,0,0,0,0,0,0,0,0,0,0,0,0,0,0,StronglyAgree,StronglyAgree,0,0,0,0,0,0,0,0,0,0
2021,Panama,other,,stay,,0.0,yes,1,,,0,0,0,0,0,0,0,0,0,0,0,0,0,0,0,0,0,0,0,0,0,0,StronglyAgree,StronglyAgree,1,0,0,0,0,0,0,0,0,0
2021,Panama,venezuela,,stay,1.0,0.0,yes,1,,,0,0,0,0,0,0,0,0,0,0,0,0,0,0,0,0,0,0,0,0,0,0,StronglyAgree,StronglyAgree,1,0,0,0,0,0,0,0,0,0
2021,Panama,nicaragua,,stay,2.0,1.0,yes,0,,,0,0,0,0,0,0,0,0,0,0,0,0,0,0,0,0,0,0,0,0,0,0,StronglyAgree,Undecided,0,0,0,0,0,0,0,0,0,0
2021,Panama,colombia,,stay,2.0,8.0,yes,1,yes,no,0,0,0,0,0,0,0,0,0,0,0,0,0,0,0,0,0,0,0,0,0,0,StronglyAgree,StronglyDisagree,0,0,0,0,0,0,0,0,0,0
2021,Panama,other,,stay,,0.0,yes,1,,,0,0,0,0,0,0,0,0,0,0,0,0,0,0,0,0,0,0,0,0,0,0,StronglyAgree,StronglyAgree,0,0,0,0,0,0,0,0,0,0
2021,Panama,other,,dontknow,3.0,2.0,yes,1,yes,no,0,0,0,0,0,0,0,0,0,0,0,0,0,0,0,0,0,0,0,0,0,0,StronglyAgree,StronglyAgree,1,0,0,0,0,0,0,0,0,0
2021,Panama,colombia,,relocate,4.0,1.0,yes,1,yes,yes,0,0,0,0,0,0,0,0,0,0,0,0,0,0,0,0,0,0,0,0,0,0,,Disagree,0,0,0,1,1,0,0,0,0,1
2021,Panama,nicaragua,,stay,1.0,0.0,yes,0,,,0,0,0,0,0,0,0,0,0,0,0,0,0,0,0,0,0,0,0,0,0,0,,Undecided,0,0,0,0,0,0,0,0,0,0
2021,Panama,venezuela,,stay,1.0,0.0,yes,1,,,0,0,0,0,0,0,0,0,0,0,0,0,0,0,0,0,0,0,0,0,0,0,StronglyAgree,Agree,1,0,0,0,0,0,0,0,0,0
2021,Panama,nicaragua,,stay,1.0,0.0,yes,1,,,0,0,0,0,0,0,0,0,0,0,0,0,0,0,0,0,0,0,0,0,0,0,StronglyAgree,Undecided,0,0,0,0,0,0,0,0,0,0
2021,Panama,other,,stay,3.0,1.0,yes,0,,,0,0,0,0,0,0,0,0,0,0,0,0,0,0,0,0,0,0,0,0,0,0,StronglyAgree,StronglyAgree,1,0,0,0,0,0,0,0,0,0
2021,Panama,nicaragua,,stay,,0.0,yes,1,,,0,0,0,0,0,0,0,0,0,0,0,0,0,0,0,0,0,0,0,0,0,0,,Agree,1,0,0,0,0,0,0,0,0,0
2021,Panama,nicaragua,,dontknow,1.0,0.0,yes,1,,,0,0,0,0,0,0,0,0,0,0,0,0,0,0,0,0,0,0,0,0,0,0,Agree,StronglyAgree,1,0,0,0,0,0,0,0,0,0
2021,Panama,colombia,,relocate,3.0,0.0,yes,1,,,0,0,0,0,0,0,0,0,0,0,0,0,0,0,0,0,0,0,0,0,0,0,Disagree,StronglyAgree,0,0,0,0,0,0,0,0,0,0
2021,Panama,nicaragua,,stay,3.0,0.0,,1,,,0,0,0,0,0,0,0,0,0,0,0,0,0,0,0,0,0,0,0,0,0,0,StronglyAgree,StronglyAgree,1,0,0,0,0,0,0,0,0,0
2021,Panama,nicaragua,,dontknow,3.0,1.0,yes,0,no,,0,1,0,0,0,0,0,0,0,0,0,0,0,0,0,0,0,0,0,0,0,0,Agree,StronglyAgree,1,0,0,0,0,0,0,0,0,0
2021,Panama,venezuela,,stay,1.0,0.0,yes,0,,,0,0,0,0,0,0,0,0,0,0,0,0,0,0,0,0,0,0,0,0,0,0,StronglyAgree,StronglyAgree,0,0,0,0,0,0,0,0,0,0
2021,Panama,venezuela,,relocate,1.0,0.0,yes,0,,,0,0,0,0,0,0,0,0,0,0,0,0,0,0,0,0,0,0,0,0,0,0,,Agree,0,0,0,0,0,0,0,0,0,0
2021,Panama,nicaragua,,stay,1.0,1.0,yes,0,yes,yes,0,0,0,0,0,0,0,0,0,0,0,0,0,0,0,0,0,0,0,0,0,0,StronglyAgree,StronglyAgree,1,0,0,0,0,0,0,0,0,0
2021,Panama,venezuela,,stay,1.0,0.0,yes,1,,,0,0,0,0,0,0,0,0,0,0,0,0,0,0,0,0,0,0,0,0,0,0,StronglyAgree,StronglyAgree,1,0,0,0,0,0,0,0,0,0
2021,Panama,colombia,,stay,,2.0,yes,1,,,0,0,0,0,0,0,0,0,0,0,0,0,0,0,0,0,0,0,0,0,0,0,StronglyAgree,Agree,0,0,0,0,0,0,0,0,0,0
2021,Panama,nicaragua,,dontknow,1.0,0.0,yes,1,,,0,0,0,0,0,0,0,0,0,0,0,0,0,0,0,0,0,0,0,0,0,0,StronglyAgree,StronglyAgree,0,0,0,0,0,0,0,0,0,0
2021,Panama,nicaragua,,stay,2.0,1.0,yes,1,yes,yes,0,0,0,0,0,0,0,0,0,0,0,0,0,0,0,0,0,0,0,0,0,0,StronglyAgree,Agree,1,0,0,0,0,0,0,0,0,0
2021,Panama,venezuela,,stay,2.0,0.0,yes,1,,,0,0,0,0,0,0,0,0,0,0,0,0,0,0,0,0,0,0,0,0,0,0,StronglyAgree,StronglyAgree,1,0,0,0,0,0,0,0,0,0
2021,Panama,other,,stay,4.0,,yes,1,yes,yes,0,0,0,0,0,0,0,0,0,0,0,0,0,0,0,0,0,0,0,0,0,0,StronglyAgree,StronglyDisagree,0,0,0,0,0,0,0,0,0,0
2021,Panama,nicaragua,,stay,1.0,0.0,yes,1,,,0,0,0,0,0,0,0,0,0,0,0,0,0,0,0,0,0,0,0,0,0,0,,StronglyAgree,1,0,0,0,1,1,0,0,0,0
2021,Panama,venezuela,,stay,3.0,1.0,yes,1,yes,yes,0,0,0,0,0,0,0,0,0,0,0,0,0,0,0,0,0,0,0,0,0,0,,StronglyAgree,0,0,1,0,0,0,0,0,0,0
2021,Panama,colombia,,stay,2.0,0.0,yes,0,,,0,0,0,0,0,0,0,0,0,0,0,0,0,0,0,0,0,0,0,0,0,0,StronglyAgree,Undecided,0,0,0,0,0,0,0,0,0,0
2021,Panama,colombia,,stay,2.0,1.0,no,1,,,0,0,0,0,0,0,0,0,0,0,0,0,0,0,0,0,0,0,0,0,0,0,StronglyAgree,Disagree,0,0,0,0,0,0,0,0,0,0
2021,Panama,venezuela,,stay,2.0,0.0,yes,1,,,0,0,0,0,0,0,0,0,0,0,0,0,0,0,0,0,0,0,0,0,0,0,,Agree,0,0,0,0,0,0,0,0,0,0
2021,Panama,colombia,,stay,1.0,0.0,yes,0,,,0,0,0,0,0,0,0,0,0,0,0,0,0,0,0,0,0,0,0,0,0,0,,StronglyDisagree,0,0,0,0,0,0,0,0,0,0
2021,Panama,colombia,,stay,2.0,0.0,yes,1,,,0,0,0,0,0,0,0,0,0,0,0,0,0,0,0,0,0,0,0,0,0,0,StronglyAgree,Agree,1,0,0,0,0,0,0,0,0,0
2021,Panama,venezuela,,stay,2.0,1.0,yes,1,,,0,0,0,0,0,0,0,0,0,0,0,0,0,0,0,0,0,0,0,0,0,0,StronglyAgree,Undecided,0,0,0,0,0,0,0,0,0,0
2021,Panama,other,,stay,2.0,1.0,yes,0,yes,yes,0,0,0,0,0,0,0,0,0,0,0,0,0,0,0,0,0,0,0,0,0,0,,StronglyAgree,0,0,0,0,0,0,0,0,0,0
2021,Panama,nicaragua,,stay,2.0,0.0,yes,1,,,0,0,0,0,0,0,0,0,0,0,0,0,0,0,0,0,0,0,0,0,0,0,StronglyAgree,StronglyAgree,1,0,0,0,0,0,0,0,0,0
2021,Panama,venezuela,,stay,,0.0,yes,0,,,0,0,0,0,0,0,0,0,0,0,0,0,0,0,0,0,0,0,0,0,0,0,StronglyAgree,StronglyAgree,0,0,0,0,0,0,0,0,0,0
2021,Panama,nicaragua,,stay,2.0,1.0,yes,1,,,0,0,0,0,0,0,0,0,0,0,0,0,0,0,0,0,0,0,0,0,0,0,StronglyAgree,StronglyAgree,0,0,0,0,0,0,0,0,0,0
2021,Panama,other,,stay,1.0,3.0,yes,1,yes,yes,0,0,0,0,0,0,0,0,0,0,0,0,0,0,0,0,0,0,0,0,0,0,StronglyAgree,Undecided,0,0,0,0,0,0,0,0,0,0
2021,Panama,venezuela,,stay,1.0,0.0,yes,1,,,0,0,0,0,0,0,0,0,0,0,0,0,0,0,0,0,0,0,0,0,0,0,StronglyAgree,Agree,0,0,0,0,0,0,0,0,0,0
2021,Panama,venezuela,,stay,2.0,1.0,yes,1,,,0,0,0,0,0,0,0,0,0,0,0,0,0,0,0,0,0,0,0,0,0,0,StronglyAgree,StronglyAgree,1,0,0,0,0,0,0,0,0,0
2021,Panama,colombia,,stay,1.0,0.0,yes,1,,,0,0,0,0,0,0,0,0,0,0,0,0,0,0,0,0,0,0,0,0,0,0,,StronglyAgree,0,0,0,0,0,0,0,0,0,0
2021,Panama,nicaragua,,stay,1.0,0.0,yes,0,,,0,0,0,0,0,0,0,0,0,0,0,0,0,0,0,0,0,0,0,0,0,0,,StronglyAgree,1,0,0,0,0,0,0,0,0,0
2021,Panama,colombia,,stay,2.0,0.0,yes,1,,,0,0,0,0,0,0,0,0,0,0,0,0,0,0,0,0,0,0,0,0,0,0,,Agree,0,0,0,0,0,0,0,0,0,0
2021,Panama,venezuela,,stay,2.0,0.0,no,1,,,0,0,0,0,0,0,0,0,0,0,0,0,0,0,0,0,0,0,0,0,0,0,Undecided,Undecided,0,0,0,0,0,0,0,0,0,0
2021,Panama,colombia,,relocate,1.0,0.0,yes,1,,,0,0,0,0,0,0,0,0,0,0,0,0,0,0,0,0,0,0,0,0,0,0,Agree,StronglyAgree,0,0,0,0,0,0,0,0,0,0
2021,Panama,venezuela,,stay,3.0,0.0,yes,1,,,0,0,0,0,0,0,0,0,0,0,0,0,0,0,0,0,0,0,0,0,0,0,Agree,StronglyAgree,1,0,0,0,0,0,0,0,0,0
2021,Panama,nicaragua,,relocate,2.0,0.0,yes,0,,,0,0,0,0,0,0,0,0,0,0,0,0,0,0,0,0,0,0,0,0,0,0,StronglyAgree,StronglyAgree,1,0,0,0,0,0,0,0,0,0
2021,Panama,other,,stay,2.0,2.0,yes,1,yes,yes,0,0,0,0,0,0,0,0,0,0,0,0,0,0,0,0,0,0,0,0,0,0,,StronglyAgree,0,0,0,0,0,0,0,0,0,0
2021,Panama,other,,relocate,3.0,0.0,yes,0,,,0,0,0,0,0,0,0,0,0,0,0,0,0,0,0,0,0,0,0,0,0,0,StronglyAgree,StronglyAgree,1,0,0,0,0,0,0,0,0,0
2021,Panama,venezuela,,stay,3.0,,yes,1,yes,yes,0,0,0,0,0,0,0,0,0,0,0,0,0,0,0,0,0,0,0,0,0,0,Disagree,StronglyAgree,1,0,1,1,0,0,0,0,0,0
2021,Panama,venezuela,,stay,3.0,1.0,yes,1,yes,no,0,0,0,0,0,0,0,0,0,0,0,0,0,0,0,0,0,0,0,0,0,0,Agree,StronglyAgree,1,0,0,0,0,0,0,0,0,0
2021,Panama,other,,stay,2.0,2.0,yes,1,yes,yes,0,0,0,0,0,0,0,0,0,0,0,0,0,0,0,0,0,0,0,0,0,0,StronglyAgree,StronglyAgree,0,0,0,0,0,0,0,0,0,0
2021,Panama,nicaragua,,stay,2.0,1.0,yes,1,,,0,0,0,0,0,0,0,0,0,0,0,0,0,0,0,0,0,0,0,0,0,0,Agree,StronglyAgree,1,0,0,0,0,0,0,0,0,0
2021,Panama,colombia,,dontknow,1.0,0.0,yes,1,,,0,0,0,0,0,0,0,0,0,0,0,0,0,0,0,0,0,0,0,0,0,0,StronglyAgree,StronglyAgree,0,0,0,0,0,0,0,0,0,0
2021,Panama,venezuela,,stay,2.0,0.0,yes,1,,,0,0,0,0,0,0,0,0,0,0,0,0,0,0,0,0,0,0,0,0,0,0,StronglyAgree,StronglyAgree,1,0,0,0,0,0,0,0,0,0
2021,Panama,nicaragua,,stay,1.0,0.0,yes,1,,,0,0,0,0,0,0,0,0,0,0,0,0,0,0,0,0,0,0,0,0,0,0,StronglyAgree,Agree,1,0,0,0,0,0,0,0,0,0
2021,Panama,other,,relocate,2.0,0.0,yes,0,,,0,0,0,0,0,0,0,0,0,0,0,0,0,0,0,0,0,0,0,0,0,0,StronglyAgree,Agree,1,0,0,0,0,0,0,0,0,0
2021,Panama,nicaragua,,stay,2.0,1.0,yes,1,yes,no,0,0,0,0,0,0,0,0,0,0,0,0,0,0,0,0,0,0,0,0,0,0,,StronglyAgree,1,0,0,0,0,0,0,0,0,0
2021,Panama,other,,stay,2.0,1.0,yes,1,no,,0,0,0,0,0,0,0,0,1,0,0,0,1,0,0,0,0,0,0,0,1,0,,StronglyAgree,0,0,0,0,0,0,0,0,0,0
2021,Panama,colombia,,stay,2.0,0.0,yes,1,,,0,0,0,0,0,0,0,0,0,0,0,0,0,0,0,0,0,0,0,0,0,0,StronglyAgree,Agree,0,0,0,0,0,0,0,0,0,0
2021,Panama,colombia,,dontknow,1.0,0.0,yes,1,,,0,0,0,0,0,0,0,0,0,0,0,0,0,0,0,0,0,0,0,0,0,0,Agree,StronglyAgree,0,0,0,0,0,0,0,0,0,0
2021,Panama,nicaragua,,relocate,2.0,1.0,yes,1,yes,dontknow,0,0,0,0,0,0,0,0,0,0,0,0,0,0,0,0,0,0,0,0,0,0,StronglyAgree,StronglyAgree,1,0,0,0,0,0,0,0,0,0
2021,Panama,venezuela,,stay,2.0,1.0,yes,1,,,0,0,0,0,0,0,0,0,0,0,0,0,0,0,0,0,0,0,0,0,0,0,StronglyAgree,StronglyDisagree,0,0,0,0,0,0,0,0,0,0
2021,Panama,colombia,,stay,1.0,0.0,yes,1,,,0,0,0,0,0,0,0,0,0,0,0,0,0,0,0,0,0,0,0,0,0,0,,Agree,0,0,0,0,0,0,0,0,0,0
2021,Panama,colombia,,relocate,2.0,1.0,yes,1,yes,no,0,0,0,0,0,0,0,0,0,0,0,0,0,0,0,0,0,0,0,0,0,0,StronglyAgree,StronglyAgree,1,0,0,0,0,0,0,0,0,0
2021,Panama,venezuela,,stay,3.0,0.0,yes,1,,,0,0,0,0,0,0,0,0,0,0,0,0,0,0,0,0,0,0,0,0,0,0,,StronglyAgree,1,0,0,0,0,1,0,0,0,0
2021,Panama,nicaragua,,stay,1.0,0.0,yes,0,,,0,0,0,0,0,0,0,0,0,0,0,0,0,0,0,0,0,0,0,0,0,0,StronglyAgree,StronglyAgree,0,0,0,0,0,0,0,0,0,0
2021,Panama,nicaragua,,stay,2.0,0.0,yes,0,,,0,0,0,0,0,0,0,0,0,0,0,0,0,0,0,0,0,0,0,0,0,0,Agree,Undecided,0,0,0,0,0,0,0,0,0,0
2021,Panama,colombia,,stay,3.0,0.0,yes,1,,,0,0,0,0,0,0,0,0,0,0,0,0,0,0,0,0,0,0,0,0,0,0,StronglyAgree,StronglyAgree,0,0,0,0,0,0,0,0,0,0
2021,Panama,colombia,,stay,,2.0,yes,1,yes,no,0,0,0,0,0,0,0,0,0,0,0,0,0,0,0,0,0,0,0,0,0,0,StronglyAgree,Undecided,0,0,0,0,0,0,0,0,0,0
2021,Panama,nicaragua,,stay,2.0,1.0,yes,1,yes,no,0,0,0,0,0,0,0,0,0,0,0,0,0,0,0,0,0,0,0,0,0,0,StronglyAgree,StronglyAgree,1,0,0,0,0,0,0,0,0,0
2021,Panama,colombia,,relocate,2.0,0.0,yes,0,,,0,0,0,0,0,0,0,0,0,0,0,0,0,0,0,0,0,0,0,0,0,0,StronglyAgree,StronglyAgree,1,0,0,0,0,0,0,0,0,0
2021,Panama,nicaragua,,stay,1.0,0.0,yes,1,,,0,0,0,0,0,0,0,0,0,0,0,0,0,0,0,0,0,0,0,0,0,0,StronglyDisagree,StronglyAgree,0,0,0,1,0,0,0,0,0,1
2021,Panama,venezuela,,stay,2.0,1.0,yes,0,,,0,0,0,0,0,0,0,0,0,0,0,0,0,0,0,0,0,0,0,0,0,0,StronglyAgree,Agree,0,0,0,0,0,0,0,0,0,0
2021,Panama,venezuela,,stay,3.0,2.0,yes,1,yes,no,0,0,0,0,0,0,0,0,0,0,0,0,0,0,0,0,0,0,0,0,0,0,StronglyAgree,StronglyAgree,1,0,0,0,0,0,0,0,0,0
2021,Panama,other,,stay,7.0,2.0,yes,1,yes,no,0,0,0,0,0,0,0,0,0,0,0,0,0,0,0,0,0,0,0,0,0,0,StronglyAgree,StronglyAgree,0,0,0,0,0,0,0,0,0,0
2021,Panama,nicaragua,,stay,1.0,0.0,yes,1,,,0,0,0,0,0,0,0,0,0,0,0,0,0,0,0,0,0,0,0,0,0,0,StronglyAgree,StronglyAgree,0,0,0,0,0,0,0,0,0,0
2021,Panama,nicaragua,,stay,2.0,0.0,yes,1,,,0,0,0,0,0,0,0,0,0,0,0,0,0,0,0,0,0,0,0,0,0,0,StronglyAgree,StronglyAgree,0,0,0,0,0,0,0,0,0,0
2021,Panama,colombia,,stay,1.0,0.0,yes,1,,,0,0,0,0,0,0,0,0,0,0,0,0,0,0,0,0,0,0,0,0,0,0,StronglyAgree,StronglyAgree,0,0,0,0,0,0,0,0,0,0
2021,Panama,colombia,,stay,1.0,0.0,yes,1,,,0,0,0,0,0,0,0,0,0,0,0,0,0,0,0,0,0,0,0,0,0,0,StronglyAgree,StronglyAgree,1,0,0,0,0,0,0,0,0,0
2021,Panama,nicaragua,,relocate,1.0,0.0,yes,1,,,0,0,0,0,0,0,0,0,0,0,0,0,0,0,0,0,0,0,0,0,0,0,,StronglyAgree,1,0,1,1,1,1,0,0,0,0
2021,Panama,colombia,,stay,1.0,0.0,yes,1,,,0,0,0,0,0,0,0,0,0,0,0,0,0,0,0,0,0,0,0,0,0,0,StronglyAgree,StronglyAgree,0,0,0,0,0,0,0,0,0,0
2021,Panama,other,,stay,3.0,4.0,yes,0,yes,yes,0,0,0,0,0,0,0,0,0,0,0,0,0,0,0,0,0,0,0,0,0,0,StronglyAgree,StronglyAgree,0,0,0,0,0,0,0,0,0,0
2021,Panama,venezuela,,stay,2.0,1.0,yes,1,yes,yes,0,0,0,0,0,0,0,0,0,0,0,0,0,0,0,0,0,0,0,0,0,0,StronglyAgree,StronglyAgree,1,0,0,0,0,0,0,0,0,0
2021,Panama,nicaragua,,stay,1.0,2.0,yes,1,,,0,0,0,0,0,0,0,0,0,0,0,0,0,0,0,0,0,0,0,0,0,0,StronglyAgree,StronglyAgree,0,0,0,0,0,0,0,0,0,0
2021,Panama,colombia,,stay,1.0,0.0,yes,1,,,0,0,0,0,0,0,0,0,0,0,0,0,0,0,0,0,0,0,0,0,0,0,StronglyAgree,Agree,0,0,0,0,0,0,0,0,0,0
2021,Panama,venezuela,,relocate,4.0,1.0,yes,1,no,,0,0,0,0,0,0,0,0,0,0,0,0,1,0,0,0,0,1,0,0,0,0,,StronglyAgree,1,0,1,1,0,0,0,0,0,0
2021,Panama,other,,stay,2.0,0.0,yes,0,,,0,0,0,0,0,0,0,0,0,0,0,0,0,0,0,0,0,0,0,0,0,0,,StronglyAgree,1,0,0,0,0,0,0,0,0,0
2021,Panama,venezuela,,stay,1.0,0.0,yes,1,,,0,0,0,0,0,0,0,0,0,0,0,0,0,0,0,0,0,0,0,0,0,0,,StronglyAgree,1,0,0,0,0,0,0,0,0,0
2021,Panama,venezuela,,stay,1.0,1.0,yes,1,,,0,0,0,0,0,0,0,0,0,0,0,0,0,0,0,0,0,0,0,0,0,0,Disagree,StronglyAgree,1,0,0,0,0,0,0,0,0,0
2021,Panama,colombia,,dontknow,,0.0,yes,1,,,0,0,0,0,0,0,0,0,0,0,0,0,0,0,0,0,0,0,0,0,0,0,StronglyAgree,StronglyAgree,1,0,0,0,0,0,0,0,0,0
2021,Panama,nicaragua,,stay,2.0,0.0,yes,1,,,0,0,0,0,0,0,0,0,0,0,0,0,0,0,0,0,0,0,0,0,0,0,,Undecided,0,0,1,0,0,0,0,0,0,0
2021,Panama,other,,stay,2.0,1.0,yes,1,yes,yes,0,0,0,0,0,0,0,0,0,0,0,0,0,0,0,0,0,0,0,0,0,0,StronglyAgree,StronglyAgree,0,0,0,0,0,0,0,0,0,0
2021,Panama,nicaragua,,stay,1.0,0.0,yes,1,,,0,0,0,0,0,0,0,0,0,0,0,0,0,0,0,0,0,0,0,0,0,0,StronglyAgree,StronglyAgree,0,0,0,0,0,0,0,0,0,0
2021,Panama,colombia,,stay,1.0,1.0,yes,1,yes,no,0,0,0,0,0,0,0,0,0,0,0,0,0,0,0,0,0,0,0,0,0,0,StronglyAgree,StronglyAgree,1,0,0,0,0,0,0,0,0,0
2021,Panama,other,,relocate,2.0,0.0,yes,1,,,0,0,0,0,0,0,0,0,0,0,0,0,0,0,0,0,0,0,0,0,0,0,StronglyAgree,StronglyAgree,1,0,0,0,0,0,0,0,0,0
2021,Panama,venezuela,,relocate,1.0,0.0,yes,1,,,0,0,0,0,0,0,0,0,0,0,0,0,0,0,0,0,0,0,0,0,0,0,,StronglyDisagree,0,0,0,0,0,1,0,0,0,0
2021,Panama,colombia,,relocate,1.0,0.0,yes,1,,,0,0,0,0,0,0,0,0,0,0,0,0,0,0,0,0,0,0,0,0,0,0,StronglyAgree,Disagree,0,0,0,0,0,0,0,0,0,0
2021,Panama,venezuela,,stay,2.0,1.0,yes,0,,,0,0,0,0,0,0,0,0,0,0,0,0,0,0,0,0,0,0,0,0,0,0,,StronglyDisagree,0,0,0,0,0,0,0,0,0,0
2021,Panama,venezuela,,stay,5.0,0.0,yes,1,,,0,0,0,0,0,0,0,0,0,0,0,0,0,0,0,0,0,0,0,0,0,0,StronglyAgree,StronglyAgree,1,0,0,0,0,0,0,0,0,0
2021,Panama,nicaragua,,stay,2.0,0.0,yes,1,,,0,0,0,0,0,0,0,0,0,0,0,0,0,0,0,0,0,0,0,0,0,0,Agree,StronglyAgree,1,0,0,0,0,0,0,0,0,0
2021,Panama,nicaragua,,stay,2.0,0.0,yes,0,,,0,0,0,0,0,0,0,0,0,0,0,0,0,0,0,0,0,0,0,0,0,0,,Agree,1,0,0,0,0,0,0,0,0,0
2021,Panama,venezuela,,stay,1.0,0.0,yes,1,,,0,0,0,0,0,0,0,0,0,0,0,0,0,0,0,0,0,0,0,0,0,0,Undecided,StronglyAgree,1,0,0,0,0,0,0,0,0,0
2021,Panama,nicaragua,,relocate,4.0,1.0,yes,1,yes,no,0,0,0,0,0,0,0,0,0,0,0,0,0,0,0,0,0,0,0,0,0,0,StronglyAgree,StronglyAgree,0,0,0,0,0,0,0,0,0,0
2021,Panama,colombia,,stay,1.0,0.0,yes,1,,,0,0,0,0,0,0,0,0,0,0,0,0,0,0,0,0,0,0,0,0,0,0,,StronglyAgree,0,0,0,0,0,0,0,0,0,0
2021,Panama,colombia,,stay,2.0,0.0,yes,1,,,0,0,0,0,0,0,0,0,0,0,0,0,0,0,0,0,0,0,0,0,0,0,Agree,StronglyAgree,1,0,0,0,0,0,0,0,0,0
2021,Panama,venezuela,,stay,2.0,1.0,yes,1,,,0,0,0,0,0,0,0,0,0,0,0,0,0,0,0,0,0,0,0,0,0,0,StronglyAgree,StronglyAgree,1,0,0,0,0,0,0,0,0,0
2021,Panama,colombia,,stay,3.0,0.0,yes,1,,,0,0,0,0,0,0,0,0,0,0,0,0,0,0,0,0,0,0,0,0,0,0,Disagree,StronglyAgree,1,0,1,1,0,0,0,1,0,0
2021,Panama,colombia,,stay,1.0,3.0,yes,1,no,,1,1,0,0,0,0,0,0,0,0,0,0,0,0,0,0,0,0,0,0,0,0,StronglyAgree,StronglyAgree,0,0,0,0,0,0,0,0,0,0
2021,Panama,other,,stay,1.0,0.0,yes,1,,,0,0,0,0,0,0,0,0,0,0,0,0,0,0,0,0,0,0,0,0,0,0,,StronglyAgree,1,0,0,0,0,0,0,0,0,0
2021,Panama,nicaragua,,stay,1.0,0.0,yes,1,,,0,0,0,0,0,0,0,0,0,0,0,0,0,0,0,0,0,0,0,0,0,0,,StronglyAgree,1,0,0,0,0,0,0,0,0,0
2021,Panama,colombia,,stay,1.0,0.0,yes,1,,,0,0,0,0,0,0,0,0,0,0,0,0,0,0,0,0,0,0,0,0,0,0,StronglyAgree,Disagree,0,0,0,0,0,0,0,0,0,0
2021,Panama,venezuela,,stay,1.0,0.0,yes,1,,,0,0,0,0,0,0,0,0,0,0,0,0,0,0,0,0,0,0,0,0,0,0,,StronglyAgree,1,0,0,0,0,0,0,0,0,0
2021,Panama,venezuela,,stay,2.0,2.0,yes,1,yes,yes,0,0,0,0,0,0,0,0,0,0,0,0,0,0,0,0,0,0,0,0,0,0,StronglyAgree,Disagree,0,0,0,0,0,0,0,0,0,0
2021,Panama,nicaragua,,stay,1.0,0.0,yes,1,,,0,0,0,0,0,0,0,0,0,0,0,0,0,0,0,0,0,0,0,0,0,0,,StronglyAgree,0,0,0,0,0,0,0,0,0,0
2021,Panama,other,,stay,2.0,,yes,0,yes,yes,0,0,0,0,0,0,0,0,0,0,0,0,0,0,0,0,0,0,0,0,0,0,StronglyAgree,StronglyAgree,0,0,0,0,0,0,0,0,0,0
2021,Panama,venezuela,,stay,2.0,4.0,yes,0,yes,no,0,0,0,0,0,0,0,0,0,0,0,0,0,0,0,0,0,0,0,0,0,0,StronglyAgree,StronglyAgree,0,0,0,0,0,0,0,0,0,0
2021,Panama,nicaragua,,stay,4.0,0.0,yes,1,,,0,0,0,0,0,0,0,0,0,0,0,0,0,0,0,0,0,0,0,0,0,0,,StronglyAgree,1,0,1,0,0,0,0,0,0,0
2021,Panama,venezuela,,dontknow,1.0,0.0,yes,1,,,0,0,0,0,0,0,0,0,0,0,0,0,0,0,0,0,0,0,0,0,0,0,StronglyAgree,Agree,1,0,0,0,0,0,0,0,0,0
2021,Panama,nicaragua,,stay,,1.0,yes,0,,,0,0,0,0,0,0,0,0,0,0,0,0,0,0,0,0,0,0,0,0,0,0,,StronglyAgree,0,0,0,0,0,0,0,0,0,0
2021,Panama,other,,stay,2.0,2.0,yes,0,yes,yes,0,0,0,0,0,0,0,0,0,0,0,0,0,0,0,0,0,0,0,0,0,0,StronglyAgree,Agree,0,0,0,0,0,0,0,0,0,0
2021,Panama,colombia,,stay,3.0,3.0,yes,1,no,,0,1,0,0,0,0,1,0,0,0,1,0,0,0,0,0,0,0,0,0,0,0,StronglyAgree,StronglyDisagree,0,0,0,0,0,0,0,0,0,0
2021,Panama,colombia,,stay,4.0,0.0,yes,1,,,0,0,0,0,0,0,0,0,0,0,0,0,0,0,0,0,0,0,0,0,0,0,Undecided,Undecided,0,0,0,0,0,0,0,0,0,0
2021,Panama,nicaragua,,dontknow,1.0,0.0,,1,,,0,0,0,0,0,0,0,0,0,0,0,0,0,0,0,0,0,0,0,0,0,0,StronglyAgree,StronglyDisagree,0,0,0,0,0,0,0,0,0,0
2021,Panama,colombia,,dontknow,2.0,0.0,yes,1,,,0,0,0,0,0,0,0,0,0,0,0,0,0,0,0,0,0,0,0,0,0,0,StronglyAgree,Agree,1,0,0,0,0,0,0,0,0,0
2021,Panama,colombia,,stay,2.0,0.0,yes,1,,,0,0,0,0,0,0,0,0,0,0,0,0,0,0,0,0,0,0,0,0,0,0,Agree,Disagree,0,0,0,0,0,0,0,0,0,0
2021,Panama,venezuela,,dontknow,1.0,1.0,yes,1,,,0,0,0,0,0,0,0,0,0,0,0,0,0,0,0,0,0,0,0,0,0,0,StronglyAgree,StronglyAgree,1,0,0,0,0,0,0,0,0,0
2021,Panama,colombia,,stay,1.0,0.0,yes,0,,,0,0,0,0,0,0,0,0,0,0,0,0,0,0,0,0,0,0,0,0,0,0,StronglyAgree,StronglyAgree,1,0,0,0,0,0,0,0,0,0
2021,Panama,nicaragua,,stay,3.0,1.0,yes,1,yes,no,0,0,0,0,0,0,0,0,0,0,0,0,0,0,0,0,0,0,0,0,0,0,StronglyAgree,StronglyAgree,0,0,0,0,0,0,0,0,0,0
2021,Panama,other,,stay,2.0,0.0,yes,0,,,0,0,0,0,0,0,0,0,0,0,0,0,0,0,0,0,0,0,0,0,0,0,Undecided,StronglyAgree,0,0,0,0,0,0,0,0,0,0
2021,Panama,colombia,,relocate,2.0,1.0,yes,1,,,0,0,0,0,0,0,0,0,0,0,0,0,0,0,0,0,0,0,0,0,0,0,StronglyAgree,Undecided,0,0,0,0,0,0,0,0,0,0
2021,Panama,nicaragua,,relocate,2.0,0.0,yes,1,,,0,0,0,0,0,0,0,0,0,0,0,0,0,0,0,0,0,0,0,0,0,0,,Agree,0,0,0,0,0,0,0,0,0,0
2021,Panama,venezuela,,stay,,0.0,yes,1,,,0,0,0,0,0,0,0,0,0,0,0,0,0,0,0,0,0,0,0,0,0,0,StronglyAgree,StronglyAgree,0,0,0,0,0,0,0,0,0,0
2021,Panama,colombia,,stay,1.0,0.0,yes,1,,,0,0,0,0,0,0,0,0,0,0,0,0,0,0,0,0,0,0,0,0,0,0,Agree,StronglyAgree,1,0,0,0,0,0,0,0,0,0
2021,Panama,nicaragua,,stay,1.0,0.0,yes,0,,,0,0,0,0,0,0,0,0,0,0,0,0,0,0,0,0,0,0,0,0,0,0,,Agree,1,0,0,0,0,0,0,0,0,0
2021,Panama,venezuela,,stay,2.0,0.0,yes,1,,,0,0,0,0,0,0,0,0,0,0,0,0,0,0,0,0,0,0,0,0,0,0,StronglyAgree,StronglyAgree,1,0,0,0,0,0,0,0,0,0
2021,Panama,other,,stay,3.0,0.0,yes,1,,,0,0,0,0,0,0,0,0,0,0,0,0,0,0,0,0,0,0,0,0,0,0,StronglyAgree,Agree,1,0,0,0,0,0,0,0,0,0
2021,Panama,venezuela,,stay,2.0,0.0,,1,,,0,0,0,0,0,0,0,0,0,0,0,0,0,0,0,0,0,0,0,0,0,0,,StronglyAgree,1,0,0,0,0,0,0,0,0,0
2021,Panama,venezuela,,stay,1.0,0.0,yes,1,,,0,0,0,0,0,0,0,0,0,0,0,0,0,0,0,0,0,0,0,0,0,0,StronglyAgree,StronglyAgree,0,0,0,0,0,0,0,0,0,0
2021,Panama,venezuela,,stay,2.0,2.0,yes,1,yes,yes,0,0,0,0,0,0,0,0,0,0,0,0,0,0,0,0,0,0,0,0,0,0,Disagree,StronglyAgree,1,0,0,0,0,0,0,0,1,0
2021,Panama,nicaragua,,relocate,1.0,0.0,yes,1,,,0,0,0,0,0,0,0,0,0,0,0,0,0,0,0,0,0,0,0,0,0,0,StronglyAgree,StronglyAgree,1,0,0,0,0,0,0,0,0,0
2021,Panama,venezuela,,stay,2.0,0.0,yes,1,,,0,0,0,0,0,0,0,0,0,0,0,0,0,0,0,0,0,0,0,0,0,0,StronglyAgree,StronglyAgree,1,0,0,0,0,0,0,0,0,0
2021,Panama,nicaragua,,dontknow,2.0,2.0,yes,1,no,,0,1,0,0,0,0,0,0,0,0,1,0,0,0,0,0,0,0,0,0,0,0,StronglyAgree,StronglyAgree,1,0,0,0,0,0,0,0,0,0
2021,Panama,nicaragua,,stay,1.0,1.0,yes,1,yes,yes,0,0,0,0,0,0,0,0,0,0,0,0,0,0,0,0,0,0,0,0,0,0,StronglyAgree,StronglyAgree,0,0,0,0,0,0,0,0,0,0
2021,Panama,venezuela,,stay,1.0,0.0,yes,1,,,0,0,0,0,0,0,0,0,0,0,0,0,0,0,0,0,0,0,0,0,0,0,StronglyAgree,StronglyAgree,0,0,0,0,0,0,0,0,0,0
2021,Panama,venezuela,,stay,1.0,0.0,yes,0,,,0,0,0,0,0,0,0,0,0,0,0,0,0,0,0,0,0,0,0,0,0,0,StronglyAgree,Undecided,0,0,0,0,0,0,0,0,0,0
2021,Panama,colombia,,stay,2.0,3.0,yes,1,yes,no,0,0,0,0,0,0,0,0,0,0,0,0,0,0,0,0,0,0,0,0,0,0,StronglyAgree,StronglyAgree,0,0,0,0,0,0,0,0,0,0
2021,Panama,venezuela,,stay,3.0,0.0,yes,1,,,0,0,0,0,0,0,0,0,0,0,0,0,0,0,0,0,0,0,0,0,0,0,,Agree,0,0,0,0,0,0,0,0,0,0
2021,Panama,nicaragua,,stay,2.0,1.0,yes,1,yes,yes,0,0,0,0,0,0,0,0,0,0,0,0,0,0,0,0,0,0,0,0,0,0,StronglyDisagree,StronglyAgree,0,0,0,0,0,0,0,0,0,1
2021,Panama,colombia,,stay,2.0,1.0,yes,1,yes,no,0,0,0,0,0,0,0,0,0,0,0,0,0,0,0,0,0,0,0,0,0,0,StronglyAgree,StronglyAgree,0,0,0,0,0,0,0,0,0,0
2021,Panama,venezuela,,stay,3.0,0.0,yes,1,,,0,0,0,0,0,0,0,0,0,0,0,0,0,0,0,0,0,0,0,0,0,0,,Undecided,0,0,0,0,0,0,0,0,0,0
2021,Panama,nicaragua,,stay,1.0,0.0,yes,0,,,0,0,0,0,0,0,0,0,0,0,0,0,0,0,0,0,0,0,0,0,0,0,StronglyAgree,StronglyAgree,0,0,0,0,0,0,0,0,0,0
2021,Panama,venezuela,,stay,2.0,1.0,yes,1,,,0,0,0,0,0,0,0,0,0,0,0,0,0,0,0,0,0,0,0,0,0,0,StronglyAgree,StronglyAgree,1,0,0,0,0,0,0,0,0,0
2021,Panama,nicaragua,,stay,2.0,0.0,yes,1,,,0,0,0,0,0,0,0,0,0,0,0,0,0,0,0,0,0,0,0,0,0,0,,StronglyAgree,1,0,1,1,1,1,0,0,0,0
2021,Panama,other,,dontknow,2.0,2.0,yes,1,yes,yes,0,0,0,0,0,0,0,0,0,0,0,0,0,0,0,0,0,0,0,0,0,0,StronglyAgree,StronglyAgree,1,0,0,0,0,0,0,0,0,0
2021,Panama,colombia,,stay,2.0,3.0,yes,1,yes,yes,0,0,0,0,0,0,0,0,0,0,0,0,0,0,0,0,0,0,0,0,0,0,StronglyAgree,StronglyAgree,0,0,0,0,0,0,0,0,0,0
2021,Panama,nicaragua,,stay,3.0,4.0,yes,1,yes,yes,0,0,0,0,0,0,0,0,0,0,0,0,0,0,0,0,0,0,0,0,0,0,StronglyAgree,StronglyAgree,1,0,0,0,0,0,0,0,0,0
2021,Panama,nicaragua,,stay,2.0,0.0,yes,1,,,0,0,0,0,0,0,0,0,0,0,0,0,0,0,0,0,0,0,0,0,0,0,,StronglyAgree,1,0,0,0,0,0,0,0,0,0
2021,Panama,venezuela,,stay,2.0,2.0,yes,1,,,0,0,0,0,0,0,0,0,0,0,0,0,0,0,0,0,0,0,0,0,0,0,StronglyAgree,Undecided,0,0,0,0,0,0,0,0,0,0
2021,Panama,nicaragua,,stay,2.0,0.0,yes,1,,,0,0,0,0,0,0,0,0,0,0,0,0,0,0,0,0,0,0,0,0,0,0,StronglyAgree,Agree,0,0,0,0,0,0,0,0,0,0
2021,Panama,colombia,,stay,3.0,0.0,yes,1,,,0,0,0,0,0,0,0,0,0,0,0,0,0,0,0,0,0,0,0,0,0,0,Agree,StronglyAgree,1,0,0,0,0,0,0,0,0,0
2021,Panama,venezuela,,stay,2.0,1.0,yes,0,no,,0,0,0,0,0,0,0,0,1,0,0,0,0,0,0,0,0,0,0,0,1,0,StronglyAgree,StronglyAgree,1,0,0,0,0,0,0,0,0,0
2021,Panama,other,,stay,2.0,1.0,yes,1,yes,yes,0,0,0,0,0,0,0,0,0,0,0,0,0,0,0,0,0,0,0,0,0,0,,StronglyAgree,0,0,0,0,0,0,0,0,0,0
2021,Panama,colombia,,dontknow,1.0,0.0,yes,1,,,0,0,0,0,0,0,0,0,0,0,0,0,0,0,0,0,0,0,0,0,0,0,,StronglyAgree,1,0,1,1,1,0,0,0,0,0
2021,Panama,other,,dontknow,2.0,0.0,yes,1,,,0,0,0,0,0,0,0,0,0,0,0,0,0,0,0,0,0,0,0,0,0,0,StronglyAgree,StronglyAgree,1,0,0,0,0,0,0,0,0,0
2021,Panama,colombia,,stay,1.0,0.0,yes,1,,,0,0,0,0,0,0,0,0,0,0,0,0,0,0,0,0,0,0,0,0,0,0,Agree,Undecided,0,0,0,0,0,0,0,0,0,0
2021,Panama,nicaragua,,stay,,0.0,yes,1,,,0,0,0,0,0,0,0,0,0,0,0,0,0,0,0,0,0,0,0,0,0,0,,StronglyAgree,1,0,0,0,0,1,0,0,0,0
2021,Panama,venezuela,,stay,2.0,1.0,yes,0,,,0,0,0,0,0,0,0,0,0,0,0,0,0,0,0,0,0,0,0,0,0,0,StronglyAgree,Agree,1,0,0,0,0,0,0,0,0,0
2021,Panama,colombia,,stay,2.0,1.0,yes,1,yes,no,0,0,0,0,0,0,0,0,0,0,0,0,0,0,0,0,0,0,0,0,0,0,Undecided,StronglyAgree,1,0,0,0,0,0,0,0,0,0
2021,Panama,colombia,,stay,1.0,0.0,yes,1,,,0,0,0,0,0,0,0,0,0,0,0,0,0,0,0,0,0,0,0,0,0,0,,StronglyAgree,0,0,0,0,0,0,0,0,0,0
2021,Panama,other,,relocate,1.0,0.0,yes,1,,,0,0,0,0,0,0,0,0,0,0,0,0,0,0,0,0,0,0,0,0,0,0,StronglyAgree,StronglyAgree,0,0,0,0,0,0,0,0,0,0
2021,Panama,colombia,,stay,2.0,0.0,yes,1,,,0,0,0,0,0,0,0,0,0,0,0,0,0,0,0,0,0,0,0,0,0,0,,StronglyAgree,0,0,0,0,0,1,0,0,0,0
2021,Panama,colombia,,stay,2.0,1.0,yes,0,yes,yes,0,0,0,0,0,0,0,0,0,0,0,0,0,0,0,0,0,0,0,0,0,0,Agree,StronglyAgree,0,0,0,0,0,0,0,0,0,0
2021,Panama,nicaragua,,stay,2.0,0.0,yes,1,,,0,0,0,0,0,0,0,0,0,0,0,0,0,0,0,0,0,0,0,0,0,0,StronglyAgree,Disagree,0,0,0,0,0,0,0,0,0,0
2021,Panama,nicaragua,,stay,1.0,0.0,yes,1,,,0,0,0,0,0,0,0,0,0,0,0,0,0,0,0,0,0,0,0,0,0,0,StronglyAgree,StronglyAgree,0,0,0,0,0,0,0,0,0,0
2021,Panama,nicaragua,,stay,1.0,0.0,yes,1,,,0,0,0,0,0,0,0,0,0,0,0,0,0,0,0,0,0,0,0,0,0,0,StronglyAgree,StronglyAgree,1,0,0,0,0,0,0,0,0,0
2021,Panama,colombia,,stay,1.0,2.0,yes,1,yes,yes,0,0,0,0,0,0,0,0,0,0,0,0,0,0,0,0,0,0,0,0,0,0,StronglyAgree,Agree,0,0,0,0,0,0,0,0,0,0
2021,Panama,nicaragua,,stay,2.0,,,1,no,,1,1,0,0,0,0,0,0,0,0,0,0,0,0,0,0,0,0,0,1,0,0,StronglyAgree,StronglyAgree,1,0,0,0,0,0,0,0,0,0
2021,Panama,nicaragua,,stay,1.0,2.0,yes,1,yes,no,0,0,0,0,0,0,0,0,0,0,0,0,0,0,0,0,0,0,0,0,0,0,StronglyAgree,Undecided,0,0,0,0,0,0,0,0,0,0
2021,Panama,other,,stay,2.0,2.0,yes,1,yes,yes,0,0,0,0,0,0,0,0,0,0,0,0,0,0,0,0,0,0,0,0,0,0,,StronglyAgree,1,0,0,0,0,0,0,0,0,0
2021,Panama,venezuela,,stay,2.0,2.0,yes,1,yes,yes,0,0,0,0,0,0,0,0,0,0,0,0,0,0,0,0,0,0,0,0,0,0,StronglyAgree,StronglyAgree,1,0,0,0,0,0,0,0,0,0
2021,Panama,colombia,,stay,3.0,0.0,yes,1,,,0,0,0,0,0,0,0,0,0,0,0,0,0,0,0,0,0,0,0,0,0,0,StronglyAgree,StronglyAgree,1,0,0,0,0,0,0,0,0,0
2021,Panama,colombia,,stay,2.0,2.0,yes,1,yes,no,0,0,0,0,0,0,0,0,0,0,0,0,0,0,0,0,0,0,0,0,0,0,Agree,StronglyAgree,1,0,0,0,0,0,0,0,0,0
2021,Panama,colombia,,stay,1.0,0.0,yes,0,,,0,0,0,0,0,0,0,0,0,0,0,0,0,0,0,0,0,0,0,0,0,0,StronglyAgree,StronglyAgree,1,0,0,0,0,0,0,0,0,0
2021,Panama,nicaragua,,stay,1.0,0.0,yes,0,,,0,0,0,0,0,0,0,0,0,0,0,0,0,0,0,0,0,0,0,0,0,0,StronglyAgree,StronglyAgree,1,0,0,0,0,0,0,0,0,0
2021,Panama,other,,stay,4.0,0.0,yes,1,,,0,0,0,0,0,0,0,0,0,0,0,0,0,0,0,0,0,0,0,0,0,0,StronglyAgree,Agree,1,0,0,0,0,0,0,0,0,0
2021,Panama,venezuela,,stay,4.0,0.0,yes,1,,,0,0,0,0,0,0,0,0,0,0,0,0,0,0,0,0,0,0,0,0,0,0,Undecided,StronglyAgree,1,0,0,0,0,0,0,0,0,0
2021,Panama,colombia,,stay,,0.0,yes,1,,,0,0,0,0,0,0,0,0,0,0,0,0,0,0,0,0,0,0,0,0,0,0,Undecided,StronglyDisagree,0,0,0,0,0,0,0,0,0,0
2021,Panama,colombia,,relocate,,3.0,yes,1,yes,no,0,0,0,0,0,0,0,0,0,0,0,0,0,0,0,0,0,0,0,0,0,0,StronglyAgree,StronglyAgree,1,0,0,0,0,0,0,0,0,0
2021,Panama,colombia,,stay,2.0,1.0,yes,0,no,,0,0,0,0,0,0,0,0,0,0,0,0,0,0,0,0,0,1,0,0,0,0,StronglyAgree,Undecided,0,0,0,0,0,0,0,0,0,0
2021,Panama,venezuela,,stay,2.0,1.0,yes,1,,,0,0,0,0,0,0,0,0,0,0,0,0,0,0,0,0,0,0,0,0,0,0,,StronglyAgree,1,0,0,0,0,0,0,0,0,0
2021,Panama,other,,stay,2.0,1.0,yes,1,,,0,0,0,0,0,0,0,0,0,0,0,0,0,0,0,0,0,0,0,0,0,0,StronglyAgree,Agree,0,0,0,0,0,0,0,0,0,0
2021,Panama,venezuela,,stay,2.0,0.0,yes,1,,,0,0,0,0,0,0,0,0,0,0,0,0,0,0,0,0,0,0,0,0,0,0,,Agree,1,0,0,0,0,0,0,0,0,0
2021,Panama,nicaragua,,stay,1.0,0.0,yes,1,,,0,0,0,0,0,0,0,0,0,0,0,0,0,0,0,0,0,0,0,0,0,0,StronglyAgree,StronglyAgree,1,0,0,0,0,0,0,0,0,0
2021,Panama,colombia,,stay,1.0,0.0,yes,1,,,0,0,0,0,0,0,0,0,0,0,0,0,0,0,0,0,0,0,0,0,0,0,Undecided,Agree,0,0,0,0,0,0,0,0,0,0
2021,Panama,other,,stay,1.0,0.0,yes,1,,,0,0,0,0,0,0,0,0,0,0,0,0,0,0,0,0,0,0,0,0,0,0,StronglyAgree,StronglyAgree,0,0,0,0,0,0,0,0,0,0
2021,Panama,nicaragua,,stay,1.0,2.0,yes,1,yes,yes,0,0,0,0,0,0,0,0,0,0,0,0,0,0,0,0,0,0,0,0,0,0,,StronglyAgree,1,0,0,0,0,0,0,0,0,0
2021,Panama,venezuela,,relocate,2.0,0.0,yes,1,,,0,0,0,0,0,0,0,0,0,0,0,0,0,0,0,0,0,0,0,0,0,0,StronglyAgree,Disagree,0,0,0,0,0,0,0,0,0,0
2021,Panama,colombia,,stay,1.0,0.0,yes,1,,,0,0,0,0,0,0,0,0,0,0,0,0,0,0,0,0,0,0,0,0,0,0,,StronglyAgree,0,0,0,0,0,1,0,0,0,0
2021,Panama,venezuela,,relocate,1.0,1.0,yes,1,,,0,0,0,0,0,0,0,0,0,0,0,0,0,0,0,0,0,0,0,0,0,0,StronglyAgree,StronglyAgree,1,0,0,0,0,0,0,0,0,0
2021,Panama,venezuela,,stay,2.0,0.0,yes,1,,,0,0,0,0,0,0,0,0,0,0,0,0,0,0,0,0,0,0,0,0,0,0,,StronglyAgree,0,0,0,0,0,0,0,0,0,0
2021,Panama,colombia,,stay,,0.0,yes,1,,,0,0,0,0,0,0,0,0,0,0,0,0,0,0,0,0,0,0,0,0,0,0,StronglyAgree,StronglyAgree,0,0,0,0,0,0,0,0,0,0
2021,Panama,other,,stay,2.0,1.0,yes,1,,,0,0,0,0,0,0,0,0,0,0,0,0,0,0,0,0,0,0,0,0,0,0,StronglyAgree,StronglyAgree,1,0,0,0,0,0,0,0,0,0
2021,Panama,other,,relocate,1.0,0.0,yes,0,,,0,0,0,0,0,0,0,0,0,0,0,0,0,0,0,0,0,0,0,0,0,0,Disagree,Agree,0,0,0,1,0,0,0,0,0,0
2021,Panama,nicaragua,,stay,1.0,0.0,yes,0,,,0,0,0,0,0,0,0,0,0,0,0,0,0,0,0,0,0,0,0,0,0,0,StronglyAgree,StronglyAgree,0,0,0,0,0,0,0,0,0,0
2021,Panama,venezuela,,stay,4.0,0.0,yes,1,,,0,0,0,0,0,0,0,0,0,0,0,0,0,0,0,0,0,0,0,0,0,0,StronglyAgree,StronglyAgree,1,0,0,0,0,0,0,0,0,0
2021,Panama,nicaragua,,stay,1.0,0.0,yes,1,,,0,0,0,0,0,0,0,0,0,0,0,0,0,0,0,0,0,0,0,0,0,0,StronglyAgree,StronglyAgree,0,0,0,0,0,0,0,0,0,0
2021,Panama,nicaragua,,stay,2.0,0.0,yes,1,,,0,0,0,0,0,0,0,0,0,0,0,0,0,0,0,0,0,0,0,0,0,0,,Undecided,0,0,0,0,0,0,0,0,0,0
2021,Panama,colombia,,stay,1.0,0.0,yes,1,,,0,0,0,0,0,0,0,0,0,0,0,0,0,0,0,0,0,0,0,0,0,0,,StronglyAgree,0,0,0,0,0,0,0,0,0,0
2021,Panama,venezuela,,dontknow,3.0,1.0,,1,yes,yes,0,0,0,0,0,0,0,0,0,0,0,0,0,0,0,0,0,0,0,0,0,0,,StronglyAgree,1,0,0,0,0,0,0,0,0,0
2021,Panama,nicaragua,,stay,1.0,0.0,yes,1,,,0,0,0,0,0,0,0,0,0,0,0,0,0,0,0,0,0,0,0,0,0,0,StronglyAgree,StronglyAgree,0,0,0,0,0,0,0,0,0,0
2021,Panama,venezuela,,relocate,1.0,0.0,yes,1,,,0,0,0,0,0,0,0,0,0,0,0,0,0,0,0,0,0,0,0,0,0,0,,StronglyAgree,0,0,0,0,0,0,0,0,0,0
2021,Panama,other,,stay,2.0,2.0,yes,0,yes,yes,0,0,0,0,0,0,0,0,0,0,0,0,0,0,0,0,0,0,0,0,0,0,,Disagree,0,0,1,0,0,0,0,0,0,0
2021,Panama,nicaragua,,stay,2.0,0.0,yes,1,,,0,0,0,0,0,0,0,0,0,0,0,0,0,0,0,0,0,0,0,0,0,0,StronglyAgree,Agree,0,0,0,0,0,0,0,0,0,0
2021,Panama,nicaragua,,stay,2.0,0.0,yes,0,,,0,0,0,0,0,0,0,0,0,0,0,0,0,0,0,0,0,0,0,0,0,0,StronglyAgree,Disagree,0,0,0,0,0,0,0,0,0,0
2021,Panama,nicaragua,,stay,2.0,1.0,yes,1,no,,0,0,0,0,0,0,0,0,0,0,0,0,0,0,0,0,0,1,0,1,0,0,StronglyAgree,StronglyAgree,1,0,0,0,0,0,0,0,0,0
2021,Panama,nicaragua,,stay,1.0,0.0,yes,1,,,0,0,0,0,0,0,0,0,0,0,0,0,0,0,0,0,0,0,0,0,0,0,,Agree,1,0,0,0,0,0,0,0,0,0
2021,Panama,colombia,,stay,1.0,0.0,yes,1,,,0,0,0,0,0,0,0,0,0,0,0,0,0,0,0,0,0,0,0,0,0,0,StronglyAgree,Disagree,0,0,0,0,0,0,0,0,0,0
2021,Panama,colombia,,stay,1.0,0.0,yes,1,,,0,0,0,0,0,0,0,0,0,0,0,0,0,0,0,0,0,0,0,0,0,0,StronglyAgree,Agree,1,0,0,0,0,0,0,0,0,0
2021,Panama,nicaragua,,stay,2.0,2.0,yes,1,yes,no,0,0,0,0,0,0,0,0,0,0,0,0,0,0,0,0,0,0,0,0,0,1,StronglyAgree,StronglyAgree,1,0,0,0,0,0,0,0,0,0
2021,Panama,nicaragua,,stay,2.0,1.0,yes,1,yes,no,0,0,0,0,0,0,0,0,0,0,0,0,0,0,0,0,0,0,0,0,0,0,,StronglyAgree,1,0,0,0,0,0,0,0,0,0
2021,Panama,colombia,,stay,2.0,2.0,yes,1,,,0,0,0,0,0,0,0,0,0,0,0,0,0,0,0,0,0,0,0,0,0,0,StronglyAgree,StronglyAgree,1,0,0,0,0,0,0,0,0,0
2021,Panama,nicaragua,,relocate,1.0,1.0,yes,1,,,0,0,0,0,0,0,0,0,0,0,0,0,0,0,0,0,0,0,0,0,0,0,Undecided,StronglyAgree,0,0,0,0,0,0,0,0,0,0
2021,Panama,colombia,,dontknow,3.0,2.0,yes,1,,Nainpersonclasses,0,0,0,0,0,0,0,0,0,0,0,0,0,0,0,0,0,0,0,0,0,0,StronglyAgree,Agree,1,0,0,0,0,0,0,0,0,0
2021,Panama,nicaragua,,stay,,0.0,yes,1,,,0,0,0,0,0,0,0,0,0,0,0,0,0,0,0,0,0,0,0,0,0,0,StronglyAgree,StronglyAgree,0,0,0,0,0,0,0,0,0,0
2021,Panama,venezuela,,relocate,2.0,1.0,yes,1,no,,0,0,0,0,0,0,0,0,1,0,0,0,0,0,0,0,0,0,0,0,0,0,StronglyAgree,StronglyAgree,1,0,0,0,0,0,0,0,0,0
2021,Panama,nicaragua,,stay,1.0,1.0,yes,1,yes,yes,0,0,0,0,0,0,0,0,0,0,0,0,0,0,0,0,0,0,0,0,0,0,StronglyAgree,StronglyAgree,1,0,0,0,0,0,0,0,0,0
2021,Panama,colombia,,stay,2.0,1.0,yes,1,yes,yes,0,0,0,0,0,0,0,0,0,0,0,0,0,0,0,0,0,0,0,0,0,0,StronglyAgree,Agree,0,0,0,0,0,0,0,0,0,0
2021,Panama,other,,stay,1.0,0.0,yes,1,,,0,0,0,0,0,0,0,0,0,0,0,0,0,0,0,0,0,0,0,0,0,0,,StronglyAgree,1,0,0,0,0,0,0,0,0,0
2021,Panama,venezuela,,stay,1.0,0.0,yes,1,,,0,0,0,0,0,0,0,0,0,0,0,0,0,0,0,0,0,0,0,0,0,0,StronglyAgree,StronglyAgree,1,0,0,0,0,0,0,0,0,0
2021,Panama,other,,relocate,1.0,0.0,yes,1,,,0,0,0,0,0,0,0,0,0,0,0,0,0,0,0,0,0,0,0,0,0,0,,StronglyAgree,1,0,0,0,0,0,0,0,0,0
2021,Panama,colombia,,stay,4.0,1.0,yes,1,yes,yes,0,0,0,0,0,0,0,0,0,0,0,0,0,0,0,0,0,0,0,0,0,0,StronglyAgree,StronglyAgree,1,0,0,0,0,0,0,0,0,0
2021,Panama,venezuela,,stay,1.0,0.0,yes,1,,,0,0,0,0,0,0,0,0,0,0,0,0,0,0,0,0,0,0,0,0,0,0,StronglyAgree,StronglyAgree,1,0,0,0,0,0,0,0,0,0
2021,Panama,colombia,,stay,1.0,0.0,yes,1,,,0,0,0,0,0,0,0,0,0,0,0,0,0,0,0,0,0,0,0,0,0,0,,StronglyAgree,1,0,0,0,0,0,0,0,0,0
2021,Panama,colombia,,stay,1.0,0.0,yes,0,,,0,0,0,0,0,0,0,0,0,0,0,0,0,0,0,0,0,0,0,0,0,0,,Agree,1,0,0,0,0,0,0,0,0,0
2021,Panama,colombia,,stay,1.0,3.0,yes,1,yes,no,0,0,0,0,0,0,0,0,0,0,0,0,0,0,0,0,0,0,0,0,0,0,,StronglyAgree,1,0,1,0,0,1,0,0,0,0
2021,Panama,nicaragua,,stay,2.0,0.0,yes,1,,,0,0,0,0,0,0,0,0,0,0,0,0,0,0,0,0,0,0,0,0,0,0,StronglyAgree,StronglyAgree,1,0,0,0,0,0,0,0,0,0
2021,Panama,other,,dontknow,3.0,1.0,yes,1,yes,no,0,0,0,0,0,0,0,0,0,0,0,0,0,0,0,0,0,0,0,0,0,0,Disagree,StronglyAgree,1,0,1,0,0,0,0,0,1,0
2021,Panama,colombia,,dontknow,3.0,1.0,yes,1,yes,yes,0,0,0,0,0,0,0,0,0,0,0,0,0,0,0,0,0,0,0,0,0,0,StronglyAgree,Agree,0,0,0,0,0,0,0,0,0,0
2021,Panama,venezuela,,stay,1.0,1.0,yes,1,no,,0,0,0,0,0,0,0,0,0,0,0,0,0,0,0,0,0,0,0,1,0,0,StronglyAgree,StronglyAgree,1,0,0,0,0,0,0,0,0,0
2021,Panama,nicaragua,,stay,3.0,2.0,yes,1,yes,no,0,0,0,0,0,0,0,0,0,0,0,0,0,0,0,0,0,0,0,0,0,0,,StronglyAgree,1,0,0,0,0,0,0,0,0,0
2021,Panama,venezuela,,dontknow,1.0,0.0,yes,1,,,0,0,0,0,0,0,0,0,0,0,0,0,0,0,0,0,0,0,0,0,0,0,,Disagree,0,0,0,0,0,0,0,0,0,0
2021,Panama,other,,dontknow,2.0,1.0,yes,1,,,0,0,0,0,0,0,0,0,0,0,0,0,0,0,0,0,0,0,0,0,0,0,StronglyAgree,StronglyAgree,1,0,0,0,0,0,0,0,0,0
2021,Panama,venezuela,,stay,2.0,2.0,yes,1,yes,yes,0,0,0,0,0,0,0,0,0,0,0,0,0,0,0,0,0,0,0,0,0,0,StronglyAgree,StronglyAgree,1,0,0,0,0,0,0,0,0,0
2021,Panama,colombia,,stay,2.0,2.0,yes,1,yes,yes,0,0,0,0,0,0,0,0,0,0,0,0,0,0,0,0,0,0,0,0,0,0,,StronglyAgree,1,0,0,0,0,0,0,0,0,0
2021,Panama,nicaragua,,stay,1.0,0.0,yes,0,,,0,0,0,0,0,0,0,0,0,0,0,0,0,0,0,0,0,0,0,0,0,0,,StronglyAgree,0,0,0,0,0,1,0,0,1,0
2021,Panama,nicaragua,,stay,1.0,2.0,yes,1,no,,0,1,1,0,0,0,0,0,0,0,0,0,1,0,0,0,0,0,0,0,0,0,StronglyAgree,StronglyAgree,1,0,0,0,0,0,0,0,0,0
2021,Panama,venezuela,,stay,2.0,1.0,yes,1,,,0,0,0,0,0,0,0,0,0,0,0,0,0,0,0,0,0,0,0,0,0,0,,Undecided,0,0,0,0,0,0,0,0,0,0
2021,Panama,nicaragua,,stay,1.0,0.0,yes,1,,,0,0,0,0,0,0,0,0,0,0,0,0,0,0,0,0,0,0,0,0,0,0,,StronglyAgree,1,0,0,0,0,1,0,0,0,0
2021,Panama,nicaragua,,stay,,2.0,yes,1,no,,0,0,0,0,0,0,0,0,0,0,0,0,0,0,0,0,0,1,0,0,0,0,StronglyAgree,StronglyAgree,1,0,0,0,0,0,0,0,0,0
2021,Panama,nicaragua,,stay,2.0,1.0,yes,1,,,0,0,0,0,0,0,0,0,0,0,0,0,0,0,0,0,0,0,0,0,0,0,StronglyAgree,StronglyAgree,1,0,0,0,0,0,0,0,0,0
2021,Panama,nicaragua,,stay,1.0,0.0,yes,1,,,0,0,0,0,0,0,0,0,0,0,0,0,0,0,0,0,0,0,0,0,0,0,,Agree,1,0,0,0,0,0,0,0,0,0
2021,Panama,nicaragua,,stay,2.0,0.0,yes,0,,,0,0,0,0,0,0,0,0,0,0,0,0,0,0,0,0,0,0,0,0,0,0,StronglyAgree,Undecided,0,0,0,0,0,0,0,0,0,0
2021,Panama,nicaragua,,stay,1.0,0.0,yes,1,,,0,0,0,0,0,0,0,0,0,0,0,0,0,0,0,0,0,0,0,0,0,0,,StronglyAgree,1,0,0,0,0,0,0,0,0,0
2021,Panama,nicaragua,,stay,1.0,0.0,yes,1,,,0,0,0,0,0,0,0,0,0,0,0,0,0,0,0,0,0,0,0,0,0,0,,Agree,1,0,0,0,0,0,0,0,0,0
2021,Panama,other,,stay,1.0,0.0,yes,1,,,0,0,0,0,0,0,0,0,0,0,0,0,0,0,0,0,0,0,0,0,0,0,,Agree,0,0,1,1,0,1,0,0,0,0
2021,Panama,nicaragua,,stay,2.0,0.0,yes,1,,,0,0,0,0,0,0,0,0,0,0,0,0,0,0,0,0,0,0,0,0,0,0,StronglyAgree,StronglyAgree,0,0,0,0,0,0,0,0,0,0
2021,Panama,nicaragua,,stay,2.0,0.0,yes,1,,,0,0,0,0,0,0,0,0,0,0,0,0,0,0,0,0,0,0,0,0,0,0,,StronglyAgree,0,0,0,0,0,0,0,0,0,0
2021,Panama,colombia,,stay,2.0,3.0,yes,1,yes,no,0,0,0,0,0,0,0,0,0,0,0,0,0,0,0,0,0,0,0,0,0,0,StronglyAgree,StronglyAgree,0,0,0,0,0,0,0,0,0,0
2021,Panama,nicaragua,,stay,1.0,0.0,yes,1,,,0,0,0,0,0,0,0,0,0,0,0,0,0,0,0,0,0,0,0,0,0,0,,StronglyAgree,1,0,0,0,0,0,0,0,0,0
2021,Panama,colombia,,stay,1.0,0.0,yes,1,,,0,0,0,0,0,0,0,0,0,0,0,0,0,0,0,0,0,0,0,0,0,0,StronglyDisagree,Agree,0,0,0,0,0,0,0,0,0,1
2021,Panama,venezuela,,stay,4.0,1.0,yes,1,yes,no,0,0,0,0,0,0,0,0,0,0,0,0,0,0,0,0,0,0,0,0,0,0,StronglyAgree,Undecided,0,0,0,0,0,0,0,0,0,0
2021,Panama,nicaragua,,stay,1.0,0.0,yes,0,,,0,0,0,0,0,0,0,0,0,0,0,0,0,0,0,0,0,0,0,0,0,0,StronglyAgree,StronglyAgree,1,0,0,0,0,0,0,0,0,0
2021,Panama,nicaragua,,stay,2.0,1.0,yes,0,,,0,0,0,0,0,0,0,0,0,0,0,0,0,0,0,0,0,0,0,0,0,0,Disagree,Undecided,0,0,0,0,0,0,0,0,0,0
2021,Panama,nicaragua,,dontknow,3.0,1.0,yes,1,yes,yes,0,0,0,0,0,0,0,0,0,0,0,0,0,0,0,0,0,0,0,0,0,0,,Agree,0,0,0,0,0,0,0,0,1,0
2021,Panama,colombia,,stay,3.0,0.0,yes,1,,,0,0,0,0,0,0,0,0,0,0,0,0,0,0,0,0,0,0,0,0,0,0,StronglyAgree,StronglyAgree,0,0,0,0,0,0,0,0,0,0
2021,Panama,nicaragua,,relocate,3.0,,yes,0,yes,yes,0,0,0,0,0,0,0,0,0,0,0,0,0,0,0,0,0,0,0,0,0,0,Undecided,StronglyAgree,0,0,0,0,0,0,0,0,0,0
2021,Panama,nicaragua,,stay,3.0,,yes,1,,,0,0,0,0,0,0,0,0,0,0,0,0,0,0,0,0,0,0,0,0,0,0,StronglyAgree,StronglyAgree,0,0,0,0,0,0,0,0,0,0
2021,Panama,venezuela,,stay,1.0,0.0,yes,1,,,0,0,0,0,0,0,0,0,0,0,0,0,0,0,0,0,0,0,0,0,0,0,,StronglyAgree,0,0,0,0,0,0,0,0,0,0
2021,Panama,other,,relocate,1.0,0.0,yes,1,,,0,0,0,0,0,0,0,0,0,0,0,0,0,0,0,0,0,0,0,0,0,0,,StronglyAgree,0,0,0,0,1,0,0,0,0,0
2021,Panama,colombia,,stay,2.0,2.0,yes,1,yes,yes,0,0,0,0,0,0,0,0,0,0,0,0,0,0,0,0,0,0,0,0,0,0,StronglyAgree,StronglyAgree,0,0,0,0,0,0,0,0,0,0
2021,Panama,nicaragua,,stay,1.0,2.0,yes,1,no,,0,0,0,0,0,0,0,0,0,0,0,0,0,0,0,0,0,1,0,0,0,0,,StronglyAgree,0,0,0,0,0,0,0,0,0,0
2021,Panama,nicaragua,,stay,2.0,0.0,yes,1,,,0,0,0,0,0,0,0,0,0,0,0,0,0,0,0,0,0,0,0,0,0,0,,Undecided,0,0,0,0,0,0,0,0,0,0
2021,Panama,colombia,,stay,3.0,0.0,yes,1,,,0,0,0,0,0,0,0,0,0,0,0,0,0,0,0,0,0,0,0,0,0,0,StronglyAgree,StronglyAgree,0,0,0,0,0,0,0,0,0,0
2021,Panama,nicaragua,,stay,,0.0,yes,1,,,0,0,0,0,0,0,0,0,0,0,0,0,0,0,0,0,0,0,0,0,0,0,,StronglyAgree,0,0,0,0,0,0,0,0,0,0
2021,Panama,colombia,,stay,1.0,0.0,yes,1,,,0,0,0,0,0,0,0,0,0,0,0,0,0,0,0,0,0,0,0,0,0,0,,Undecided,0,0,0,0,0,1,0,0,0,0
2021,Panama,venezuela,,stay,2.0,6.0,yes,1,yes,yes,0,0,0,0,0,0,0,0,0,0,0,0,0,0,0,0,0,0,0,0,0,0,,StronglyDisagree,0,0,0,0,0,0,0,0,0,0
2021,Panama,venezuela,,dontknow,3.0,0.0,,1,,,0,0,0,0,0,0,0,0,0,0,0,0,0,0,0,0,0,0,0,0,0,0,Agree,Agree,1,0,0,0,0,0,0,0,0,0
2021,Panama,nicaragua,,stay,4.0,,yes,1,yes,no,0,0,0,0,0,0,0,0,0,0,0,0,0,0,0,0,0,0,0,0,0,0,StronglyAgree,StronglyAgree,0,0,0,0,0,0,0,0,0,0
2021,Panama,other,,stay,2.0,3.0,yes,1,yes,no,0,0,0,0,0,0,0,0,0,0,0,0,0,0,0,0,0,0,0,0,0,1,Disagree,StronglyAgree,1,0,1,1,1,0,0,0,1,0
2021,Panama,nicaragua,,stay,1.0,0.0,yes,1,,,0,0,0,0,0,0,0,0,0,0,0,0,0,0,0,0,0,0,0,0,0,0,,StronglyAgree,0,0,0,0,0,0,0,0,0,0
2021,Panama,other,,stay,2.0,0.0,no,0,,,0,0,0,0,0,0,0,0,0,0,0,0,0,0,0,0,0,0,0,0,0,0,StronglyAgree,Agree,0,0,0,0,0,0,0,0,0,0
2021,Panama,other,,stay,4.0,1.0,yes,0,yes,yes,0,0,0,0,0,0,0,0,0,0,0,0,0,0,0,0,0,0,0,0,0,0,StronglyAgree,StronglyAgree,0,0,0,0,0,0,0,0,0,0
2021,Panama,venezuela,,stay,2.0,1.0,yes,1,yes,yes,0,0,0,0,0,0,0,0,0,0,0,0,0,0,0,0,0,0,0,0,0,0,,Agree,1,0,0,0,0,0,0,0,0,0
2021,Panama,nicaragua,,stay,2.0,0.0,yes,1,,,0,0,0,0,0,0,0,0,0,0,0,0,0,0,0,0,0,0,0,0,0,0,,StronglyAgree,0,0,0,0,0,0,0,0,0,0
2021,Panama,nicaragua,,relocate,2.0,0.0,yes,1,,,0,0,0,0,0,0,0,0,0,0,0,0,0,0,0,0,0,0,0,0,0,0,StronglyAgree,Agree,1,0,0,0,0,0,0,0,0,0
2021,Panama,venezuela,,stay,1.0,0.0,yes,1,,,0,0,0,0,0,0,0,0,0,0,0,0,0,0,0,0,0,0,0,0,0,0,,StronglyAgree,0,0,0,0,0,0,0,0,0,0
2021,Panama,colombia,,stay,2.0,0.0,yes,1,,,0,0,0,0,0,0,0,0,0,0,0,0,0,0,0,0,0,0,0,0,0,0,Disagree,Undecided,0,0,1,1,0,0,0,1,0,0
2021,Panama,nicaragua,,dontknow,2.0,0.0,yes,0,,,0,0,0,0,0,0,0,0,0,0,0,0,0,0,0,0,0,0,0,0,0,0,,StronglyAgree,0,0,0,0,0,0,0,0,0,0
2021,Panama,colombia,,relocate,4.0,1.0,yes,0,yes,yes,0,0,0,0,0,0,0,0,0,0,0,0,0,0,0,0,0,0,0,0,0,0,StronglyAgree,StronglyAgree,1,0,0,0,0,0,0,0,0,0
2021,Panama,nicaragua,,stay,3.0,,yes,1,yes,yes,0,0,0,0,0,0,0,0,0,0,0,0,0,0,0,0,0,0,0,0,0,0,,StronglyAgree,0,0,0,0,0,0,0,0,0,0
2021,Panama,venezuela,,stay,2.0,2.0,yes,1,no,,0,0,0,0,0,0,0,0,0,0,0,0,1,0,0,0,0,0,0,0,1,0,,StronglyAgree,1,0,0,0,0,0,0,0,0,0
2021,Panama,other,,stay,2.0,,yes,1,,,0,0,0,0,0,0,0,0,0,0,0,0,0,0,0,0,0,0,0,0,0,0,StronglyAgree,Agree,0,0,0,0,0,0,0,0,0,0
2021,Panama,other,,stay,2.0,1.0,yes,0,no,,0,0,0,0,0,0,0,0,1,0,0,0,0,0,0,0,0,0,0,0,0,0,StronglyAgree,StronglyAgree,0,0,0,0,0,0,0,0,0,0
2021,Panama,nicaragua,,stay,1.0,0.0,yes,1,,,0,0,0,0,0,0,0,0,0,0,0,0,0,0,0,0,0,0,0,0,0,0,Disagree,Agree,0,0,0,0,0,0,0,0,0,0
2021,Panama,other,,stay,3.0,2.0,yes,1,no,,0,0,0,0,0,0,0,0,0,0,0,0,1,0,0,0,0,0,0,0,0,0,StronglyAgree,Agree,1,0,0,0,0,0,0,0,0,0
2021,Panama,nicaragua,,stay,2.0,3.0,yes,0,yes,no,0,0,0,0,0,0,0,0,0,0,0,0,0,0,0,0,0,0,0,0,0,0,StronglyAgree,StronglyAgree,1,0,0,0,0,0,0,0,0,0
2021,Panama,nicaragua,,stay,2.0,2.0,yes,1,yes,yes,0,0,0,0,0,0,0,0,0,0,0,0,0,0,0,0,0,0,0,0,0,0,,StronglyAgree,1,0,1,0,0,1,1,0,0,0
2021,Panama,nicaragua,,stay,1.0,2.0,yes,1,yes,no,0,0,0,0,0,0,0,0,0,0,0,0,0,0,0,0,0,0,0,0,0,0,StronglyAgree,StronglyAgree,1,0,0,0,0,0,0,0,0,0
2021,Panama,colombia,,stay,2.0,3.0,yes,1,yes,no,0,0,0,0,0,0,0,0,0,0,0,0,0,0,0,0,0,0,0,0,0,0,StronglyAgree,Agree,0,0,0,0,0,0,0,0,0,0
2021,Panama,colombia,,stay,2.0,3.0,yes,1,yes,yes,0,0,0,0,0,0,0,0,0,0,0,0,0,0,0,0,0,0,0,0,0,0,StronglyAgree,Agree,0,0,0,0,0,0,0,0,0,0
2021,Panama,nicaragua,,stay,3.0,1.0,,1,yes,yes,0,0,0,0,0,0,0,0,0,0,0,0,0,0,0,0,0,0,0,0,0,0,StronglyAgree,StronglyDisagree,0,0,0,0,0,0,0,0,0,0
2021,Panama,colombia,,stay,2.0,2.0,yes,1,,,0,0,0,0,0,0,0,0,0,0,0,0,0,0,0,0,0,0,0,0,0,0,StronglyAgree,StronglyAgree,0,0,0,0,0,0,0,0,0,0
2021,Panama,colombia,,stay,1.0,0.0,yes,1,,,0,0,0,0,0,0,0,0,0,0,0,0,0,0,0,0,0,0,0,0,0,0,,Agree,0,0,0,0,0,0,0,0,0,0
2021,Panama,venezuela,,stay,3.0,1.0,yes,1,yes,yes,0,0,0,0,0,0,0,0,0,0,0,0,0,0,0,0,0,0,0,0,0,0,StronglyAgree,StronglyAgree,1,0,0,0,0,0,0,0,0,0
2021,Panama,colombia,,stay,4.0,1.0,yes,0,yes,yes,0,0,0,0,0,0,0,0,0,0,0,0,0,0,0,0,0,0,0,0,0,0,StronglyAgree,StronglyAgree,0,0,0,0,0,0,0,0,0,0
2021,Panama,nicaragua,,stay,1.0,0.0,yes,0,,,0,0,0,0,0,0,0,0,0,0,0,0,0,0,0,0,0,0,0,0,0,0,StronglyAgree,StronglyAgree,0,0,0,0,0,0,0,0,0,0
2021,Panama,venezuela,,dontknow,3.0,0.0,yes,1,,,0,0,0,0,0,0,0,0,0,0,0,0,0,0,0,0,0,0,0,0,0,0,,Agree,0,0,0,0,0,0,0,0,0,0
2021,Panama,other,,stay,,0.0,yes,1,,,0,0,0,0,0,0,0,0,0,0,0,0,0,0,0,0,0,0,0,0,0,0,Undecided,StronglyAgree,0,0,0,0,0,0,0,0,0,0
2021,Panama,colombia,,stay,2.0,1.0,yes,1,yes,yes,0,0,0,0,0,0,0,0,0,0,0,0,0,0,0,0,0,0,0,0,0,0,Disagree,StronglyAgree,1,0,1,1,0,0,0,0,0,0
2021,Panama,other,,stay,4.0,,yes,1,yes,no,0,0,0,0,0,0,0,0,0,0,0,0,0,0,0,0,0,0,0,0,0,0,StronglyAgree,Agree,0,0,0,0,0,0,0,0,0,0
2021,Panama,nicaragua,,stay,1.0,0.0,yes,1,,,0,0,0,0,0,0,0,0,0,0,0,0,0,0,0,0,0,0,0,0,0,0,StronglyAgree,Undecided,0,0,0,0,0,0,0,0,0,0
2021,Panama,other,,stay,,1.0,yes,1,no,,0,0,0,0,0,0,0,0,0,0,0,0,1,0,0,0,0,1,0,0,0,0,,StronglyAgree,1,0,1,0,0,0,0,0,0,0
2021,Panama,venezuela,,dontknow,1.0,0.0,yes,1,,,0,0,0,0,0,0,0,0,0,0,0,0,0,0,0,0,0,0,0,0,0,0,,StronglyAgree,1,0,0,0,0,0,0,0,0,0
2021,Panama,colombia,,stay,1.0,0.0,yes,1,,,0,0,0,0,0,0,0,0,0,0,0,0,0,0,0,0,0,0,0,0,0,0,,StronglyAgree,0,0,0,0,0,0,0,0,0,0
2021,Panama,nicaragua,,stay,2.0,0.0,yes,0,,,0,0,0,0,0,0,0,0,0,0,0,0,0,0,0,0,0,0,0,0,0,0,StronglyAgree,Agree,0,0,0,0,0,0,0,0,0,0
2021,Panama,nicaragua,,stay,2.0,1.0,yes,1,no,,0,0,0,0,0,0,0,0,0,0,0,0,0,0,0,0,0,1,0,0,1,0,,StronglyAgree,1,0,0,0,0,0,0,0,0,0
2021,Panama,nicaragua,,stay,2.0,2.0,yes,0,,,0,0,0,0,0,0,0,0,0,0,0,0,0,0,0,0,0,0,0,0,0,0,StronglyAgree,Undecided,0,0,0,0,0,0,0,0,0,0
2021,Panama,venezuela,,dontknow,2.0,2.0,yes,1,yes,yes,0,0,0,0,0,0,0,0,0,0,0,0,0,0,0,0,0,0,0,0,0,0,StronglyAgree,StronglyAgree,1,0,0,0,0,0,0,0,0,0
2021,Panama,colombia,,stay,2.0,4.0,yes,0,yes,no,0,0,0,0,0,0,0,0,0,0,0,0,0,0,0,0,0,0,0,0,0,0,StronglyAgree,Agree,1,0,0,0,0,0,0,0,0,0
2021,Panama,venezuela,,stay,,1.0,yes,1,yes,yes,0,0,0,0,0,0,0,0,0,0,0,0,0,0,0,0,0,0,0,0,0,0,StronglyAgree,Undecided,0,0,0,0,0,0,0,0,0,0
2021,Panama,other,,stay,2.0,0.0,yes,1,,,0,0,0,0,0,0,0,0,0,0,0,0,0,0,0,0,0,0,0,0,0,0,StronglyAgree,StronglyAgree,1,0,0,0,0,0,0,0,0,0
2021,Panama,nicaragua,,stay,1.0,0.0,yes,0,,,0,0,0,0,0,0,0,0,0,0,0,0,0,0,0,0,0,0,0,0,0,0,Agree,StronglyAgree,1,0,0,0,0,0,0,0,0,0
2021,Panama,nicaragua,,stay,1.0,0.0,yes,1,,,0,0,0,0,0,0,0,0,0,0,0,0,0,0,0,0,0,0,0,0,0,0,StronglyAgree,StronglyAgree,1,0,0,0,0,0,0,0,0,0
2021,Panama,venezuela,,stay,1.0,0.0,yes,1,,,0,0,0,0,0,0,0,0,0,0,0,0,0,0,0,0,0,0,0,0,0,0,,StronglyAgree,0,0,0,0,0,0,0,0,0,0
2021,Panama,other,,dontknow,1.0,0.0,yes,1,,,0,0,0,0,0,0,0,0,0,0,0,0,0,0,0,0,0,0,0,0,0,0,,StronglyAgree,1,0,0,0,0,0,0,0,0,0
2021,Panama,venezuela,,stay,2.0,0.0,yes,0,,,0,0,0,0,0,0,0,0,0,0,0,0,0,0,0,0,0,0,0,0,0,0,,StronglyAgree,1,0,0,0,0,0,0,0,0,0
2021,Panama,other,,stay,3.0,2.0,yes,1,yes,no,0,0,0,0,0,0,0,0,0,0,0,0,0,0,0,0,0,0,0,0,0,0,StronglyAgree,Disagree,0,0,0,0,0,0,0,0,0,0
2021,Panama,nicaragua,,stay,2.0,1.0,yes,1,,,0,0,0,0,0,0,0,0,0,0,0,0,0,0,0,0,0,0,0,0,0,0,StronglyAgree,StronglyDisagree,0,0,0,0,0,0,0,0,0,0
2021,Panama,venezuela,,relocate,2.0,0.0,yes,1,,,0,0,0,0,0,0,0,0,0,0,0,0,0,0,0,0,0,0,0,0,0,0,,Agree,0,0,0,0,0,0,0,0,0,0
2021,Panama,venezuela,,stay,1.0,0.0,yes,0,,,0,0,0,0,0,0,0,0,0,0,0,0,0,0,0,0,0,0,0,0,0,0,,StronglyAgree,1,0,1,0,0,0,0,0,0,0
2021,Panama,colombia,,stay,2.0,,no,1,yes,no,0,0,0,0,0,0,0,0,0,0,0,0,0,0,0,0,0,0,0,0,0,0,Undecided,StronglyAgree,1,0,0,0,0,0,0,0,0,0
2021,Panama,venezuela,,stay,1.0,0.0,yes,0,,,0,0,0,0,0,0,0,0,0,0,0,0,0,0,0,0,0,0,0,0,0,0,StronglyAgree,Undecided,0,0,0,0,0,0,0,0,0,0
2021,Panama,venezuela,,stay,1.0,0.0,yes,1,,,0,0,0,0,0,0,0,0,0,0,0,0,0,0,0,0,0,0,0,0,0,0,StronglyAgree,Undecided,0,0,0,0,0,0,0,0,0,0
2021,Panama,colombia,,stay,2.0,1.0,yes,1,yes,yes,0,0,0,0,0,0,0,0,0,0,0,0,0,0,0,0,0,0,0,0,0,0,StronglyAgree,StronglyAgree,0,0,0,0,0,0,0,0,0,0
2021,Panama,other,,stay,1.0,0.0,yes,1,,,0,0,0,0,0,0,0,0,0,0,0,0,0,0,0,0,0,0,0,0,0,0,,StronglyAgree,0,0,1,0,0,0,0,0,0,0
2021,Panama,nicaragua,,stay,3.0,1.0,yes,1,no,,1,1,0,0,0,0,0,0,0,0,0,0,0,0,0,0,0,0,0,0,0,0,Agree,StronglyAgree,0,0,0,0,0,0,0,0,0,0
2021,Panama,other,,relocate,3.0,1.0,yes,1,yes,no,0,0,0,0,0,0,0,0,0,0,0,0,0,0,0,0,0,0,0,0,0,0,StronglyAgree,StronglyAgree,0,0,0,0,0,0,0,0,0,0
2021,Panama,colombia,,stay,1.0,0.0,yes,1,,,0,0,0,0,0,0,0,0,0,0,0,0,0,0,0,0,0,0,0,0,0,0,,Agree,0,0,0,0,0,0,0,0,0,0
2021,Panama,nicaragua,,stay,2.0,2.0,yes,0,,,0,0,0,0,0,0,0,0,0,0,0,0,0,0,0,0,0,0,0,0,0,0,StronglyAgree,StronglyAgree,1,0,0,0,0,0,0,0,0,0
2021,Panama,nicaragua,,stay,1.0,0.0,yes,1,,,0,0,0,0,0,0,0,0,0,0,0,0,0,0,0,0,0,0,0,0,0,0,Undecided,Undecided,0,0,0,0,0,0,0,0,0,0
2021,Panama,colombia,,stay,4.0,2.0,yes,1,yes,no,0,0,0,0,0,0,0,0,0,0,0,0,0,0,0,0,0,0,0,0,0,0,StronglyAgree,StronglyAgree,0,0,0,0,0,0,0,0,0,0
2021,Panama,colombia,,stay,1.0,0.0,yes,1,,,0,0,0,0,0,0,0,0,0,0,0,0,0,0,0,0,0,0,0,0,0,0,StronglyAgree,StronglyAgree,0,0,0,0,0,0,0,0,0,0
2021,Panama,other,,dontknow,2.0,0.0,yes,1,,,0,0,0,0,0,0,0,0,0,0,0,0,0,0,0,0,0,0,0,0,0,0,StronglyAgree,Undecided,0,0,0,0,0,0,0,0,0,0
2021,Panama,other,,stay,2.0,1.0,yes,1,,,0,0,0,0,0,0,0,0,0,0,0,0,0,0,0,0,0,0,0,0,0,0,StronglyAgree,Agree,1,0,0,0,0,0,0,0,0,0
2021,Panama,other,,stay,1.0,0.0,yes,0,,,0,0,0,0,0,0,0,0,0,0,0,0,0,0,0,0,0,0,0,0,0,0,Disagree,StronglyAgree,1,0,1,1,0,0,0,0,0,0
2021,Panama,nicaragua,,stay,2.0,0.0,yes,0,,,0,0,0,0,0,0,0,0,0,0,0,0,0,0,0,0,0,0,0,0,0,0,,StronglyAgree,1,0,0,0,0,0,0,0,0,0
2021,Panama,colombia,,stay,2.0,3.0,no,1,yes,yes,0,0,0,0,0,0,0,0,0,0,0,0,0,0,0,0,0,0,0,0,0,0,StronglyAgree,StronglyDisagree,0,0,0,0,0,0,0,0,0,0
2021,Panama,venezuela,,stay,,1.0,yes,0,yes,yes,0,0,0,0,0,0,0,0,0,0,0,0,0,0,0,0,0,0,0,0,0,0,,StronglyAgree,1,0,0,0,0,0,0,0,0,0
2021,Panama,colombia,,stay,2.0,0.0,yes,1,,,0,0,0,0,0,0,0,0,0,0,0,0,0,0,0,0,0,0,0,0,0,0,StronglyAgree,StronglyAgree,1,0,0,0,0,0,0,0,0,0
2021,Panama,other,,dontknow,2.0,0.0,yes,0,,,0,0,0,0,0,0,0,0,0,0,0,0,0,0,0,0,0,0,0,0,0,0,StronglyAgree,Agree,0,0,0,0,0,0,0,0,0,0
2021,Panama,other,,stay,2.0,1.0,yes,1,yes,yes,0,0,0,0,0,0,0,0,0,0,0,0,0,0,0,0,0,0,0,0,0,0,StronglyAgree,StronglyAgree,0,0,0,0,0,0,0,0,0,0
2021,Panama,nicaragua,,relocate,2.0,0.0,yes,1,,,0,0,0,0,0,0,0,0,0,0,0,0,0,0,0,0,0,0,0,0,0,0,StronglyAgree,StronglyAgree,1,0,0,0,0,0,0,0,0,0
2021,Panama,venezuela,,stay,1.0,1.0,yes,1,yes,yes,0,0,0,0,0,0,0,0,0,0,0,0,0,0,0,0,0,0,0,0,0,0,StronglyAgree,StronglyAgree,1,0,0,0,0,0,0,0,0,0
2021,Panama,colombia,,stay,3.0,0.0,yes,1,,,0,0,0,0,0,0,0,0,0,0,0,0,0,0,0,0,0,0,0,0,0,0,StronglyAgree,StronglyAgree,1,0,0,0,0,0,0,0,0,0
2021,Panama,venezuela,,stay,2.0,1.0,yes,1,yes,yes,0,0,0,0,0,0,0,0,0,0,0,0,0,0,0,0,0,0,0,0,0,0,StronglyAgree,StronglyAgree,1,0,0,0,0,0,0,0,0,0
2021,Panama,nicaragua,,stay,2.0,,yes,0,yes,no,0,0,0,0,0,0,0,0,0,0,0,0,0,0,0,0,0,0,0,0,0,0,Undecided,StronglyAgree,1,0,0,0,0,0,0,0,0,0
2021,Panama,other,,stay,3.0,0.0,yes,1,,,0,0,0,0,0,0,0,0,0,0,0,0,0,0,0,0,0,0,0,0,0,0,StronglyAgree,StronglyAgree,0,0,0,0,0,0,0,0,0,0
2021,Panama,venezuela,,stay,1.0,0.0,yes,1,,,0,0,0,0,0,0,0,0,0,0,0,0,0,0,0,0,0,0,0,0,0,0,,StronglyAgree,1,0,0,0,0,0,0,0,0,0
2021,Panama,venezuela,,stay,2.0,1.0,yes,0,,,0,0,0,0,0,0,0,0,0,0,0,0,0,0,0,0,0,0,0,0,0,0,StronglyAgree,StronglyAgree,1,0,0,0,0,0,0,0,0,0
2021,Panama,nicaragua,,stay,1.0,0.0,yes,1,,,0,0,0,0,0,0,0,0,0,0,0,0,0,0,0,0,0,0,0,0,0,0,StronglyAgree,StronglyAgree,0,0,0,0,0,0,0,0,0,0
2021,Panama,colombia,,stay,2.0,1.0,yes,1,yes,no,0,0,0,0,0,0,0,0,0,0,0,0,0,0,0,0,0,0,0,0,0,0,StronglyAgree,StronglyAgree,0,0,0,0,0,0,0,0,0,0
2021,Panama,nicaragua,,stay,1.0,0.0,yes,0,,,0,0,0,0,0,0,0,0,0,0,0,0,0,0,0,0,0,0,0,0,0,0,,Undecided,0,0,0,0,0,0,0,0,0,0
2021,Panama,colombia,,stay,,1.0,yes,1,,,0,0,0,0,0,0,0,0,0,0,0,0,0,0,0,0,0,0,0,0,0,0,StronglyAgree,StronglyAgree,0,0,0,0,0,0,0,0,0,0
2021,Panama,venezuela,,stay,3.0,,yes,1,no,,1,0,0,0,0,0,0,0,0,0,0,0,1,0,0,0,0,0,0,0,1,0,Undecided,Agree,0,0,0,0,0,0,0,0,0,0
2021,Panama,nicaragua,,stay,3.0,1.0,yes,1,yes,no,0,0,0,0,0,0,0,0,0,0,0,0,0,0,0,0,0,0,0,0,0,0,,StronglyAgree,1,0,1,0,0,0,0,0,0,0
2021,Panama,colombia,,stay,2.0,2.0,yes,1,yes,no,0,0,0,0,0,0,0,0,0,0,0,0,0,0,0,0,0,0,0,0,0,0,StronglyAgree,StronglyAgree,1,0,0,0,0,0,0,0,0,0
2021,Panama,nicaragua,,stay,1.0,1.0,yes,0,yes,yes,0,0,0,0,0,0,0,0,0,0,0,0,0,0,0,0,0,0,0,0,0,0,StronglyAgree,StronglyAgree,1,0,0,0,0,0,0,0,0,0
2021,Panama,venezuela,,stay,2.0,1.0,yes,1,,,0,0,0,0,0,0,0,0,0,0,0,0,0,0,0,0,0,0,0,0,0,0,StronglyAgree,Disagree,0,0,0,0,0,0,0,0,0,0
2021,Panama,venezuela,,stay,2.0,2.0,yes,1,yes,yes,0,0,0,0,0,0,0,0,0,0,0,0,0,0,0,0,0,0,0,0,0,0,,Agree,1,0,1,1,0,1,1,1,0,0
2021,Panama,nicaragua,,stay,2.0,1.0,yes,0,,,0,0,0,0,0,0,0,0,0,0,0,0,0,0,0,0,0,0,0,0,0,0,StronglyAgree,StronglyAgree,1,0,0,0,0,0,0,0,0,0
2021,Panama,other,,stay,1.0,0.0,yes,1,,,0,0,0,0,0,0,0,0,0,0,0,0,0,0,0,0,0,0,0,0,0,0,,StronglyAgree,1,0,0,0,0,0,0,0,0,0
2021,Panama,venezuela,,stay,1.0,0.0,yes,1,,,0,0,0,0,0,0,0,0,0,0,0,0,0,0,0,0,0,0,0,0,0,0,Agree,StronglyAgree,0,0,0,0,0,0,0,0,0,0
2021,Panama,venezuela,,stay,2.0,2.0,yes,1,yes,yes,0,0,0,0,0,0,0,0,0,0,0,0,0,0,0,0,0,0,0,0,0,0,,Agree,1,0,0,0,0,0,0,0,0,0
2021,Panama,nicaragua,,stay,1.0,0.0,yes,0,,,0,0,0,0,0,0,0,0,0,0,0,0,0,0,0,0,0,0,0,0,0,0,StronglyAgree,Agree,0,0,0,0,0,0,0,0,0,0
2021,Panama,venezuela,,stay,1.0,0.0,yes,1,,,0,0,0,0,0,0,0,0,0,0,0,0,0,0,0,0,0,0,0,0,0,0,StronglyAgree,StronglyAgree,0,0,0,0,0,0,0,0,0,0
2021,Panama,nicaragua,,relocate,1.0,0.0,yes,1,,,0,0,0,0,0,0,0,0,0,0,0,0,0,0,0,0,0,0,0,0,0,0,StronglyAgree,StronglyAgree,0,0,0,0,0,0,0,0,0,0
2021,Panama,nicaragua,,stay,1.0,2.0,yes,1,yes,no,0,0,0,0,0,0,0,0,0,0,0,0,0,0,0,0,0,0,0,0,0,0,StronglyAgree,StronglyAgree,1,0,0,0,0,0,0,0,0,0
2021,Panama,other,,stay,1.0,0.0,yes,1,,,0,0,0,0,0,0,0,0,0,0,0,0,0,0,0,0,0,0,0,0,0,0,,Agree,0,0,0,0,0,0,0,0,0,0
2021,Panama,nicaragua,,stay,2.0,0.0,yes,0,,,0,0,0,0,0,0,0,0,0,0,0,0,0,0,0,0,0,0,0,0,0,0,StronglyAgree,Undecided,0,0,0,0,0,0,0,0,0,0
2021,Panama,nicaragua,,stay,1.0,1.0,yes,1,yes,no,0,0,0,0,0,0,0,0,0,0,0,0,0,0,0,0,0,0,0,0,0,0,StronglyAgree,StronglyAgree,1,0,0,0,0,0,0,0,0,0
2021,Panama,other,,stay,2.0,1.0,yes,0,,,0,0,0,0,0,0,0,0,0,0,0,0,0,0,0,0,0,0,0,0,0,0,Undecided,Undecided,0,0,0,0,0,0,0,0,0,0
2021,Panama,nicaragua,,stay,2.0,0.0,yes,1,,,0,0,0,0,0,0,0,0,0,0,0,0,0,0,0,0,0,0,0,0,0,0,StronglyAgree,StronglyAgree,1,0,0,0,0,0,0,0,0,0
2021,Panama,nicaragua,,stay,2.0,1.0,yes,0,,,0,0,0,0,0,0,0,0,0,0,0,0,0,0,0,0,0,0,0,0,0,0,StronglyAgree,StronglyAgree,1,0,0,0,0,0,0,0,0,0
2021,Panama,colombia,,stay,1.0,1.0,yes,1,yes,yes,0,0,0,0,0,0,0,0,0,0,0,0,0,0,0,0,0,0,0,0,0,0,StronglyAgree,StronglyAgree,1,0,0,0,0,0,0,0,0,0
2021,Panama,other,,stay,3.0,,yes,1,yes,no,0,0,0,0,0,0,0,0,0,0,0,0,0,0,0,0,0,0,0,0,0,0,StronglyAgree,Agree,0,0,0,0,0,0,0,0,0,0
2021,Panama,colombia,,stay,1.0,0.0,,1,,,0,0,0,0,0,0,0,0,0,0,0,0,0,0,0,0,0,0,0,0,0,0,StronglyAgree,StronglyAgree,1,0,0,0,0,0,0,0,0,0
2021,Panama,nicaragua,,stay,,1.0,yes,1,,,0,0,0,0,0,0,0,0,0,0,0,0,0,0,0,0,0,0,0,0,0,0,,StronglyAgree,0,0,0,0,0,0,0,0,0,0
2021,Panama,venezuela,,stay,1.0,2.0,yes,1,yes,yes,0,0,0,0,0,0,0,0,0,0,0,0,0,0,0,0,0,0,0,0,0,0,StronglyAgree,StronglyAgree,1,0,0,0,0,0,0,0,0,0
2021,Panama,venezuela,,stay,3.0,2.0,yes,0,yes,no,0,0,0,0,0,0,0,0,0,0,0,0,0,0,0,0,0,0,0,0,0,0,StronglyAgree,StronglyAgree,1,0,0,0,0,0,0,0,0,0
2021,Panama,colombia,,stay,2.0,3.0,no,1,yes,yes,0,0,0,0,0,0,0,0,0,0,0,0,0,0,0,0,0,0,0,0,0,0,StronglyAgree,Undecided,0,0,0,0,0,0,0,0,0,0
2021,Panama,other,,stay,1.0,0.0,yes,1,,,0,0,0,0,0,0,0,0,0,0,0,0,0,0,0,0,0,0,0,0,0,0,,StronglyAgree,1,0,0,0,0,0,0,0,0,0
2021,Panama,colombia,,stay,3.0,0.0,yes,1,,,0,0,0,0,0,0,0,0,0,0,0,0,0,0,0,0,0,0,0,0,0,0,StronglyAgree,StronglyAgree,0,0,0,0,0,0,0,0,0,0
2021,Panama,other,,stay,2.0,2.0,yes,1,yes,yes,0,0,0,0,0,0,0,0,0,0,0,0,0,0,0,0,0,0,0,0,0,0,,StronglyAgree,0,0,1,0,0,1,0,0,0,0
2021,Panama,colombia,,stay,3.0,0.0,yes,1,,,0,0,0,0,0,0,0,0,0,0,0,0,0,0,0,0,0,0,0,0,0,0,StronglyAgree,Undecided,0,0,0,0,0,0,0,0,0,0
2021,Panama,venezuela,,stay,1.0,0.0,yes,1,,,0,0,0,0,0,0,0,0,0,0,0,0,0,0,0,0,0,0,0,0,0,0,,StronglyAgree,0,0,0,0,0,0,0,0,0,0
2021,Panama,other,,stay,2.0,0.0,yes,0,,,0,0,0,0,0,0,0,0,0,0,0,0,0,0,0,0,0,0,0,0,0,0,StronglyAgree,StronglyDisagree,0,0,0,0,0,0,0,0,0,0
2021,Panama,colombia,,stay,3.0,2.0,yes,1,yes,dontknow,0,0,0,0,0,0,0,0,0,0,0,0,0,0,0,0,0,0,0,0,0,0,Undecided,Undecided,0,0,0,0,0,0,0,0,0,0
2021,Panama,nicaragua,,stay,2.0,2.0,yes,1,yes,no,0,0,0,0,0,0,0,0,0,0,0,0,0,0,0,0,0,0,0,0,0,0,StronglyAgree,StronglyAgree,1,0,0,0,0,0,0,0,0,0
2021,Panama,nicaragua,,stay,1.0,0.0,yes,1,,,0,0,0,0,0,0,0,0,0,0,0,0,0,0,0,0,0,0,0,0,0,0,StronglyAgree,Undecided,0,0,0,0,0,0,0,0,0,0
2021,Panama,colombia,,stay,2.0,0.0,yes,1,,,0,0,0,0,0,0,0,0,0,0,0,0,0,0,0,0,0,0,0,0,0,0,,StronglyAgree,1,0,0,0,0,0,0,0,0,0
2021,Panama,colombia,,dontknow,1.0,0.0,yes,1,,,0,0,0,0,0,0,0,0,0,0,0,0,0,0,0,0,0,0,0,0,0,0,,Undecided,0,0,1,0,0,0,0,0,0,0
2021,Panama,venezuela,,stay,1.0,0.0,yes,1,,no,0,0,0,0,0,0,0,0,0,0,0,0,0,0,0,0,0,0,0,0,0,0,,StronglyAgree,1,0,0,0,0,0,0,0,0,0
2021,Panama,venezuela,,stay,1.0,0.0,yes,1,,,0,0,0,0,0,0,0,0,0,0,0,0,0,0,0,0,0,0,0,0,0,0,StronglyAgree,StronglyAgree,1,0,0,0,0,0,0,0,0,0
2021,Panama,nicaragua,,stay,3.0,,yes,1,yes,yes,0,0,0,0,0,0,0,0,0,0,0,0,0,0,0,0,0,0,0,0,0,0,Agree,StronglyAgree,1,0,0,0,0,0,0,0,0,0
2021,Panama,colombia,,relocate,1.0,0.0,yes,1,,,0,0,0,0,0,0,0,0,0,0,0,0,0,0,0,0,0,0,0,0,0,0,StronglyAgree,StronglyAgree,1,0,0,0,0,0,0,0,0,0
2021,Panama,colombia,,stay,2.0,3.0,yes,1,yes,yes,0,0,0,0,0,0,0,0,0,0,0,0,0,0,0,0,0,0,0,0,0,0,StronglyAgree,StronglyAgree,1,0,0,0,0,0,0,0,0,0
2021,Panama,nicaragua,,stay,2.0,1.0,yes,0,,,0,0,0,0,0,0,0,0,0,0,0,0,0,0,0,0,0,0,0,0,0,0,StronglyAgree,Disagree,0,0,0,0,0,0,0,0,0,0
2021,Panama,colombia,,stay,2.0,1.0,yes,1,,,0,0,0,0,0,0,0,0,0,0,0,0,0,0,0,0,0,0,0,0,0,0,StronglyAgree,StronglyAgree,0,0,0,0,0,0,0,0,0,0
2021,Panama,colombia,,relocate,3.0,1.0,yes,1,yes,yes,0,0,0,0,0,0,0,0,0,0,0,0,0,0,0,0,0,0,0,0,0,0,,StronglyAgree,0,0,1,1,0,0,0,0,0,0
2021,Panama,nicaragua,,stay,3.0,1.0,yes,1,yes,no,0,0,0,0,0,0,0,0,0,0,0,0,0,0,0,0,0,0,0,0,0,0,,StronglyAgree,1,0,1,0,0,0,0,0,0,0
2021,Panama,colombia,,stay,,3.0,yes,1,yes,yes,0,0,0,0,0,0,0,0,0,0,0,0,0,0,0,0,0,0,0,0,0,0,Disagree,StronglyAgree,1,0,1,1,0,0,0,0,0,0
2021,Panama,nicaragua,,dontknow,1.0,0.0,yes,1,,,0,0,0,0,0,0,0,0,0,0,0,0,0,0,0,0,0,0,0,0,0,0,StronglyAgree,StronglyAgree,1,0,0,0,0,0,0,0,0,0
2021,Panama,colombia,,stay,,6.0,,1,yes,no,0,0,0,0,0,0,0,0,0,0,0,0,0,0,0,0,0,0,0,0,0,0,Disagree,StronglyAgree,1,0,1,1,0,0,0,0,0,0
2021,Panama,colombia,,stay,4.0,,yes,1,yes,no,0,0,0,0,0,0,0,0,0,0,0,0,0,0,0,0,0,0,0,0,0,0,Agree,StronglyAgree,1,0,0,0,0,0,0,0,0,0
2021,Panama,other,,dontknow,1.0,0.0,yes,1,,,0,0,0,0,0,0,0,0,0,0,0,0,0,0,0,0,0,0,0,0,0,0,Undecided,StronglyAgree,1,0,0,0,0,0,0,0,0,0
2021,Panama,colombia,,stay,1.0,2.0,yes,1,yes,yes,0,0,0,0,0,0,0,0,0,0,0,0,0,0,0,0,0,0,0,0,0,0,,Agree,0,0,0,0,0,0,0,0,0,0
2021,Panama,colombia,,stay,1.0,0.0,yes,1,,,0,0,0,0,0,0,0,0,0,0,0,0,0,0,0,0,0,0,0,0,0,0,,Agree,0,0,0,0,0,0,0,0,0,0
2021,Panama,venezuela,,stay,1.0,2.0,,0,no,,0,1,0,0,0,0,0,0,0,0,0,0,0,0,0,0,0,0,0,0,0,0,StronglyAgree,Agree,0,0,0,0,0,0,0,0,0,0
2021,Panama,nicaragua,,stay,3.0,0.0,yes,1,,,0,0,0,0,0,0,0,0,0,0,0,0,0,0,0,0,0,0,0,0,0,0,,StronglyAgree,0,0,0,0,0,0,0,0,0,0
2021,Panama,nicaragua,,stay,2.0,2.0,yes,1,yes,yes,0,0,0,0,0,0,0,0,0,0,0,0,0,0,0,0,0,0,0,0,0,0,,StronglyAgree,1,0,0,0,0,0,0,0,0,0
2021,Panama,nicaragua,,stay,2.0,0.0,yes,1,,,0,0,0,0,0,0,0,0,0,0,0,0,0,0,0,0,0,0,0,0,0,0,,Agree,0,0,0,0,0,0,0,0,0,0
2021,Panama,nicaragua,,stay,2.0,0.0,yes,0,,,0,0,0,0,0,0,0,0,0,0,0,0,0,0,0,0,0,0,0,0,0,0,StronglyAgree,StronglyAgree,1,0,0,0,0,0,0,0,0,0
2021,Panama,colombia,,relocate,2.0,1.0,yes,1,no,,0,0,0,0,0,0,0,0,0,0,0,0,0,0,0,0,0,1,0,0,0,0,StronglyAgree,Disagree,0,0,0,0,0,0,0,0,0,0
2021,Panama,other,,stay,3.0,0.0,yes,1,,,0,0,0,0,0,0,0,0,0,0,0,0,0,0,0,0,0,0,0,0,0,0,Agree,StronglyAgree,0,0,0,0,0,0,0,0,0,0
2021,Panama,nicaragua,,stay,1.0,0.0,yes,1,,,0,0,0,0,0,0,0,0,0,0,0,0,0,0,0,0,0,0,0,0,0,0,StronglyAgree,StronglyAgree,1,0,0,0,0,0,0,0,0,0
2021,Panama,nicaragua,,stay,1.0,0.0,yes,1,,,0,0,0,0,0,0,0,0,0,0,0,0,0,0,0,0,0,0,0,0,0,0,,StronglyAgree,1,0,0,0,0,0,0,0,0,0
2021,Panama,nicaragua,,relocate,3.0,1.0,yes,1,yes,yes,0,0,0,0,0,0,0,0,0,0,0,0,0,0,0,0,0,0,0,0,0,0,,StronglyAgree,1,0,0,0,0,0,0,0,0,0
2021,Panama,nicaragua,,stay,3.0,,yes,1,no,,0,0,0,0,0,0,0,0,0,0,0,0,0,0,0,0,0,1,0,0,0,0,StronglyAgree,StronglyAgree,1,0,0,0,0,0,0,0,0,0
2021,Panama,venezuela,,stay,1.0,0.0,yes,1,,,0,0,0,0,0,0,0,0,0,0,0,0,0,0,0,0,0,0,0,0,0,0,,StronglyAgree,1,0,1,0,0,0,1,0,0,0
2021,Panama,venezuela,,stay,2.0,0.0,yes,1,,,0,0,0,0,0,0,0,0,0,0,0,0,0,0,0,0,0,0,0,0,0,0,StronglyAgree,Agree,1,0,0,0,0,0,0,0,0,0
2021,Panama,venezuela,,stay,1.0,0.0,yes,1,,,0,0,0,0,0,0,0,0,0,0,0,0,0,0,0,0,0,0,0,0,0,0,StronglyAgree,Agree,1,0,0,0,0,0,0,0,0,0
2021,Panama,other,,stay,2.0,0.0,yes,0,,,0,0,0,0,0,0,0,0,0,0,0,0,0,0,0,0,0,0,0,0,0,0,Undecided,Undecided,0,0,0,0,0,0,0,0,0,0
2021,Panama,other,,stay,2.0,0.0,yes,0,,,0,0,0,0,0,0,0,0,0,0,0,0,0,0,0,0,0,0,0,0,0,0,StronglyAgree,StronglyAgree,0,0,0,0,0,0,0,0,0,0
2021,Panama,other,,stay,1.0,0.0,yes,0,,,0,0,0,0,0,0,0,0,0,0,0,0,0,0,0,0,0,0,0,0,0,0,,StronglyAgree,1,0,0,0,1,1,0,0,0,1
2021,Panama,colombia,,stay,1.0,0.0,yes,1,,,0,0,0,0,0,0,0,0,0,0,0,0,0,0,0,0,0,0,0,0,0,0,StronglyAgree,Undecided,0,0,0,0,0,0,0,0,0,0
2021,Panama,venezuela,,stay,2.0,3.0,yes,1,yes,yes,0,0,0,0,0,0,0,0,0,0,0,0,0,0,0,0,0,0,0,0,0,0,StronglyAgree,StronglyAgree,1,0,0,0,0,0,0,0,0,0
2021,Panama,nicaragua,,stay,4.0,0.0,yes,1,,,0,0,0,0,0,0,0,0,0,0,0,0,0,0,0,0,0,0,0,0,0,0,StronglyAgree,StronglyAgree,1,0,0,0,0,0,0,0,0,0
2021,Panama,nicaragua,,stay,3.0,2.0,yes,1,yes,yes,0,0,0,0,0,0,0,0,0,0,0,0,0,0,0,0,0,0,0,0,0,0,Disagree,StronglyAgree,1,0,0,0,0,0,0,0,1,0
2021,Panama,nicaragua,,stay,2.0,1.0,yes,1,yes,no,0,0,0,0,0,0,0,0,0,0,0,0,0,0,0,0,0,0,0,0,0,0,Agree,StronglyAgree,1,0,0,0,0,0,0,0,0,0
2021,Panama,colombia,,stay,2.0,2.0,yes,0,yes,dontknow,0,0,0,0,0,0,0,0,0,0,0,0,0,0,0,0,0,0,0,0,0,0,StronglyAgree,Agree,0,0,0,0,0,0,0,0,0,0
2021,Panama,other,,stay,1.0,0.0,yes,1,,,0,0,0,0,0,0,0,0,0,0,0,0,0,0,0,0,0,0,0,0,0,0,,StronglyAgree,1,0,0,0,0,0,0,0,0,0
2021,Panama,venezuela,,stay,1.0,0.0,yes,1,,,0,0,0,0,0,0,0,0,0,0,0,0,0,0,0,0,0,0,0,0,0,0,,StronglyAgree,1,0,0,0,0,0,0,0,0,0
2021,Panama,nicaragua,,stay,1.0,0.0,yes,1,,,0,0,0,0,0,0,0,0,0,0,0,0,0,0,0,0,0,0,0,0,0,0,StronglyAgree,StronglyAgree,0,0,0,0,0,0,0,0,0,0
2021,Panama,colombia,,stay,1.0,0.0,yes,1,,,0,0,0,0,0,0,0,0,0,0,0,0,0,0,0,0,0,0,0,0,0,0,,StronglyAgree,0,0,0,0,0,1,0,0,0,0
2021,Panama,nicaragua,,stay,1.0,1.0,yes,1,no,,0,0,0,0,0,0,0,0,0,0,0,0,0,0,0,0,0,1,0,0,0,0,,StronglyAgree,1,0,1,1,1,0,0,0,0,0
2021,Panama,venezuela,,stay,2.0,,no,1,yes,no,0,0,0,0,0,0,0,0,0,0,0,0,0,0,0,0,0,0,0,0,0,0,StronglyAgree,Disagree,0,0,0,0,0,0,0,0,0,0
2021,Panama,nicaragua,,stay,,1.0,yes,1,yes,yes,0,0,0,0,0,0,0,0,0,0,0,0,0,0,0,0,0,0,0,0,0,0,StronglyAgree,StronglyAgree,0,0,0,0,0,0,0,0,0,0
2021,Panama,nicaragua,,stay,2.0,1.0,yes,0,yes,yes,0,0,0,0,0,0,0,0,0,0,0,0,0,0,0,0,0,0,0,0,0,0,StronglyAgree,StronglyAgree,0,0,0,0,0,0,0,0,0,0
2021,Panama,colombia,,stay,3.0,0.0,yes,1,,,0,0,0,0,0,0,0,0,0,0,0,0,0,0,0,0,0,0,0,0,0,0,StronglyAgree,StronglyAgree,1,0,0,0,0,0,0,0,0,0
2021,Panama,nicaragua,,stay,1.0,0.0,yes,1,,,0,0,0,0,0,0,0,0,0,0,0,0,0,0,0,0,0,0,0,0,0,0,,StronglyAgree,0,0,1,0,0,0,0,0,0,0
2021,Panama,colombia,,stay,2.0,3.0,yes,0,yes,no,0,0,0,0,0,0,0,0,0,0,0,0,0,0,0,0,0,0,0,0,0,0,,StronglyAgree,1,0,1,1,1,0,1,1,0,1
2021,Panama,other,,stay,6.0,1.0,yes,1,no,,0,0,0,0,0,0,0,0,1,0,0,0,0,0,0,0,0,0,0,0,0,0,Undecided,StronglyAgree,0,0,0,0,0,0,0,0,0,0
2021,Panama,nicaragua,,stay,3.0,1.0,yes,1,yes,no,0,0,0,0,0,0,0,0,0,0,0,0,0,0,0,0,0,0,0,0,0,0,,StronglyAgree,1,0,1,0,1,0,1,0,0,0
2021,Panama,nicaragua,,dontknow,1.0,0.0,yes,0,,,0,0,0,0,0,0,0,0,0,0,0,0,0,0,0,0,0,0,0,0,0,0,,StronglyAgree,0,0,1,0,0,0,0,0,0,0
2021,Panama,nicaragua,,stay,2.0,2.0,yes,1,yes,yes,0,0,0,0,0,0,0,0,0,0,0,0,0,0,0,0,0,0,0,0,0,0,Disagree,StronglyAgree,0,0,0,0,0,0,0,0,1,0
2021,Panama,colombia,,stay,2.0,1.0,yes,1,yes,no,0,0,0,0,0,0,0,0,0,0,0,0,0,0,0,0,0,0,0,0,0,0,StronglyAgree,Disagree,0,0,0,0,0,0,0,0,0,0
2021,Panama,colombia,,stay,1.0,0.0,yes,1,,,0,0,0,0,0,0,0,0,0,0,0,0,0,0,0,0,0,0,0,0,0,0,StronglyAgree,Agree,0,0,0,0,0,0,0,0,0,0
2021,Panama,venezuela,,relocate,2.0,0.0,yes,1,,,0,0,0,0,0,0,0,0,0,0,0,0,0,0,0,0,0,0,0,0,0,0,StronglyAgree,StronglyAgree,1,0,0,0,0,0,0,0,0,0
2021,Panama,colombia,,stay,3.0,3.0,yes,0,yes,yes,0,0,0,0,0,0,0,0,0,0,0,0,0,0,0,0,0,0,0,0,0,0,StronglyAgree,Undecided,0,0,0,0,0,0,0,0,0,0
2021,Panama,nicaragua,,stay,1.0,0.0,yes,1,,,0,0,0,0,0,0,0,0,0,0,0,0,0,0,0,0,0,0,0,0,0,0,StronglyAgree,Agree,1,0,0,0,0,0,0,0,0,0
2021,Panama,colombia,,stay,2.0,0.0,yes,1,,,0,0,0,0,0,0,0,0,0,0,0,0,0,0,0,0,0,0,0,0,0,0,StronglyAgree,StronglyDisagree,0,0,0,0,0,0,0,0,0,0
2021,Panama,venezuela,,stay,4.0,1.0,yes,1,yes,yes,0,0,0,0,0,0,0,0,0,0,0,0,0,0,0,0,0,0,0,0,0,0,StronglyAgree,Undecided,0,0,0,0,0,0,0,0,0,0
2021,Panama,venezuela,,stay,1.0,0.0,yes,1,,,0,0,0,0,0,0,0,0,0,0,0,0,0,0,0,0,0,0,0,0,0,0,,StronglyAgree,1,0,0,0,0,0,0,0,0,0
2021,Panama,nicaragua,,stay,4.0,1.0,yes,1,yes,no,0,0,0,0,0,0,0,0,0,0,0,0,0,0,0,0,0,0,0,0,0,0,StronglyAgree,StronglyAgree,1,0,0,0,0,0,0,0,0,0
2021,Panama,colombia,,stay,2.0,1.0,yes,1,no,,0,0,0,0,0,0,0,0,1,0,0,0,0,0,0,0,0,0,0,1,1,0,,Agree,1,0,0,0,0,0,0,0,0,0
2021,Panama,nicaragua,,stay,2.0,2.0,yes,1,yes,no,0,0,0,0,0,0,0,0,0,0,0,0,0,0,0,0,0,0,0,0,0,0,,StronglyAgree,1,0,0,0,0,0,0,0,0,0
2021,Panama,nicaragua,,dontknow,,3.0,yes,1,no,,0,1,0,0,0,0,0,0,0,0,0,0,0,0,0,0,0,0,0,0,0,0,StronglyAgree,StronglyAgree,1,0,0,0,0,0,0,0,0,0
2021,Panama,nicaragua,,stay,2.0,1.0,yes,0,yes,yes,0,0,0,0,0,0,0,0,0,0,0,0,0,0,0,0,0,0,0,0,0,0,StronglyAgree,StronglyAgree,1,0,0,0,0,0,0,0,0,0
2021,Panama,nicaragua,,stay,1.0,0.0,yes,1,,,0,0,0,0,0,0,0,0,0,0,0,0,0,0,0,0,0,0,0,0,0,0,StronglyAgree,StronglyAgree,1,0,0,0,0,0,0,0,0,0
2021,Panama,nicaragua,,relocate,2.0,2.0,yes,1,yes,no,0,0,0,0,0,0,0,0,0,0,0,0,0,0,0,0,0,0,0,0,0,0,,StronglyAgree,0,0,0,0,0,0,0,0,0,0
2021,Panama,nicaragua,,stay,1.0,0.0,yes,0,,,0,0,0,0,0,0,0,0,0,0,0,0,0,0,0,0,0,0,0,0,0,0,,Agree,0,0,0,0,0,0,0,0,0,0
2021,Panama,venezuela,,stay,2.0,3.0,yes,1,,,0,0,0,0,0,0,0,0,0,0,0,0,0,0,0,0,0,0,0,0,0,0,StronglyAgree,StronglyAgree,1,0,0,0,0,0,0,0,0,0
2021,Panama,nicaragua,,stay,2.0,1.0,yes,1,yes,no,0,0,0,0,0,0,0,0,0,0,0,0,0,0,0,0,0,0,0,0,0,0,,Undecided,0,0,0,0,0,0,0,0,0,0
2021,Panama,nicaragua,,stay,2.0,0.0,yes,0,,,0,0,0,0,0,0,0,0,0,0,0,0,0,0,0,0,0,0,0,0,0,0,,StronglyAgree,0,0,0,0,0,0,0,0,0,0
2021,Panama,other,,stay,2.0,2.0,yes,1,yes,yes,0,0,0,0,0,0,0,0,0,0,0,0,0,0,0,0,0,0,0,0,0,0,,StronglyAgree,1,0,1,1,0,0,0,0,0,0
2021,Panama,colombia,,stay,2.0,0.0,yes,0,,,0,0,0,0,0,0,0,0,0,0,0,0,0,0,0,0,0,0,0,0,0,0,StronglyAgree,Agree,0,0,0,0,0,0,0,0,0,0
2021,Panama,venezuela,,stay,3.0,3.0,yes,0,yes,yes,0,0,0,0,0,0,0,0,0,0,0,0,0,0,0,0,0,0,0,0,0,0,StronglyAgree,StronglyAgree,1,0,0,0,0,0,0,0,0,0
2021,Panama,colombia,,relocate,2.0,1.0,yes,0,yes,no,0,0,0,0,0,0,0,0,0,0,0,0,0,0,0,0,0,0,0,0,0,0,Agree,StronglyAgree,1,0,0,0,0,0,0,0,0,0
2021,Panama,nicaragua,,stay,3.0,0.0,yes,0,,,0,0,0,0,0,0,0,0,0,0,0,0,0,0,0,0,0,0,0,0,0,0,Undecided,StronglyAgree,1,0,0,0,0,0,0,0,0,0
2021,Panama,nicaragua,,stay,2.0,2.0,yes,1,yes,no,0,0,0,0,0,0,0,0,0,0,0,0,0,0,0,0,0,0,0,0,0,0,Undecided,StronglyAgree,1,0,0,0,0,0,0,0,0,0
2021,Panama,venezuela,,stay,2.0,1.0,yes,1,yes,yes,0,0,0,0,0,0,0,0,0,0,0,0,0,0,0,0,0,0,0,0,0,0,,Agree,0,0,0,0,0,0,0,0,0,0
2021,Panama,other,,relocate,1.0,0.0,yes,1,,,0,0,0,0,0,0,0,0,0,0,0,0,0,0,0,0,0,0,0,0,0,0,Agree,Undecided,0,0,0,0,0,0,0,0,0,0
2021,Panama,nicaragua,,stay,1.0,0.0,yes,1,,,0,0,0,0,0,0,0,0,0,0,0,0,0,0,0,0,0,0,0,0,0,0,StronglyAgree,StronglyAgree,1,0,0,0,0,0,0,0,0,0
2021,Panama,other,,stay,1.0,0.0,yes,1,,,0,0,0,0,0,0,0,0,0,0,0,0,0,0,0,0,0,0,0,0,0,0,,StronglyAgree,0,0,0,0,0,1,0,0,0,0
2021,Panama,other,,stay,2.0,0.0,yes,1,,,0,0,0,0,0,0,0,0,0,0,0,0,0,0,0,0,0,0,0,0,0,0,StronglyAgree,Agree,0,0,0,0,0,0,0,0,0,0
2021,Panama,nicaragua,,stay,3.0,0.0,yes,1,,,0,0,0,0,0,0,0,0,0,0,0,0,0,0,0,0,0,0,0,0,0,0,,Undecided,0,0,0,0,0,0,0,0,0,0
2021,Panama,venezuela,,stay,1.0,1.0,yes,1,yes,yes,0,0,0,0,0,0,0,0,0,0,0,0,0,0,0,0,0,0,0,0,0,0,StronglyAgree,StronglyAgree,1,0,0,0,0,0,0,0,0,0
2021,Panama,nicaragua,,stay,3.0,4.0,yes,1,yes,no,0,0,0,0,0,0,0,0,0,0,0,0,0,0,0,0,0,0,0,0,0,0,Agree,Undecided,0,0,0,0,0,0,0,0,0,0
2021,Panama,nicaragua,,stay,2.0,0.0,yes,0,,,0,0,0,0,0,0,0,0,0,0,0,0,0,0,0,0,0,0,0,0,0,0,,Undecided,0,0,1,0,0,0,0,0,0,0
2021,Panama,nicaragua,,relocate,2.0,1.0,yes,1,no,,0,0,1,0,0,0,0,0,1,0,0,0,0,0,0,0,0,0,0,0,0,0,StronglyAgree,StronglyAgree,0,0,0,0,0,0,0,0,0,0
2021,Panama,nicaragua,,stay,3.0,0.0,yes,1,,,0,0,0,0,0,0,0,0,0,0,0,0,0,0,0,0,0,0,0,0,0,0,StronglyAgree,Disagree,0,0,0,0,0,0,0,0,0,0
2021,Panama,nicaragua,,stay,2.0,1.0,yes,1,,,0,0,0,0,0,0,0,0,0,0,0,0,0,0,0,0,0,0,0,0,0,0,StronglyAgree,StronglyAgree,0,0,0,0,0,0,0,0,0,0
2021,Panama,other,,stay,2.0,0.0,yes,0,,,0,0,0,0,0,0,0,0,0,0,0,0,0,0,0,0,0,0,0,0,0,0,StronglyAgree,StronglyAgree,1,0,0,0,0,0,0,0,0,0
2021,Panama,nicaragua,,dontknow,2.0,2.0,yes,1,,,0,0,0,0,0,0,0,0,0,0,0,0,0,0,0,0,0,0,0,0,0,0,StronglyAgree,StronglyAgree,0,0,0,0,0,0,0,0,0,0
2021,Panama,colombia,,relocate,2.0,3.0,yes,1,yes,no,0,0,0,0,0,0,0,0,0,0,0,0,0,0,0,0,0,0,0,0,0,0,,Agree,1,0,1,1,0,0,1,0,0,0
2021,Panama,other,,stay,4.0,0.0,yes,0,,,0,0,0,0,0,0,0,0,0,0,0,0,0,0,0,0,0,0,0,0,0,0,StronglyAgree,StronglyAgree,0,0,0,0,0,0,0,0,0,0
2021,Panama,colombia,,stay,3.0,1.0,yes,1,yes,yes,0,0,0,0,0,0,0,0,0,0,0,0,0,0,0,0,0,0,0,0,0,0,StronglyAgree,Undecided,0,0,0,0,0,0,0,0,0,0
2021,Panama,other,,stay,1.0,1.0,yes,1,,,0,0,0,0,0,0,0,0,0,0,0,0,0,0,0,0,0,0,0,0,0,0,StronglyAgree,StronglyAgree,1,0,0,0,0,0,0,0,0,0
2021,Panama,other,,stay,2.0,1.0,yes,1,yes,yes,0,0,0,0,0,0,0,0,0,0,0,0,0,0,0,0,0,0,0,0,0,0,,StronglyAgree,0,0,0,0,0,0,0,0,0,0
2021,Panama,colombia,,stay,3.0,0.0,yes,1,,,0,0,0,0,0,0,0,0,0,0,0,0,0,0,0,0,0,0,0,0,0,0,StronglyAgree,Agree,0,0,0,0,0,0,0,0,0,0
2021,Panama,colombia,,stay,1.0,2.0,yes,1,yes,no,0,0,0,0,0,0,0,0,0,0,0,0,0,0,0,0,0,0,0,0,0,0,StronglyAgree,StronglyAgree,1,0,0,0,0,0,0,0,0,0
2021,Panama,venezuela,,dontknow,1.0,0.0,yes,1,,,0,0,0,0,0,0,0,0,0,0,0,0,0,0,0,0,0,0,0,0,0,0,StronglyAgree,StronglyAgree,0,0,0,0,0,0,0,0,0,0
2021,Panama,other,,stay,1.0,0.0,yes,1,,,0,0,0,0,0,0,0,0,0,0,0,0,0,0,0,0,0,0,0,0,0,0,,Agree,0,0,0,0,0,0,0,0,0,0
2021,Panama,nicaragua,,stay,1.0,3.0,yes,1,yes,yes,0,0,0,0,0,0,0,0,0,0,0,0,0,0,0,0,0,0,0,0,0,0,StronglyAgree,StronglyAgree,1,0,0,0,0,0,0,0,0,0
2021,Panama,venezuela,,stay,2.0,,yes,1,yes,yes,0,0,0,0,0,0,0,0,0,0,0,0,0,0,0,0,0,0,0,0,0,0,StronglyAgree,StronglyAgree,1,0,0,0,0,0,0,0,0,0
2021,Panama,nicaragua,,stay,2.0,0.0,yes,1,,,0,0,0,0,0,0,0,0,0,0,0,0,0,0,0,0,0,0,0,0,0,0,Agree,Agree,1,0,0,0,0,0,0,0,0,0
2021,Panama,venezuela,,stay,4.0,,yes,1,yes,yes,0,0,0,0,0,0,0,0,0,0,0,0,0,0,0,0,0,0,0,0,0,0,StronglyAgree,StronglyAgree,1,0,0,0,0,0,0,0,0,0
2021,Panama,nicaragua,,stay,1.0,0.0,yes,1,,,0,0,0,0,0,0,0,0,0,0,0,0,0,0,0,0,0,0,0,0,0,0,,StronglyAgree,0,0,0,0,0,0,0,0,0,0
2021,Panama,nicaragua,,stay,2.0,3.0,yes,1,yes,no,0,0,0,0,0,0,0,0,0,0,0,0,0,0,0,0,0,0,0,0,0,0,Disagree,StronglyAgree,1,0,0,0,0,0,0,0,0,0
2021,Panama,other,,relocate,2.0,,yes,0,no,,0,1,0,0,0,0,0,0,0,0,0,0,0,0,0,0,0,0,0,0,0,0,StronglyAgree,StronglyAgree,0,0,0,0,0,0,0,0,0,0
2021,Panama,venezuela,,stay,1.0,0.0,yes,1,,,0,0,0,0,0,0,0,0,0,0,0,0,0,0,0,0,0,0,0,0,0,0,,StronglyAgree,1,0,0,0,0,0,0,0,0,0
2021,Panama,venezuela,,stay,2.0,0.0,yes,1,,,0,0,0,0,0,0,0,0,0,0,0,0,0,0,0,0,0,0,0,0,0,0,StronglyAgree,StronglyAgree,0,0,0,0,0,0,0,0,0,0
2021,Panama,venezuela,,stay,1.0,0.0,yes,1,,,0,0,0,0,0,0,0,0,0,0,0,0,0,0,0,0,0,0,0,0,0,0,,StronglyAgree,0,0,0,0,0,0,0,0,0,0
2021,Panama,nicaragua,,stay,1.0,0.0,yes,0,,,0,0,0,0,0,0,0,0,0,0,0,0,0,0,0,0,0,0,0,0,0,0,,Agree,1,0,0,0,0,0,0,0,0,0
2021,Panama,colombia,,dontknow,1.0,0.0,yes,1,,,0,0,0,0,0,0,0,0,0,0,0,0,0,0,0,0,0,0,0,0,0,0,,Disagree,0,0,0,0,0,0,0,0,0,0
2021,Panama,venezuela,,stay,4.0,1.0,yes,1,yes,yes,0,0,0,0,0,0,0,0,0,0,0,0,0,0,0,0,0,0,0,0,0,0,StronglyAgree,StronglyAgree,1,0,0,0,0,0,0,0,0,0
2021,Panama,nicaragua,,stay,2.0,1.0,yes,1,yes,no,0,0,0,0,0,0,0,0,0,0,0,0,0,0,0,0,0,0,0,0,0,0,,StronglyAgree,1,0,0,0,0,0,0,0,0,0
2021,Panama,colombia,,dontknow,3.0,0.0,yes,1,,,0,0,0,0,0,0,0,0,0,0,0,0,0,0,0,0,0,0,0,0,0,0,StronglyAgree,Disagree,0,0,0,0,0,0,0,0,0,0
2021,Panama,nicaragua,,stay,1.0,0.0,yes,0,,,0,0,0,0,0,0,0,0,0,0,0,0,0,0,0,0,0,0,0,0,0,0,,StronglyAgree,0,0,1,0,0,0,0,0,0,0
2021,Panama,venezuela,,relocate,2.0,0.0,yes,1,,,0,0,0,0,0,0,0,0,0,0,0,0,0,0,0,0,0,0,0,0,0,0,,StronglyAgree,1,0,0,0,0,0,0,0,0,0
2021,Panama,other,,relocate,2.0,0.0,yes,1,,,0,0,0,0,0,0,0,0,0,0,0,0,0,0,0,0,0,0,0,0,0,0,StronglyAgree,StronglyAgree,0,0,0,0,0,0,0,0,0,0
2021,Panama,colombia,,relocate,2.0,1.0,yes,0,,,0,0,0,0,0,0,0,0,0,0,0,0,0,0,0,0,0,0,0,0,0,0,StronglyAgree,Agree,0,0,0,0,0,0,0,0,0,0
2021,Panama,nicaragua,,stay,2.0,1.0,yes,0,yes,no,0,0,0,0,0,0,0,0,0,0,0,0,0,0,0,0,0,0,0,0,0,0,StronglyAgree,StronglyAgree,1,0,0,0,0,0,0,0,0,0
2021,Panama,other,,stay,,0.0,yes,1,,,0,0,0,0,0,0,0,0,0,0,0,0,0,0,0,0,0,0,0,0,0,0,StronglyAgree,StronglyDisagree,0,0,0,0,0,0,0,0,0,0
2021,Panama,venezuela,,relocate,2.0,1.0,yes,1,,,0,0,0,0,0,0,0,0,0,0,0,0,0,0,0,0,0,0,0,0,0,0,StronglyAgree,StronglyAgree,0,0,0,0,0,0,0,0,0,0
2021,Panama,venezuela,,stay,2.0,0.0,yes,1,,,0,0,0,0,0,0,0,0,0,0,0,0,0,0,0,0,0,0,0,0,0,0,StronglyAgree,Agree,1,0,0,0,0,0,0,0,0,0
2021,Panama,nicaragua,,stay,4.0,,yes,1,yes,yes,0,0,0,0,0,0,0,0,0,0,0,0,0,0,0,0,0,0,0,0,0,0,StronglyAgree,StronglyAgree,1,0,0,0,0,0,0,0,0,0
2021,Panama,nicaragua,,stay,3.0,0.0,yes,1,,,0,0,0,0,0,0,0,0,0,0,0,0,0,0,0,0,0,0,0,0,0,0,,StronglyAgree,1,0,1,1,1,0,0,0,0,0
2021,Panama,nicaragua,,stay,1.0,0.0,yes,1,,,0,0,0,0,0,0,0,0,0,0,0,0,0,0,0,0,0,0,0,0,0,0,,StronglyAgree,0,0,0,0,0,0,0,0,0,0
2021,Panama,venezuela,,stay,2.0,2.0,yes,1,yes,no,0,0,0,0,0,0,0,0,0,0,0,0,0,0,0,0,0,0,0,0,0,0,StronglyAgree,StronglyAgree,1,0,0,0,0,0,0,0,0,0
2021,Panama,venezuela,,stay,3.0,0.0,yes,1,,,0,0,0,0,0,0,0,0,0,0,0,0,0,0,0,0,0,0,0,0,0,0,,StronglyAgree,0,0,0,0,0,0,0,0,0,0
2021,Panama,colombia,,stay,1.0,0.0,yes,1,,,0,0,0,0,0,0,0,0,0,0,0,0,0,0,0,0,0,0,0,0,0,0,,StronglyAgree,1,0,0,0,0,0,0,0,0,0
2021,Panama,nicaragua,,stay,1.0,0.0,yes,1,,,0,0,0,0,0,0,0,0,0,0,0,0,0,0,0,0,0,0,0,0,0,0,StronglyAgree,Agree,1,0,0,0,0,0,0,0,0,0
2021,Panama,colombia,,stay,2.0,1.0,yes,1,yes,yes,0,0,0,0,0,0,0,0,0,0,0,0,0,0,0,0,0,0,0,0,0,0,StronglyAgree,StronglyAgree,1,0,0,0,0,0,0,0,0,0
2021,Panama,nicaragua,,stay,2.0,0.0,yes,1,,,0,0,0,0,0,0,0,0,0,0,0,0,0,0,0,0,0,0,0,0,0,0,,Agree,0,0,0,0,0,0,0,0,0,0
2021,Panama,other,,stay,1.0,0.0,yes,1,,,0,0,0,0,0,0,0,0,0,0,0,0,0,0,0,0,0,0,0,0,0,0,StronglyAgree,StronglyAgree,1,0,0,0,0,0,0,0,0,0
2021,Panama,venezuela,,stay,2.0,0.0,yes,1,,,0,0,0,0,0,0,0,0,0,0,0,0,0,0,0,0,0,0,0,0,0,0,,Agree,1,0,0,0,0,0,0,0,0,0
2021,Panama,colombia,,stay,3.0,0.0,,1,,,0,0,0,0,0,0,0,0,0,0,0,0,0,0,0,0,0,0,0,0,0,0,,StronglyAgree,1,0,1,0,0,0,0,0,0,0
2021,Panama,other,,stay,2.0,2.0,yes,1,no,,0,0,0,0,0,0,0,0,0,0,0,0,1,0,0,0,0,0,0,0,1,0,StronglyAgree,StronglyAgree,0,0,0,0,0,0,0,0,0,0
2021,Panama,other,,stay,1.0,0.0,yes,0,,,0,0,0,0,0,0,0,0,0,0,0,0,0,0,0,0,0,0,0,0,0,0,StronglyAgree,StronglyAgree,1,0,0,0,0,0,0,0,0,0
2021,Panama,venezuela,,stay,3.0,0.0,yes,1,,,0,0,0,0,0,0,0,0,0,0,0,0,0,0,0,0,0,0,0,0,0,0,,StronglyAgree,1,0,0,0,0,0,0,0,0,0
2021,Panama,colombia,,relocate,1.0,2.0,yes,1,,,0,0,0,0,0,0,0,0,0,0,0,0,0,0,0,0,0,0,0,0,0,0,Agree,StronglyAgree,1,0,0,0,0,0,0,0,0,0
2021,Panama,colombia,,stay,2.0,0.0,yes,1,,,0,0,0,0,0,0,0,0,0,0,0,0,0,0,0,0,0,0,0,0,0,0,,StronglyAgree,0,0,0,0,0,0,0,0,0,0
2021,Panama,venezuela,,stay,2.0,1.0,yes,1,,,0,0,0,0,0,0,0,0,0,0,0,0,0,0,0,0,0,0,0,0,0,0,,StronglyAgree,1,0,1,1,0,0,0,0,0,0
2021,Panama,venezuela,,stay,2.0,0.0,yes,1,,,0,0,0,0,0,0,0,0,0,0,0,0,0,0,0,0,0,0,0,0,0,0,Agree,Undecided,0,0,0,0,0,0,0,0,0,0
2021,Panama,venezuela,,stay,2.0,2.0,yes,1,yes,yes,0,0,0,0,0,0,0,0,0,0,0,0,0,0,0,0,0,0,0,0,0,0,StronglyAgree,StronglyAgree,1,0,0,0,0,0,0,0,0,0
2021,Panama,colombia,,stay,2.0,2.0,yes,1,no,,1,0,0,0,0,0,0,0,0,0,0,0,0,0,0,0,0,1,0,0,1,0,StronglyAgree,StronglyAgree,0,0,0,0,0,0,0,0,0,0
2021,Panama,colombia,,stay,3.0,0.0,yes,1,,,0,0,0,0,0,0,0,0,0,0,0,0,0,0,0,0,0,0,0,0,0,0,StronglyAgree,Undecided,0,0,0,0,0,0,0,0,0,0
2021,Panama,colombia,,stay,2.0,1.0,yes,1,,,0,0,0,0,0,0,0,0,0,0,0,0,0,0,0,0,0,0,0,0,0,0,StronglyAgree,StronglyAgree,1,0,0,0,0,0,0,0,0,0
2021,Panama,colombia,,stay,3.0,0.0,yes,1,,,0,0,0,0,0,0,0,0,0,0,0,0,0,0,0,0,0,0,0,0,0,0,StronglyAgree,Agree,0,0,0,0,0,0,0,0,0,0
2021,Panama,colombia,,relocate,2.0,4.0,yes,1,,,0,0,0,0,0,0,0,0,0,0,0,0,0,0,0,0,0,0,0,0,0,0,,StronglyAgree,0,0,0,0,0,0,0,0,0,0
2021,Panama,other,,stay,3.0,1.0,yes,0,yes,yes,0,0,0,0,0,0,0,0,0,0,0,0,0,0,0,0,0,0,0,0,0,0,,StronglyAgree,0,0,0,0,0,0,0,0,0,0
2021,Panama,venezuela,,stay,2.0,2.0,yes,1,yes,yes,0,0,0,0,0,0,0,0,0,0,0,0,0,0,0,0,0,0,0,0,0,0,Undecided,StronglyAgree,1,0,0,0,0,0,0,0,0,0
2021,Panama,colombia,,stay,2.0,0.0,yes,1,,,0,0,0,0,0,0,0,0,0,0,0,0,0,0,0,0,0,0,0,0,0,0,Disagree,StronglyAgree,1,0,0,0,0,0,0,0,1,0
2021,Panama,venezuela,,stay,2.0,3.0,yes,1,yes,yes,0,0,0,0,0,0,0,0,0,0,0,0,0,0,0,0,0,0,0,0,0,0,StronglyAgree,Disagree,0,0,0,0,0,0,0,0,0,0
2021,Panama,nicaragua,,stay,1.0,0.0,yes,1,,,0,0,0,0,0,0,0,0,0,0,0,0,0,0,0,0,0,0,0,0,0,0,,Agree,0,0,0,0,0,0,0,0,0,0
2021,Panama,venezuela,,stay,2.0,0.0,yes,1,,,0,0,0,0,0,0,0,0,0,0,0,0,0,0,0,0,0,0,0,0,0,0,StronglyAgree,Agree,1,0,0,0,0,0,0,0,0,0
2021,Panama,nicaragua,,dontknow,1.0,0.0,yes,1,,,0,0,0,0,0,0,0,0,0,0,0,0,0,0,0,0,0,0,0,0,0,0,Disagree,StronglyAgree,0,0,1,0,0,0,0,0,0,1
2021,Panama,venezuela,,stay,1.0,0.0,yes,0,,,0,0,0,0,0,0,0,0,0,0,0,0,0,0,0,0,0,0,0,0,0,0,,Undecided,0,0,0,0,0,0,0,0,0,0
2021,Panama,venezuela,,stay,2.0,1.0,yes,1,yes,yes,0,0,0,0,0,0,0,0,0,0,0,0,0,0,0,0,0,0,0,0,0,0,StronglyAgree,Agree,1,0,0,0,0,0,0,0,0,0
2021,Panama,venezuela,,relocate,2.0,0.0,yes,1,,,0,0,0,0,0,0,0,0,0,0,0,0,0,0,0,0,0,0,0,0,0,0,StronglyAgree,StronglyAgree,0,0,0,0,0,0,0,0,0,0
2021,Panama,colombia,,stay,,1.0,yes,1,no,,0,0,0,0,0,0,0,0,0,0,0,0,0,0,0,0,0,0,1,0,0,0,StronglyAgree,Disagree,0,0,0,0,0,0,0,0,0,0
2021,Panama,nicaragua,,stay,3.0,1.0,yes,0,yes,yes,0,0,0,0,0,0,0,0,0,0,0,0,0,0,0,0,0,0,0,0,0,0,StronglyAgree,StronglyAgree,0,0,0,0,0,0,0,0,0,0
2021,Panama,other,,stay,1.0,0.0,yes,1,,,0,0,0,0,0,0,0,0,0,0,0,0,0,0,0,0,0,0,0,0,0,0,StronglyAgree,StronglyAgree,0,0,0,0,0,0,0,0,0,0
2021,Panama,other,,dontknow,2.0,1.0,yes,1,yes,no,0,0,0,0,0,0,0,0,0,0,0,0,0,0,0,0,0,0,0,0,0,0,Agree,StronglyAgree,1,0,0,0,0,0,0,0,0,0
2021,Panama,venezuela,,stay,,1.0,yes,1,yes,yes,0,0,0,0,0,0,0,0,0,0,0,0,0,0,0,0,0,0,0,0,0,0,,Agree,0,0,0,0,0,0,0,0,0,0
2021,Panama,nicaragua,,stay,1.0,0.0,yes,1,,,0,0,0,0,0,0,0,0,0,0,0,0,0,0,0,0,0,0,0,0,0,0,,StronglyDisagree,0,0,0,0,0,0,0,0,0,0
2021,Panama,venezuela,,stay,,0.0,yes,1,,,0,0,0,0,0,0,0,0,0,0,0,0,0,0,0,0,0,0,0,0,0,0,Undecided,StronglyAgree,1,0,0,0,0,0,0,0,0,0
2021,Panama,colombia,,stay,4.0,0.0,yes,1,,,0,0,0,0,0,0,0,0,0,0,0,0,0,0,0,0,0,0,0,0,0,0,StronglyAgree,StronglyDisagree,0,0,0,0,0,0,0,0,0,0
2021,Panama,venezuela,,stay,,0.0,yes,1,,,0,0,0,0,0,0,0,0,0,0,0,0,0,0,0,0,0,0,0,0,0,0,StronglyAgree,Undecided,0,0,0,0,0,0,0,0,0,0
2021,Panama,venezuela,,dontknow,2.0,1.0,yes,1,yes,yes,0,0,0,0,0,0,0,0,0,0,0,0,0,0,0,0,0,0,0,0,0,0,Agree,StronglyAgree,0,0,0,0,0,0,0,0,0,0
2021,Panama,colombia,,stay,3.0,2.0,yes,1,,,0,0,0,0,0,0,0,0,0,0,0,0,0,0,0,0,0,0,0,0,0,0,StronglyAgree,StronglyAgree,1,0,0,0,0,0,0,0,0,0
2021,Panama,nicaragua,,stay,1.0,0.0,yes,1,,,0,0,0,0,0,0,0,0,0,0,0,0,0,0,0,0,0,0,0,0,0,0,,StronglyAgree,1,0,1,0,0,0,0,0,0,0
2021,Panama,nicaragua,,stay,3.0,2.0,yes,1,no,,1,0,0,0,0,0,0,0,0,0,0,0,1,0,0,0,0,0,0,1,0,0,StronglyAgree,StronglyAgree,1,0,0,0,0,0,0,0,0,0
2021,Panama,venezuela,,stay,2.0,3.0,yes,1,yes,yes,0,0,0,0,0,0,0,0,0,0,0,0,0,0,0,0,0,0,0,0,0,0,,Agree,1,0,0,0,0,0,0,0,0,0
2021,Panama,nicaragua,,stay,1.0,0.0,yes,1,,,0,0,0,0,0,0,0,0,0,0,0,0,0,0,0,0,0,0,0,0,0,0,StronglyAgree,Agree,1,0,0,0,0,0,0,0,0,0
2021,Panama,nicaragua,,stay,2.0,1.0,yes,1,,,0,0,0,0,0,0,0,0,0,0,0,0,0,0,0,0,0,0,0,0,0,0,StronglyAgree,StronglyAgree,1,0,0,0,0,0,0,0,0,0
2021,Panama,colombia,,stay,2.0,0.0,yes,1,,,0,0,0,0,0,0,0,0,0,0,0,0,0,0,0,0,0,0,0,0,0,0,StronglyAgree,StronglyAgree,1,0,0,0,0,0,0,0,0,0
2021,Panama,venezuela,,stay,2.0,0.0,yes,1,,,0,0,0,0,0,0,0,0,0,0,0,0,0,0,0,0,0,0,0,0,0,0,StronglyAgree,StronglyAgree,1,0,0,0,0,0,0,0,0,0
2021,Panama,colombia,,stay,2.0,1.0,yes,1,yes,no,0,0,0,0,0,0,0,0,0,0,0,0,0,0,0,0,0,0,0,0,0,0,StronglyAgree,StronglyAgree,0,0,0,0,0,0,0,0,0,0
2021,Panama,nicaragua,,dontknow,2.0,0.0,yes,1,,,0,0,0,0,0,0,0,0,0,0,0,0,0,0,0,0,0,0,0,0,0,0,,StronglyAgree,1,0,1,0,0,0,0,0,0,0
2021,Panama,nicaragua,,relocate,3.0,3.0,yes,1,yes,yes,0,0,0,0,0,0,0,0,0,0,0,0,0,0,0,0,0,0,0,0,0,0,StronglyAgree,StronglyAgree,0,0,0,0,0,0,0,0,0,0
2021,Panama,nicaragua,,stay,2.0,0.0,yes,1,,,0,0,0,0,0,0,0,0,0,0,0,0,0,0,0,0,0,0,0,0,0,0,,StronglyAgree,0,0,0,0,0,0,0,0,0,0
2021,Panama,other,,stay,3.0,0.0,yes,1,,,0,0,0,0,0,0,0,0,0,0,0,0,0,0,0,0,0,0,0,0,0,0,StronglyAgree,StronglyAgree,0,0,0,0,0,0,0,0,0,0
2021,Panama,other,,stay,2.0,0.0,yes,0,,,0,0,0,0,0,0,0,0,0,0,0,0,0,0,0,0,0,0,0,0,0,0,StronglyAgree,Undecided,0,0,0,0,0,0,0,0,0,0
2021,Panama,colombia,,stay,1.0,1.0,yes,1,yes,no,0,0,0,0,0,0,0,0,0,0,0,0,0,0,0,0,0,0,0,0,0,0,,StronglyAgree,1,0,1,1,0,0,0,0,0,0
2021,Panama,colombia,,stay,1.0,0.0,yes,1,,,0,0,0,0,0,0,0,0,0,0,0,0,0,0,0,0,0,0,0,0,0,0,,StronglyAgree,0,0,0,0,0,0,0,0,0,0
2021,Panama,colombia,,stay,2.0,,yes,1,yes,no,0,0,0,0,0,0,0,0,0,0,0,0,0,0,0,0,0,0,0,0,0,0,StronglyAgree,Undecided,0,0,0,0,0,0,0,0,0,0
2021,Panama,nicaragua,,relocate,2.0,0.0,yes,0,,,0,0,0,0,0,0,0,0,0,0,0,0,0,0,0,0,0,0,0,0,0,0,Agree,StronglyAgree,1,0,0,0,0,0,0,0,0,0
2021,Panama,colombia,,stay,2.0,1.0,yes,1,,,0,0,0,0,0,0,0,0,0,0,0,0,0,0,0,0,0,0,0,0,0,0,StronglyAgree,StronglyAgree,0,0,0,0,0,0,0,0,0,0
2021,Panama,nicaragua,,stay,1.0,0.0,yes,1,,,0,0,0,0,0,0,0,0,0,0,0,0,0,0,0,0,0,0,0,0,0,0,StronglyAgree,StronglyAgree,0,0,0,0,0,0,0,0,0,0
2021,Panama,nicaragua,,relocate,3.0,0.0,yes,1,,,0,0,0,0,0,0,0,0,0,0,0,0,0,0,0,0,0,0,0,0,0,0,,StronglyDisagree,0,0,0,0,0,0,0,0,0,0
2021,Panama,colombia,,stay,2.0,0.0,yes,1,,,0,0,0,0,0,0,0,0,0,0,0,0,0,0,0,0,0,0,0,0,0,0,StronglyAgree,Disagree,0,0,0,0,0,0,0,0,0,0
2021,Panama,nicaragua,,stay,2.0,2.0,yes,1,yes,no,0,0,0,0,0,0,0,0,0,0,0,0,0,0,0,0,0,0,0,0,0,0,StronglyAgree,StronglyAgree,1,0,0,0,0,0,0,0,0,0
2021,Panama,venezuela,,stay,1.0,0.0,yes,1,,,0,0,0,0,0,0,0,0,0,0,0,0,0,0,0,0,0,0,0,0,0,0,StronglyAgree,Undecided,0,0,0,0,0,0,0,0,0,0
2021,Panama,colombia,,stay,1.0,0.0,yes,0,,,0,0,0,0,0,0,0,0,0,0,0,0,0,0,0,0,0,0,0,0,0,0,,Undecided,0,0,0,0,1,0,0,0,0,0
2021,Panama,venezuela,,stay,1.0,1.0,yes,1,no,,0,0,0,0,0,0,0,0,0,0,0,0,0,0,0,0,0,0,0,0,1,0,,StronglyAgree,1,0,0,0,0,0,0,0,0,0
2021,Panama,other,,stay,2.0,1.0,yes,0,,,0,0,0,0,0,0,0,0,0,0,0,0,0,0,0,0,0,0,0,0,0,0,StronglyAgree,StronglyAgree,1,0,0,0,0,0,0,0,0,0
2021,Panama,colombia,,relocate,1.0,0.0,yes,1,,,0,0,0,0,0,0,0,0,0,0,0,0,0,0,0,0,0,0,0,0,0,0,StronglyAgree,StronglyAgree,1,0,0,0,0,0,0,0,0,0
2021,Panama,other,,stay,1.0,0.0,yes,1,,,0,0,0,0,0,0,0,0,0,0,0,0,0,0,0,0,0,0,0,0,0,0,StronglyAgree,Agree,0,0,0,0,0,0,0,0,0,0
2021,Panama,nicaragua,,stay,1.0,0.0,yes,1,,,0,0,0,0,0,0,0,0,0,0,0,0,0,0,0,0,0,0,0,0,0,0,,StronglyAgree,1,0,0,0,0,0,0,0,0,0
2021,Panama,colombia,,stay,1.0,2.0,yes,1,yes,yes,0,0,0,0,0,0,0,0,0,0,0,0,0,0,0,0,0,0,0,0,0,0,StronglyAgree,Agree,0,0,0,0,0,0,0,0,0,0
2021,Panama,venezuela,,relocate,3.0,0.0,yes,1,,,0,0,0,0,0,0,0,0,0,0,0,0,0,0,0,0,0,0,0,0,0,0,StronglyAgree,StronglyAgree,1,0,0,0,0,0,0,0,0,0
2021,Panama,nicaragua,,dontknow,1.0,0.0,yes,1,,,0,0,0,0,0,0,0,0,0,0,0,0,0,0,0,0,0,0,0,0,0,0,,Agree,0,0,0,0,0,0,0,0,0,0
2021,Panama,venezuela,,stay,2.0,0.0,,0,,,0,0,0,0,0,0,0,0,0,0,0,0,0,0,0,0,0,0,0,0,0,0,StronglyAgree,Undecided,0,0,0,0,0,0,0,0,0,0
2021,Panama,nicaragua,,stay,1.0,0.0,yes,0,,,0,0,0,0,0,0,0,0,0,0,0,0,0,0,0,0,0,0,0,0,0,0,,Agree,0,0,1,0,0,0,0,0,0,0
2021,Panama,nicaragua,,stay,3.0,,yes,0,yes,yes,0,0,0,0,0,0,0,0,0,0,0,0,0,0,0,0,0,0,0,0,0,0,StronglyAgree,Agree,0,0,0,0,0,0,0,0,0,0
2021,Panama,other,,dontknow,1.0,0.0,yes,0,,,0,0,0,0,0,0,0,0,0,0,0,0,0,0,0,0,0,0,0,0,0,0,,StronglyAgree,0,0,0,0,0,0,0,0,0,0
2021,Panama,nicaragua,,stay,2.0,0.0,yes,1,,,0,0,0,0,0,0,0,0,0,0,0,0,0,0,0,0,0,0,0,0,0,0,StronglyAgree,StronglyAgree,1,0,0,0,0,0,0,0,0,0
2021,Panama,colombia,,stay,2.0,1.0,yes,1,,,0,0,0,0,0,0,0,0,0,0,0,0,0,0,0,0,0,0,0,0,0,0,StronglyAgree,StronglyAgree,1,0,0,0,0,0,0,0,0,0
2021,Panama,venezuela,,relocate,2.0,2.0,yes,1,yes,no,0,0,0,0,0,0,0,0,0,0,0,0,0,0,0,0,0,0,0,0,0,0,StronglyAgree,StronglyAgree,1,0,0,0,0,0,0,0,0,0
2021,Panama,nicaragua,,stay,3.0,,yes,1,yes,yes,0,0,0,0,0,0,0,0,0,0,0,0,0,0,0,0,0,0,0,0,0,0,StronglyAgree,StronglyAgree,0,0,0,0,0,0,0,0,0,0
2021,Panama,nicaragua,,stay,1.0,1.0,yes,1,,,0,0,0,0,0,0,0,0,0,0,0,0,0,0,0,0,0,0,0,0,0,0,,Undecided,0,0,0,0,0,1,1,0,0,0
2021,Panama,venezuela,,stay,3.0,2.0,yes,1,no,,0,0,0,0,0,0,0,0,1,0,0,0,0,0,0,0,0,0,0,0,0,0,StronglyAgree,StronglyAgree,1,0,0,0,0,0,0,0,0,0
2021,Panama,venezuela,,stay,,0.0,yes,1,,,0,0,0,0,0,0,0,0,0,0,0,0,0,0,0,0,0,0,0,0,0,0,,Agree,0,0,0,0,0,0,0,0,0,0
2021,Panama,colombia,,stay,1.0,0.0,yes,1,,,0,0,0,0,0,0,0,0,0,0,0,0,0,0,0,0,0,0,0,0,0,0,StronglyAgree,Disagree,0,0,0,0,0,0,0,0,0,0
2021,Panama,venezuela,,stay,2.0,2.0,yes,1,yes,no,0,0,0,0,0,0,0,0,0,0,0,0,0,0,0,0,0,0,0,0,0,0,,StronglyAgree,1,0,0,0,0,0,0,0,0,0
2021,Panama,nicaragua,,relocate,1.0,0.0,yes,1,,,0,0,0,0,0,0,0,0,0,0,0,0,0,0,0,0,0,0,0,0,0,0,StronglyAgree,StronglyAgree,1,0,0,0,0,0,0,0,0,0
2021,Panama,nicaragua,,stay,2.0,1.0,yes,1,,,0,0,0,0,0,0,0,0,0,0,0,0,0,0,0,0,0,0,0,0,0,0,Undecided,Disagree,0,0,0,0,0,0,0,0,0,0
2021,Panama,nicaragua,,stay,1.0,0.0,yes,0,,,0,0,0,0,0,0,0,0,0,0,0,0,0,0,0,0,0,0,0,0,0,0,StronglyAgree,StronglyAgree,1,0,0,0,0,0,0,0,0,0
2021,Panama,nicaragua,,stay,2.0,1.0,yes,0,,,0,0,0,0,0,0,0,0,0,0,0,0,0,0,0,0,0,0,0,0,0,0,StronglyAgree,Agree,1,0,0,0,0,0,0,0,0,0
2021,Panama,nicaragua,,stay,1.0,0.0,yes,0,,,0,0,0,0,0,0,0,0,0,0,0,0,0,0,0,0,0,0,0,0,0,0,,StronglyAgree,0,0,0,0,0,0,0,0,0,0
2021,Panama,colombia,,stay,2.0,1.0,yes,1,yes,no,0,0,0,0,0,0,0,0,0,0,0,0,0,0,0,0,0,0,0,0,0,0,StronglyAgree,Agree,0,0,0,0,0,0,0,0,0,0
2021,Panama,colombia,,stay,1.0,0.0,yes,1,,,0,0,0,0,0,0,0,0,0,0,0,0,0,0,0,0,0,0,0,0,0,0,Undecided,Undecided,0,0,0,0,0,0,0,0,0,0
2021,Panama,venezuela,,stay,1.0,0.0,yes,1,,,0,0,0,0,0,0,0,0,0,0,0,0,0,0,0,0,0,0,0,0,0,0,StronglyAgree,StronglyAgree,1,0,0,0,0,0,0,0,0,0
2021,Panama,venezuela,,stay,2.0,2.0,yes,1,yes,yes,0,0,0,0,0,0,0,0,0,0,0,0,0,0,0,0,0,0,0,0,0,0,StronglyAgree,StronglyAgree,0,0,0,0,0,0,0,0,0,0
2021,Panama,colombia,,stay,1.0,0.0,yes,1,,,0,0,0,0,0,0,0,0,0,0,0,0,0,0,0,0,0,0,0,0,0,0,Agree,Agree,0,0,0,0,0,0,0,0,0,0
2021,Panama,nicaragua,,stay,2.0,2.0,yes,1,yes,no,0,0,0,0,0,0,0,0,0,0,0,0,0,0,0,0,0,0,0,0,0,0,Undecided,StronglyAgree,0,0,0,0,0,0,0,0,0,0
2021,Panama,colombia,,stay,2.0,0.0,yes,1,,,0,0,0,0,0,0,0,0,0,0,0,0,0,0,0,0,0,0,0,0,0,0,StronglyAgree,Disagree,0,0,0,0,0,0,0,0,0,0
2021,Panama,venezuela,,dontknow,2.0,0.0,yes,1,,,0,0,0,0,0,0,0,0,0,0,0,0,0,0,0,0,0,0,0,0,0,0,StronglyAgree,StronglyAgree,1,0,0,0,0,0,0,0,0,0
