"CountryOfAsylum","nationality","ethnicity","intentionmove","AppliedRefugee","documentation_id","Childinschool","Childvirtualed","Childwhynotschool_nodocs","Childwhynotschool_nomoney","Childwhynotschool_failedschool","Childwhynotschool_childwork","Childwhynotschool_fearschool","Childwhynotschool_disease","Childwhynotschool_disability","Childwhynotschool_helphome","Childwhynotschool_familynot","Childwhynotschool_noschools","Childwhynotschool_nointerest","Childwhynotschool_pregnancy","Childwhynotschool_nospot","Childwhynotschool_notransport","Childwhynotschool_discrimnation","Childwhynotschool_discrimethnic","Childwhynotschool_finished","Childwhynotschool_recentlyarrive","Childwhynotschool_intransit","Childwhynotschool_noinfo","Childwhynotschool_toolate","disabilityacc_disabilityserv","medicalReceived","RiskYes","RiskReturn_medical","RiskStay_medical","whynotMedical_nomoney","whynotMedical_noinsurance","whynotMedical_noID","whynotMedical_noinfo","whynotMedical_feararrested","whynotMedical_distance","whynotMedical_notavailable","whynotMedical_denied","Year"
"Brazil","venezuela","mixed","dontknow","yes",1,"","",0,0,0,0,0,0,0,0,0,0,0,0,0,0,0,0,0,0,0,0,0,0,"","Undecided",0,0,0,0,0,0,0,0,0,0,2021
"Brazil","venezuela","other","stay","yes",1,"","",0,0,0,0,0,0,0,0,0,0,0,0,0,0,0,0,0,0,0,0,0,0,"","Agree",0,0,0,0,0,0,0,0,0,0,2021
"Brazil","venezuela","other","relocate","",1,"","",0,0,0,0,0,0,0,0,0,0,0,0,0,0,0,0,0,0,0,0,0,0,"Agree","Agree",1,0,0,0,0,0,0,0,0,0,2021
"Brazil","venezuela","mixed","dontknow","yes",1,"","",0,0,0,0,0,0,0,0,0,0,0,0,0,0,0,0,0,0,0,0,0,0,"","Agree",1,0,1,0,0,0,0,0,0,0,2021
"Brazil","venezuela","mixed","stay","",1,"no","",0,0,0,0,0,0,0,0,0,0,0,0,0,0,0,0,0,1,0,0,0,0,"Agree","Disagree",0,0,0,0,0,0,0,0,0,0,2021
"Brazil","venezuela","other","relocate","yes",1,"yes","no",0,0,0,0,0,0,0,0,0,0,0,0,0,0,0,0,0,0,0,0,0,0,"StronglyAgree","StronglyAgree",1,0,0,0,0,0,0,0,0,0,2021
"Brazil","venezuela","mixed","stay","no",1,"yes","yes",0,0,0,0,0,0,0,0,0,0,0,0,0,0,0,0,0,0,0,0,0,0,"StronglyAgree","Undecided",0,0,0,0,0,0,0,0,0,0,2021
"Brazil","venezuela","other","relocate","yes",1,"","",0,0,0,0,0,0,0,0,0,0,0,0,0,0,0,0,0,0,0,0,0,0,"","Disagree",0,0,0,0,0,0,0,0,0,0,2021
"Brazil","venezuela","other","dontknow","yes",1,"","",0,0,0,0,0,0,0,0,0,0,0,0,0,0,0,0,0,0,0,0,0,0,"StronglyAgree","Undecided",0,0,0,0,0,0,0,0,0,0,2021
"Brazil","venezuela","other","stay","",1,"","",0,0,0,0,0,0,0,0,0,0,0,0,0,0,0,0,0,0,0,0,0,0,"StronglyAgree","StronglyAgree",1,0,0,0,0,0,0,0,0,0,2021
"Brazil","venezuela","mixed","relocate","no",1,"no","",1,0,0,0,0,0,0,0,0,0,0,0,0,0,0,0,0,0,0,0,0,0,"StronglyAgree","Disagree",0,0,0,0,0,0,0,0,0,0,2021
"Brazil","venezuela","other","relocate","yes",1,"yes","no",0,0,0,0,0,0,0,0,0,0,0,0,0,0,0,0,0,0,0,0,0,0,"","Undecided",0,0,0,0,0,0,0,0,0,0,2021
"Brazil","venezuela","mixed","dontknow","",1,"","",0,0,0,0,0,0,0,0,0,0,0,0,0,0,0,0,0,0,0,0,0,0,"","Disagree",0,0,0,0,0,0,0,0,0,0,2021
"Brazil","venezuela","other","dontknow","yes",1,"no","",0,1,0,0,0,0,0,0,0,0,0,0,0,0,0,0,0,0,0,0,0,0,"StronglyAgree","StronglyAgree",0,0,0,0,0,0,0,0,0,0,2021
"Brazil","","other","stay","yes",1,"","",0,0,0,0,0,0,0,0,0,0,0,0,0,0,0,0,0,0,0,0,0,0,"Disagree","Undecided",0,0,0,0,0,0,0,0,1,0,2021
"Brazil","venezuela","other","relocate","yes",1,"no","",0,0,0,0,0,0,0,0,0,0,0,0,1,0,0,0,0,0,0,0,0,0,"","Undecided",0,0,0,0,0,0,0,0,0,0,2021
"Brazil","venezuela","other","relocate","yes",1,"","",0,0,0,0,0,0,0,0,0,0,0,0,0,0,0,0,0,0,0,0,0,0,"Agree","Undecided",0,0,0,0,0,0,0,0,0,0,2021
"Brazil","venezuela","other","relocate","",1,"no","",0,0,0,0,0,0,0,0,0,0,0,0,0,0,0,0,0,0,0,0,0,0,"Agree","Disagree",0,0,0,0,0,0,0,0,0,0,2021
"Brazil","venezuela","other","relocate","yes",1,"no","",0,1,0,0,0,0,0,0,0,0,0,0,0,0,0,0,0,0,0,0,0,0,"","StronglyAgree",0,0,0,0,0,0,0,0,0,0,2021
"Brazil","venezuela","","dontknow","no",1,"yes","yes",0,0,0,0,0,0,0,0,0,0,0,0,0,0,0,0,0,0,0,0,0,0,"","Undecided",0,0,0,0,0,0,0,0,0,0,2021
"Brazil","venezuela","other","dontknow","yes",1,"yes","no",0,0,0,0,0,0,0,0,0,0,0,0,0,0,0,0,0,0,0,0,0,0,"StronglyAgree","Agree",1,0,0,0,0,0,0,0,0,0,2021
"Brazil","","other","relocate","yes",1,"","",0,0,0,0,0,0,0,0,0,0,0,0,0,0,0,0,0,0,0,0,0,0,"","StronglyAgree",0,0,0,0,0,0,0,0,0,0,2021
"Brazil","venezuela","other","dontknow","",1,"yes","no",0,0,0,0,0,0,0,0,0,0,0,0,0,0,0,0,0,0,0,0,0,0,"","",0,0,0,0,0,0,0,0,0,0,2021
"Brazil","venezuela","","stay","yes",1,"","",0,0,0,0,0,0,0,0,0,0,0,0,0,0,0,0,0,0,0,0,0,0,"Agree","StronglyDisagree",0,0,0,0,0,0,0,0,0,0,2021
"Brazil","venezuela","other","relocate","no",1,"yes","yes",0,0,0,0,0,0,0,0,0,0,0,0,0,0,0,0,0,0,0,0,0,0,"Agree","StronglyAgree",1,0,0,0,0,0,0,0,0,0,2021
"Brazil","venezuela","","stay","yes",1,"","",0,0,0,0,0,0,0,0,0,0,0,0,0,0,0,0,0,0,0,0,0,0,"","StronglyAgree",1,0,0,0,0,0,0,0,0,0,2021
"Brazil","venezuela","other","dontknow","yes",1,"yes","no",0,0,0,0,0,0,0,0,0,0,0,0,0,0,0,0,0,0,0,0,0,0,"","StronglyAgree",0,0,0,0,0,0,0,0,0,0,2021
"Brazil","venezuela","other","relocate","yes",1,"","",0,0,0,0,0,0,0,0,0,0,0,0,0,0,0,0,0,0,0,0,0,0,"","Disagree",0,0,0,0,0,0,0,0,0,0,2021
"Brazil","venezuela","mixed","relocate","yes",1,"","",0,0,0,0,0,0,0,0,0,0,0,0,0,0,0,0,0,0,0,0,0,0,"","StronglyAgree",1,0,0,0,0,0,0,0,0,0,2021
"Brazil","venezuela","other","stay","no",0,"","",0,0,0,0,0,0,0,0,0,0,0,0,0,0,0,0,0,0,0,0,0,0,"","Agree",0,0,0,0,0,0,0,0,0,0,2021
"Brazil","venezuela","","relocate","yes",1,"no","",0,0,0,0,0,0,0,0,0,0,0,0,0,0,0,0,0,0,0,0,0,0,"","Disagree",0,0,0,0,0,0,0,0,0,0,2021
"Brazil","venezuela","other","relocate","",0,"yes","no",0,0,0,0,0,0,0,0,0,0,0,0,0,0,0,0,0,0,0,0,0,0,"","",0,0,0,0,0,0,0,0,0,0,2021
"Brazil","venezuela","other","stay","yes",1,"yes","Nainpersonclasses",0,0,0,0,0,0,0,0,0,0,0,0,0,0,0,0,0,0,0,0,0,0,"","Undecided",0,0,0,0,0,0,0,0,0,0,2021
"Brazil","venezuela","","relocate","yes",1,"yes","no",0,0,0,0,0,0,0,0,0,0,0,0,0,0,0,0,0,0,0,0,0,0,"Agree","Agree",1,0,0,0,0,0,0,0,0,0,2021
"Brazil","venezuela","","stay","yes",1,"no","",1,0,0,0,0,0,0,0,0,0,0,0,0,0,0,0,0,0,0,0,0,0,"Agree","StronglyDisagree",0,0,0,0,0,0,0,0,0,0,2021
"Brazil","venezuela","other","stay","yes",1,"","",0,0,0,0,0,0,0,0,0,0,0,0,0,0,0,0,0,0,0,0,0,0,"","Undecided",0,0,0,0,0,0,0,0,0,0,2021
"Brazil","venezuela","other","dontknow","yes",1,"yes","yes",0,0,0,0,0,0,0,0,0,0,0,0,0,0,0,0,0,0,0,0,0,0,"","StronglyAgree",1,0,0,0,0,0,0,0,0,0,2021
"Brazil","venezuela","other","relocate","yes",1,"","",0,0,0,0,0,0,0,0,0,0,0,0,0,0,0,0,0,0,0,0,0,0,"Agree","Disagree",0,0,0,0,0,0,0,0,0,0,2021
"Brazil","venezuela","","relocate","yes",1,"","",0,0,0,0,0,0,0,0,0,0,0,0,0,0,0,0,0,0,0,0,0,0,"StronglyAgree","Agree",1,0,0,0,0,0,0,0,0,0,2021
"Brazil","venezuela","mixed","stay","yes",1,"yes","no",0,0,0,0,0,0,0,0,0,0,0,0,0,0,0,0,0,0,0,0,0,0,"Agree","Agree",0,0,0,0,0,0,0,0,0,0,2021
"Brazil","venezuela","other","notell","yes",0,"yes","Nainpersonclasses",0,0,0,0,0,0,0,0,0,0,0,0,0,0,0,0,0,0,0,0,0,0,"StronglyAgree","Undecided",0,0,0,0,0,0,0,0,0,0,2021
"Brazil","venezuela","mixed","stay","yes",0,"yes","no",0,0,0,0,0,0,0,0,0,0,0,0,0,0,0,0,0,0,0,0,0,0,"StronglyAgree","Undecided",0,0,0,0,0,0,0,0,0,0,2021
"Brazil","venezuela","mixed","stay","yes",1,"","",0,0,0,0,0,0,0,0,0,0,0,0,0,0,0,0,0,0,0,0,0,0,"Agree","StronglyAgree",0,0,0,0,0,0,0,0,0,0,2021
"Brazil","venezuela","other","relocate","yes",1,"no","",1,0,0,0,0,0,0,0,0,0,0,0,0,0,0,0,0,0,0,0,0,0,"","Disagree",0,0,0,0,0,0,0,0,0,0,2021
"Brazil","venezuela","mixed","relocate","yes",1,"no","",0,0,0,0,0,0,0,0,0,0,0,0,0,0,0,0,0,0,1,0,0,0,"StronglyAgree","Undecided",0,0,0,0,0,0,0,0,0,0,2021
"Brazil","venezuela","other","relocate","",1,"","",0,0,0,0,0,0,0,0,0,0,0,0,0,0,0,0,0,0,0,0,0,0,"Undecided","Disagree",0,0,0,0,0,0,0,0,0,0,2021
"Brazil","venezuela","other","stay","yes",1,"yes","yes",0,0,0,0,0,0,0,0,0,0,0,0,0,0,0,0,0,0,0,0,0,0,"StronglyAgree","StronglyAgree",1,0,0,0,0,0,0,0,0,0,2021
"Brazil","venezuela","","stay","yes",1,"","",0,0,0,0,0,0,0,0,0,0,0,0,0,0,0,0,0,0,0,0,0,0,"StronglyAgree","StronglyDisagree",0,0,0,0,0,0,0,0,0,0,2021
"Brazil","venezuela","other","stay","no",1,"yes","no",0,0,0,0,0,0,0,0,0,0,0,0,0,0,0,0,0,0,0,0,0,0,"StronglyAgree","Undecided",0,0,0,0,0,0,0,0,0,0,2021
"Brazil","venezuela","mixed","stay","yes",1,"yes","no",0,0,0,0,0,0,0,0,0,0,0,0,0,0,0,0,0,0,0,0,0,0,"Agree","StronglyAgree",1,0,0,0,0,0,0,0,0,0,2021
"Brazil","venezuela","other","stay","",1,"yes","no",0,0,0,0,0,0,0,0,0,0,0,0,0,0,0,0,0,0,0,0,0,0,"","Disagree",0,0,0,0,0,0,0,0,0,0,2021
"Brazil","venezuela","other","stay","yes",1,"","",0,0,0,0,0,0,0,0,0,0,0,0,0,0,0,0,0,0,0,0,0,0,"","Undecided",0,0,1,0,0,0,0,0,0,0,2021
"Brazil","venezuela","","","",0,"","",0,0,0,0,0,0,0,0,0,0,0,0,0,0,0,0,0,0,0,0,0,0,"","",0,0,0,0,0,0,0,0,0,0,2021
"Brazil","venezuela","mixed","dontknow","yes",1,"yes","no",0,0,0,0,0,0,0,0,0,0,0,0,0,0,0,0,0,0,0,0,0,0,"StronglyAgree","Agree",1,0,0,0,0,0,0,0,0,0,2021
"Brazil","venezuela","mixed","relocate","",1,"","",0,0,0,0,0,0,0,0,0,0,0,0,0,0,0,0,0,0,0,0,0,0,"Agree","Undecided",0,0,0,0,0,0,0,0,0,0,2021
"Brazil","venezuela","mixed","dontknow","yes",0,"yes","Nainpersonclasses",0,0,0,0,0,0,0,0,0,0,0,0,0,0,0,0,0,0,0,0,0,0,"","StronglyAgree",0,0,0,0,0,0,0,0,0,0,2021
"Brazil","venezuela","other","stay","",0,"","",0,0,0,0,0,0,0,0,0,0,0,0,0,0,0,0,0,0,0,0,0,0,"","Disagree",0,0,0,0,0,0,0,0,0,0,2021
"Brazil","venezuela","","dontknow","yes",1,"","",0,0,0,0,0,0,0,0,0,0,0,0,0,0,0,0,0,0,0,0,0,0,"StronglyAgree","StronglyAgree",1,0,0,0,0,0,0,0,0,0,2021
"Brazil","venezuela","","stay","yes",1,"yes","no",0,0,0,0,0,0,0,0,0,0,0,0,0,0,0,0,0,0,0,0,0,0,"StronglyAgree","Undecided",0,0,0,0,0,0,0,0,0,0,2021
"Brazil","venezuela","other","relocate","yes",1,"no","",1,1,0,0,0,0,0,0,0,0,0,0,1,0,0,1,0,0,0,0,0,0,"","Undecided",0,0,0,0,0,0,0,0,0,0,2021
"Brazil","venezuela","mixed","dontknow","yes",1,"","",0,0,0,0,0,0,0,0,0,0,0,0,0,0,0,0,0,0,0,0,0,0,"StronglyAgree","StronglyAgree",0,0,0,0,0,0,0,0,0,0,2021
"Brazil","venezuela","other","stay","yes",1,"","",0,0,0,0,0,0,0,0,0,0,0,0,0,0,0,0,0,0,0,0,0,0,"StronglyAgree","Disagree",0,0,0,0,0,0,0,0,0,0,2021
"Brazil","venezuela","other","stay","",1,"yes","no",0,0,0,0,0,0,0,0,0,0,0,0,0,0,0,0,0,0,0,0,0,0,"Agree","Agree",1,0,0,0,0,0,0,0,0,0,2021
"Brazil","venezuela","other","stay","",1,"yes","yes",0,0,0,0,0,0,0,0,0,0,0,0,0,0,0,0,0,0,0,0,0,0,"StronglyAgree","StronglyAgree",0,0,0,0,0,0,0,0,0,0,2021
"Brazil","venezuela","mixed","stay","no",1,"yes","no",0,0,0,0,0,0,0,0,0,0,0,0,0,0,0,0,0,0,0,0,0,0,"Agree","Undecided",0,0,0,0,0,0,0,0,0,0,2021
"Brazil","venezuela","other","relocate","yes",1,"","",0,0,0,0,0,0,0,0,0,0,0,0,0,0,0,0,0,0,0,0,0,0,"StronglyAgree","Agree",0,0,0,0,0,0,0,0,0,0,2021
"Brazil","venezuela","other","stay","yes",1,"notell","",0,0,0,0,0,0,0,0,0,0,0,0,0,0,0,0,0,0,0,0,0,0,"Agree","StronglyDisagree",0,0,0,0,0,0,0,0,0,0,2021
"Brazil","venezuela","mixed","stay","yes",1,"yes","no",0,0,0,0,0,0,0,0,0,0,0,0,0,0,0,0,0,0,0,0,0,0,"Agree","Disagree",0,0,0,0,0,0,0,0,0,0,2021
"Brazil","","","relocate","yes",1,"","",0,0,0,0,0,0,0,0,0,0,0,0,0,0,0,0,0,0,0,0,0,0,"","StronglyAgree",0,0,1,1,1,1,0,0,0,0,2021
"Brazil","venezuela","mixed","relocate","yes",1,"no","",0,0,0,0,0,0,0,0,0,0,0,0,1,0,0,0,0,0,0,0,0,0,"Agree","Disagree",0,0,0,0,0,0,0,0,0,0,2021
"Brazil","venezuela","mixed","dontknow","yes",1,"yes","yes",0,0,0,0,0,0,0,0,0,0,0,0,0,0,0,0,0,0,0,0,0,0,"","StronglyAgree",0,0,0,0,0,0,0,0,0,0,2021
"Brazil","venezuela","other","stay","yes",1,"no","",1,0,0,0,0,0,0,0,0,0,0,0,0,0,0,0,0,0,0,0,0,0,"","Undecided",0,0,0,0,0,0,0,0,0,0,2021
"Brazil","venezuela","mixed","stay","yes",1,"no","",1,1,0,0,0,0,0,0,0,0,0,0,0,0,0,0,0,0,0,0,0,0,"StronglyAgree","StronglyAgree",1,0,0,0,0,0,0,0,0,0,2021
"Brazil","venezuela","other","stay","",1,"","",0,0,0,0,0,0,0,0,0,0,0,0,0,0,0,0,0,0,0,0,0,0,"","Undecided",0,0,0,0,0,0,0,0,0,0,2021
"Brazil","venezuela","mixed","stay","",1,"yes","yes",0,0,0,0,0,0,0,0,0,0,0,0,0,0,0,0,0,0,0,0,0,0,"StronglyAgree","StronglyAgree",1,0,0,0,0,0,0,0,0,0,2021
"Brazil","venezuela","other","dontknow","yes",1,"no","",1,0,0,0,0,0,0,0,0,0,0,0,0,0,0,0,0,0,0,0,0,0,"","StronglyDisagree",0,0,0,0,0,0,0,0,0,0,2021
"Brazil","venezuela","mixed","relocate","no",0,"yes","yes",0,0,0,0,0,0,0,0,0,0,0,0,0,0,0,0,0,0,0,0,0,0,"Agree","Undecided",0,0,0,0,0,0,0,0,0,0,2021
"Brazil","venezuela","other","relocate","yes",1,"yes","no",0,0,0,0,0,0,0,0,0,0,0,0,0,0,0,0,0,0,0,0,0,0,"StronglyAgree","StronglyAgree",0,0,0,0,0,0,0,0,0,0,2021
"Brazil","venezuela","mixed","stay","yes",0,"","",0,0,0,0,0,0,0,0,0,0,0,0,0,0,0,0,0,0,0,0,0,0,"","Undecided",0,0,0,0,0,0,0,0,0,0,2021
"Brazil","venezuela","other","stay","yes",1,"yes","Nainpersonclasses",0,0,0,0,0,0,0,0,0,0,0,0,0,0,0,0,0,0,0,0,0,0,"StronglyAgree","Undecided",0,0,0,0,0,0,0,0,0,0,2021
"Brazil","","other","dontknow","yes",0,"yes","yes",0,0,0,0,0,0,0,0,0,0,0,0,0,0,0,0,0,0,0,0,0,0,"","StronglyAgree",0,0,0,0,0,0,0,0,0,0,2021
"Brazil","venezuela","mixed","stay","yes",1,"yes","no",0,0,0,0,0,0,0,0,0,0,0,0,0,0,0,0,0,0,0,0,0,0,"","Undecided",0,0,0,0,0,0,0,0,0,0,2021
"Brazil","venezuela","other","stay","yes",1,"yes","no",0,0,0,0,0,0,0,0,0,0,0,0,0,0,0,0,0,0,0,0,0,0,"StronglyAgree","StronglyAgree",1,0,0,0,0,0,0,0,0,0,2021
"Brazil","venezuela","mixed","stay","yes",1,"yes","yes",0,0,0,0,0,0,0,0,0,0,0,0,0,0,0,0,0,0,0,0,0,0,"Agree","Agree",1,0,0,0,0,0,0,0,0,0,2021
"Brazil","venezuela","mixed","stay","no",0,"","",0,0,0,0,0,0,0,0,0,0,0,0,0,0,0,0,0,0,0,0,0,0,"StronglyAgree","StronglyAgree",0,0,0,0,0,0,0,0,0,0,2021
"Brazil","venezuela","other","relocate","yes",0,"","",0,0,0,0,0,0,0,0,0,0,0,0,0,0,0,0,0,0,0,0,0,0,"","StronglyAgree",0,0,0,0,0,0,0,0,0,0,2021
"Brazil","venezuela","mixed","stay","yes",1,"yes","yes",0,0,0,0,0,0,0,0,0,0,0,0,0,0,0,0,0,0,0,0,0,0,"Agree","StronglyAgree",1,0,0,0,0,0,0,0,0,0,2021
"Brazil","venezuela","mixed","stay","yes",1,"yes","yes",0,0,0,0,0,0,0,0,0,0,0,0,0,0,0,0,0,0,0,0,0,0,"Agree","StronglyAgree",1,0,0,0,0,0,0,0,0,0,2021
"Brazil","venezuela","mixed","stay","yes",1,"","",0,0,0,0,0,0,0,0,0,0,0,0,0,0,0,0,0,0,0,0,0,0,"StronglyAgree","StronglyDisagree",0,0,0,0,0,0,0,0,0,0,2021
"Brazil","venezuela","mixed","stay","yes",1,"yes","yes",0,0,0,0,0,0,0,0,0,0,0,0,0,0,0,0,0,0,0,0,0,0,"","Agree",1,0,0,0,0,0,0,0,0,0,2021
"Brazil","venezuela","mixed","stay","",1,"no","",0,0,0,0,0,0,0,0,0,0,0,0,0,0,0,0,0,1,0,0,0,0,"","Disagree",0,0,0,0,0,0,0,0,0,0,2021
"Brazil","venezuela","","relocate","yes",1,"yes","no",0,0,0,0,0,0,0,0,0,0,0,0,0,0,0,0,0,0,0,0,0,0,"StronglyAgree","Undecided",0,0,0,0,0,0,0,0,0,0,2021
"Brazil","venezuela","other","stay","no",0,"yes","no",0,0,0,0,0,0,0,0,0,0,0,0,0,0,0,0,0,0,0,0,0,0,"StronglyAgree","Undecided",0,0,0,0,0,0,0,0,0,0,2021
"Brazil","venezuela","mixed","dontknow","no",1,"yes","yes",0,0,0,0,0,0,0,0,0,0,0,0,0,0,0,0,0,0,0,0,0,0,"","Agree",1,0,0,0,0,0,0,0,0,0,2021
"Brazil","venezuela","other","dontknow","yes",1,"yes","no",0,0,0,0,0,0,0,0,0,0,0,0,0,0,0,0,0,0,0,0,0,0,"StronglyAgree","Agree",1,0,0,0,0,0,0,0,0,0,2021
"Brazil","venezuela","mixed","stay","no",1,"yes","no",0,0,0,0,0,0,0,0,0,0,0,0,0,0,0,0,0,0,0,0,0,0,"Disagree","StronglyAgree",1,0,0,0,0,0,0,0,1,0,2021
"Brazil","venezuela","mixed","relocate","yes",1,"no","",0,0,0,0,0,0,0,0,0,0,0,0,0,0,0,0,0,1,0,0,1,0,"","StronglyDisagree",0,0,0,0,0,0,0,0,0,0,2021
"Brazil","venezuela","mixed","stay","no",1,"yes","no",0,0,0,0,0,0,0,0,0,0,0,0,0,0,0,0,0,0,0,0,0,0,"StronglyAgree","Undecided",0,0,0,0,0,0,0,0,0,0,2021
"Brazil","venezuela","other","stay","no",1,"yes","Nainpersonclasses",0,0,0,0,0,0,0,0,0,0,0,0,0,0,0,0,0,0,0,0,0,0,"","Disagree",0,0,0,0,0,0,0,0,0,0,2021
"Brazil","venezuela","","stay","yes",1,"yes","yes",0,0,0,0,0,0,0,0,0,0,0,0,0,0,0,0,0,0,0,0,0,0,"StronglyAgree","StronglyAgree",1,0,0,0,0,0,0,0,0,0,2021
"Brazil","venezuela","mixed","stay","yes",1,"no","",0,0,0,0,0,0,0,0,0,0,0,0,1,0,0,0,0,0,0,0,0,0,"Agree","Agree",0,0,0,0,0,0,0,0,0,0,2021
"Brazil","venezuela","mixed","dontknow","yes",1,"yes","yes",0,0,0,0,0,0,0,0,0,0,0,0,0,0,0,0,0,0,0,0,0,0,"StronglyAgree","Agree",1,0,0,0,0,0,0,0,0,0,2021
"Brazil","venezuela","other","stay","no",1,"yes","no",0,0,0,0,0,0,0,0,0,0,0,0,0,0,0,0,0,0,0,0,0,0,"StronglyAgree","Undecided",0,0,0,0,0,0,0,0,0,0,2021
"Brazil","venezuela","mixed","stay","no",1,"no","",0,0,0,0,0,0,0,0,0,0,0,0,0,0,0,0,0,1,0,0,0,0,"","Disagree",0,0,0,0,0,0,0,0,0,0,2021
"Brazil","venezuela","other","dontknow","yes",1,"","",0,0,0,0,0,0,0,0,0,0,0,0,0,0,0,0,0,0,0,0,0,0,"","Disagree",0,0,0,0,0,0,0,0,0,0,2021
"Brazil","","","stay","yes",1,"yes","yes",0,0,0,0,0,0,0,0,0,0,0,0,0,0,0,0,0,0,0,0,0,0,"Agree","Agree",0,0,0,0,0,0,0,0,0,0,2021
"Brazil","venezuela","other","stay","no",1,"yes","Nainpersonclasses",0,0,0,0,0,0,0,0,0,0,0,0,0,0,0,0,0,0,0,0,0,0,"","Disagree",0,0,0,0,0,0,0,0,0,0,2021
"Brazil","venezuela","other","dontknow","yes",1,"yes","no",0,0,0,0,0,0,0,0,0,0,0,0,0,0,0,0,0,0,0,0,0,0,"","StronglyAgree",1,0,0,0,0,0,0,0,0,0,2021
"Brazil","venezuela","other","dontknow","yes",0,"yes","yes",0,0,0,0,0,0,0,0,0,0,0,0,0,0,0,0,0,0,0,0,0,0,"StronglyAgree","StronglyAgree",0,0,0,0,0,0,0,0,0,0,2021
"Brazil","venezuela","","dontknow","yes",1,"","",0,0,0,0,0,0,0,0,0,0,0,0,0,0,0,0,0,0,0,0,0,0,"StronglyAgree","StronglyAgree",1,0,0,0,0,0,0,0,0,0,2021
"Brazil","venezuela","mixed","stay","yes",1,"yes","yes",0,0,0,0,0,0,0,0,0,0,0,0,0,0,0,0,0,0,0,0,0,0,"","Disagree",0,0,0,0,0,0,0,0,0,0,2021
"Brazil","venezuela","mixed","stay","yes",1,"yes","yes",0,0,0,0,0,0,0,0,0,0,0,0,0,0,0,0,0,0,0,0,0,0,"","StronglyAgree",0,0,0,0,0,0,0,0,0,0,2021
"Brazil","venezuela","other","stay","no",1,"yes","no",0,0,0,0,0,0,0,0,0,0,0,0,0,0,0,0,0,0,0,0,0,0,"StronglyAgree","Undecided",0,0,0,0,0,0,0,0,0,0,2021
"Brazil","venezuela","other","stay","yes",1,"","",0,0,0,0,0,0,0,0,0,0,0,0,0,0,0,0,0,0,0,0,0,0,"","StronglyAgree",1,0,0,0,0,0,0,0,0,0,2021
"Brazil","","other","relocate","yes",1,"","",0,0,0,0,0,0,0,0,0,0,0,0,0,0,0,0,0,0,0,0,0,0,"","StronglyAgree",0,0,0,0,0,0,0,0,0,0,2021
"Brazil","venezuela","other","stay","no",0,"","",0,0,0,0,0,0,0,0,0,0,0,0,0,0,0,0,0,0,0,0,0,0,"StronglyAgree","StronglyAgree",0,0,0,0,0,0,0,0,0,0,2021
"Brazil","venezuela","other","stay","no",1,"yes","Nainpersonclasses",0,0,0,0,0,0,0,0,0,0,0,0,0,0,0,0,0,0,0,0,0,0,"StronglyAgree","Agree",1,0,0,0,0,0,0,0,0,0,2021
"Brazil","venezuela","other","stay","no",1,"","",0,0,0,0,0,0,0,0,0,0,0,0,0,0,0,0,0,0,0,0,0,0,"","StronglyDisagree",0,0,0,0,0,0,0,0,0,0,2021
"Brazil","venezuela","","stay","yes",1,"yes","no",0,0,0,0,0,0,0,0,0,0,0,0,0,0,0,0,0,0,0,0,0,0,"Agree","Agree",0,0,0,0,0,0,0,0,0,0,2021
"Brazil","venezuela","other","dontknow","yes",1,"","",0,0,0,0,0,0,0,0,0,0,0,0,0,0,0,0,0,0,0,0,0,0,"","StronglyDisagree",0,0,0,0,0,0,0,0,0,0,2021
"Brazil","venezuela","mixed","stay","no",1,"yes","no",0,0,0,0,0,0,0,0,0,0,0,0,0,0,0,0,0,0,0,0,0,0,"Agree","Disagree",0,0,0,0,0,0,0,0,0,0,2021
"Brazil","venezuela","","stay","yes",1,"","",0,0,0,0,0,0,0,0,0,0,0,0,0,0,0,0,0,0,0,0,0,0,"Agree","Agree",1,0,0,0,0,0,0,0,0,0,2021
"Brazil","venezuela","","relocate","yes",1,"","",0,0,0,0,0,0,0,0,0,0,0,0,0,0,0,0,0,0,0,0,0,0,"","StronglyAgree",0,0,0,0,0,1,0,1,1,0,2021
"Brazil","venezuela","other","stay","no",0,"","",0,0,0,0,0,0,0,0,0,0,0,0,0,0,0,0,0,0,0,0,0,0,"StronglyAgree","StronglyAgree",1,0,0,0,0,0,0,0,0,0,2021
"Brazil","venezuela","other","stay","yes",1,"","",0,0,0,0,0,0,0,0,0,0,0,0,0,0,0,0,0,0,0,0,0,0,"StronglyAgree","StronglyAgree",1,0,0,0,0,0,0,0,0,0,2021
"Brazil","venezuela","","stay","yes",1,"notell","",0,0,0,0,0,0,0,0,0,0,0,0,0,0,0,0,0,0,0,0,0,0,"Agree","Undecided",0,0,0,0,0,0,0,0,0,0,2021
"Brazil","venezuela","other","dontknow","yes",1,"no","",1,0,0,0,0,0,0,0,0,0,0,0,0,0,0,0,0,0,0,0,0,0,"Undecided","Agree",1,0,0,0,0,0,0,0,0,0,2021
"Brazil","venezuela","mixed","stay","",1,"","",0,0,0,0,0,0,0,0,0,0,0,0,0,0,0,0,0,0,0,0,0,0,"StronglyAgree","StronglyDisagree",0,0,0,0,0,0,0,0,0,0,2021
"Brazil","venezuela","","stay","yes",1,"yes","yes",0,0,0,0,0,0,0,0,0,0,0,0,0,0,0,0,0,0,0,0,0,0,"Agree","Disagree",0,0,0,0,0,0,0,0,0,0,2021
"Brazil","venezuela","","stay","yes",1,"","",0,0,0,0,0,0,0,0,0,0,0,0,0,0,0,0,0,0,0,0,0,0,"","Disagree",0,0,0,0,0,0,0,0,0,0,2021
"Brazil","venezuela","other","stay","yes",1,"yes","no",0,0,0,0,0,0,0,0,0,0,0,0,0,0,0,0,0,0,0,0,0,0,"","Disagree",0,0,0,0,0,0,0,0,0,0,2021
"Brazil","","other","stay","yes",0,"no","",1,0,0,0,0,0,0,0,0,0,0,0,0,0,0,0,0,0,0,0,0,0,"StronglyAgree","StronglyAgree",1,0,0,0,0,0,0,0,0,0,2021
"Brazil","venezuela","mixed","stay","yes",1,"yes","Nainpersonclasses",0,0,0,0,0,0,0,0,0,0,0,0,0,0,0,0,0,0,0,0,0,0,"Agree","Agree",1,0,0,0,0,0,0,0,0,0,2021
"Brazil","venezuela","other","relocate","yes",1,"","",0,0,0,0,0,0,0,0,0,0,0,0,0,0,0,0,0,0,0,0,0,0,"StronglyAgree","StronglyAgree",1,0,0,0,0,0,0,0,0,0,2021
"Brazil","venezuela","other","dontknow","no",1,"yes","no",0,0,0,0,0,0,0,0,0,0,0,0,0,0,0,0,0,0,0,0,0,0,"","Undecided",0,0,0,0,0,0,0,0,0,0,2021
"Brazil","venezuela","","stay","yes",1,"","",0,0,0,0,0,0,0,0,0,0,0,0,0,0,0,0,0,0,0,0,0,0,"StronglyAgree","StronglyDisagree",0,0,0,0,0,0,0,0,0,0,2021
"Brazil","venezuela","","dontknow","yes",1,"no","",1,0,0,0,0,0,0,0,0,0,0,0,0,0,0,0,0,0,0,0,0,0,"","StronglyAgree",0,0,0,0,0,0,0,0,0,0,2021
"Brazil","","other","relocate","yes",1,"","",0,0,0,0,0,0,0,0,0,0,0,0,0,0,0,0,0,0,0,0,0,0,"","StronglyAgree",0,0,0,0,0,0,0,0,0,0,2021
"Brazil","venezuela","other","notell","yes",1,"yes","yes",0,0,0,0,0,0,0,0,0,0,0,0,0,0,0,0,0,0,0,0,0,0,"","Agree",0,0,0,0,0,0,0,0,0,0,2021
"Brazil","venezuela","","stay","yes",0,"","",0,0,0,0,0,0,0,0,0,0,0,0,0,0,0,0,0,0,0,0,0,0,"StronglyAgree","StronglyAgree",1,0,0,0,0,0,0,0,0,0,2021
"Brazil","venezuela","mixed","stay","",1,"yes","yes",0,0,0,0,0,0,0,0,0,0,0,0,0,0,0,0,0,0,0,0,0,0,"StronglyAgree","Disagree",0,0,0,0,0,0,0,0,0,0,2021
"Brazil","venezuela","","stay","yes",1,"","",0,0,0,0,0,0,0,0,0,0,0,0,0,0,0,0,0,0,0,0,0,0,"StronglyAgree","StronglyDisagree",0,0,0,0,0,0,0,0,0,0,2021
"Brazil","venezuela","other","relocate","",0,"","",0,0,0,0,0,0,0,0,0,0,0,0,0,0,0,0,0,0,0,0,0,0,"","",0,0,0,0,0,0,0,0,0,0,2021
"Brazil","venezuela","mixed","dontknow","yes",1,"yes","no",0,0,0,0,0,0,0,0,0,0,0,0,0,0,0,0,0,0,0,0,0,0,"StronglyAgree","Agree",1,0,0,0,0,0,0,0,0,0,2021
"Brazil","venezuela","other","stay","no",0,"","",0,0,0,0,0,0,0,0,0,0,0,0,0,0,0,0,0,0,0,0,0,0,"StronglyAgree","StronglyAgree",0,0,0,0,0,0,0,0,0,0,2021
"Brazil","venezuela","mixed","stay","no",1,"","",0,0,0,0,0,0,0,0,0,0,0,0,0,0,0,0,0,0,0,0,0,0,"","Disagree",0,0,0,0,0,0,0,0,0,0,2021
"Brazil","venezuela","other","stay","yes",1,"yes","no",0,0,0,0,0,0,0,0,0,0,0,0,0,0,0,0,0,0,0,0,0,0,"","Disagree",0,0,0,0,0,0,0,0,0,0,2021
