Year,CountryOfAsylum,nationality,ethnicity,intentionmove,TotalAdult,TotalMinor,AppliedRefugee,documentation_id,Childinschool,Childvirtualed,Childwhynotschool_nodocs,Childwhynotschool_nomoney,Childwhynotschool_failedschool,Childwhynotschool_childwork,Childwhynotschool_fearschool,Childwhynotschool_disease,Childwhynotschool_disability,Childwhynotschool_helphome,Childwhynotschool_nolanguage,Childwhynotschool_noschools,Childwhynotschool_nointerest,Childwhynotschool_pregnancy,Childwhynotschool_nospot,Childwhynotschool_notransport,Childwhynotschool_discrimnation,Childwhynotschool_discrimethnic,Childwhynotschool_finished,Childwhynotschool_recentlyarrive,Childwhynotschool_intransit,Childwhynotschool_noinfo,Childwhynotschool_toolate,Childwhynotschool_nolanguage,disabilityacc_disabilityserv,medicalReceived,RiskYes,RiskReturn_medical,RiskStay_medical,whynotMedical_nomoney,whynotMedical_noinsurance,whynotMedical_noID,whynotMedical_noinfo,whynotMedical_feararrested,whynotMedical_distance,whynotMedical_notavailable,whynotMedical_denied
2021,Argentina,venezuela,,dontknow,4,0,no,1,,,0,0,0,0,0,0,0,0,0,0,0,0,0,0,0,0,0,0,0,0,0,0,0,,Agree,0,0,0,0,1,0,0,0,0,0
2021,Argentina,venezuela,,stay,2,0,,1,,,0,0,0,0,0,0,0,0,0,0,0,0,0,0,0,0,0,0,0,0,0,0,0,,Agree,1,0,0,0,0,0,0,0,0,0
2021,Argentina,venezuela,,stay,5,2,no,1,,,0,0,0,0,0,0,0,0,0,0,0,0,0,0,0,0,0,0,0,0,0,0,0,StronglyAgree,Disagree,0,0,0,0,0,0,0,0,0,0
2021,Argentina,venezuela,,stay,,,no,1,yes,no,0,0,0,0,0,0,0,0,0,0,0,0,0,0,0,0,0,0,0,0,0,0,0,Agree,Agree,1,0,0,0,0,0,0,0,0,0
2021,Argentina,venezuela,,relocate,2,0,no,0,,,0,0,0,0,0,0,0,0,0,0,0,0,0,0,0,0,0,0,0,0,0,0,0,,Agree,0,0,0,0,0,0,0,0,0,0
2021,Argentina,venezuela,,relocate,2,1,no,1,yes,no,0,0,0,0,0,0,0,0,0,0,0,0,0,0,0,0,0,0,0,0,0,0,0,Agree,Agree,0,0,0,0,0,0,0,0,0,0
2021,Argentina,venezuela,,stay,1,0,no,1,,,0,0,0,0,0,0,0,0,0,0,0,0,0,0,0,0,0,0,0,0,0,0,0,StronglyAgree,StronglyAgree,1,0,0,0,0,0,0,0,0,0
2021,Argentina,venezuela,,stay,2,1,no,1,,,0,0,0,0,0,0,0,0,0,0,0,0,0,0,0,0,0,0,0,0,0,0,0,Agree,Agree,1,0,0,0,0,0,0,0,0,0
2021,Argentina,venezuela,,stay,3,0,no,1,,,0,0,0,0,0,0,0,0,0,0,0,0,0,0,0,0,0,0,0,0,0,0,0,Agree,Agree,0,0,0,0,0,0,0,0,0,0
2021,Argentina,venezuela,,stay,1,0,no,1,,,0,0,0,0,0,0,0,0,0,0,0,0,0,0,0,0,0,0,0,0,0,0,0,StronglyAgree,Disagree,0,0,0,0,0,0,0,0,0,0
2021,Argentina,venezuela,,stay,1,0,no,1,,,0,0,0,0,0,0,0,0,0,0,0,0,0,0,0,0,0,0,0,0,0,0,0,Agree,Agree,0,0,0,0,0,0,0,0,0,0
2021,Argentina,venezuela,,stay,1,0,,1,,,0,0,0,0,0,0,0,0,0,0,0,0,0,0,0,0,0,0,0,0,0,0,0,StronglyAgree,Agree,0,0,0,0,0,0,0,0,0,0
2021,Argentina,venezuela,,stay,1,0,no,1,,,0,0,0,0,0,0,0,0,0,0,0,0,0,0,0,0,0,0,0,0,0,0,0,,Agree,0,0,1,0,0,0,0,0,0,0
2021,Argentina,venezuela,,stay,2,2,no,1,yes,yes,0,0,0,0,0,0,0,0,0,0,0,0,0,0,0,0,0,0,0,0,0,0,0,StronglyAgree,StronglyAgree,0,0,0,0,0,0,0,0,0,0
2021,Argentina,venezuela,,stay,,,no,1,,,0,0,0,0,0,0,0,0,0,0,0,0,0,0,0,0,0,0,0,0,0,0,0,Agree,Agree,1,0,0,0,0,0,0,0,0,0
2021,Argentina,venezuela,,stay,3,0,no,1,,,0,0,0,0,0,0,0,0,0,0,0,0,0,0,0,0,0,0,0,0,0,0,0,StronglyAgree,Undecided,0,0,0,0,0,0,0,0,0,0
2021,Argentina,venezuela,,stay,2,0,no,1,,,0,0,0,0,0,0,0,0,0,0,0,0,0,0,0,0,0,0,0,0,0,0,0,StronglyAgree,Agree,0,0,0,0,0,0,0,0,0,0
2021,Argentina,venezuela,,stay,2,2,no,0,yes,yes,0,0,0,0,0,0,0,0,0,0,0,0,0,0,0,0,0,0,0,0,0,0,0,Agree,StronglyAgree,0,0,0,0,0,0,0,0,0,0
2021,Argentina,venezuela,,stay,,,,1,yes,no,0,0,0,0,0,0,0,0,0,0,0,0,0,0,0,0,0,0,0,0,0,0,0,Disagree,Agree,1,0,0,0,1,0,0,0,0,0
2021,Argentina,venezuela,,stay,4,3,no,1,yes,no,0,0,0,0,0,0,0,0,0,0,0,0,0,0,0,0,0,0,0,0,0,0,0,StronglyAgree,Agree,1,0,0,0,0,0,0,0,0,0
2021,Argentina,venezuela,,stay,2,1,no,1,,,0,0,0,0,0,0,0,0,0,0,0,0,0,0,0,0,0,0,0,0,0,0,0,StronglyAgree,StronglyAgree,1,0,0,0,0,0,0,0,0,0
2021,Argentina,venezuela,,stay,2,1,no,1,,,0,0,0,0,0,0,0,0,0,0,0,0,0,0,0,0,0,0,0,0,0,0,0,,Agree,1,0,0,0,0,0,0,0,0,0
2021,Argentina,venezuela,,dontknow,2,1,,1,yes,yes,0,0,0,0,0,0,0,0,0,0,0,0,0,0,0,0,0,0,0,0,0,0,0,StronglyAgree,StronglyAgree,0,0,0,0,0,0,0,0,0,0
2021,Argentina,venezuela,,stay,1,0,yes,1,,,0,0,0,0,0,0,0,0,0,0,0,0,0,0,0,0,0,0,0,0,0,0,0,,Agree,1,0,0,0,0,0,0,0,0,0
2021,Argentina,venezuela,,stay,2,0,no,1,,,0,0,0,0,0,0,0,0,0,0,0,0,0,0,0,0,0,0,0,0,0,0,0,StronglyAgree,StronglyAgree,0,0,0,0,0,0,0,0,0,0
2021,Argentina,venezuela,,stay,4,0,yes,1,,,0,0,0,0,0,0,0,0,0,0,0,0,0,0,0,0,0,0,0,0,0,0,0,Disagree,Agree,1,0,0,0,0,0,0,0,0,1
2021,Argentina,venezuela,,stay,,,no,1,yes,yes,0,0,0,0,0,0,0,0,0,0,0,0,0,0,0,0,0,0,0,0,0,0,0,Agree,Agree,0,0,0,0,0,0,0,0,0,0
2021,Argentina,venezuela,,stay,2,2,no,1,yes,yes,0,0,0,0,0,0,0,0,0,0,0,0,0,0,0,0,0,0,0,0,0,0,0,Agree,Agree,0,0,0,0,0,0,0,0,0,0
2021,Argentina,venezuela,,stay,2,1,yes,1,,,0,0,0,0,0,0,0,0,0,0,0,0,0,0,0,0,0,0,0,0,0,0,0,,StronglyAgree,1,0,0,0,0,0,0,0,0,0
2021,Argentina,venezuela,,stay,2,0,no,1,,,0,0,0,0,0,0,0,0,0,0,0,0,0,0,0,0,0,0,0,0,0,0,0,StronglyAgree,StronglyAgree,0,0,0,0,0,0,0,0,0,0
2021,Argentina,venezuela,,relocate,,,yes,1,no,,0,0,0,0,0,0,0,0,0,0,0,0,0,0,0,0,0,1,0,0,0,0,0,,StronglyDisagree,0,0,0,0,0,0,0,0,0,0
2021,Argentina,venezuela,,stay,2,0,no,1,,,0,0,0,0,0,0,0,0,0,0,0,0,0,0,0,0,0,0,0,0,0,0,0,StronglyAgree,Agree,0,0,0,0,0,0,0,0,0,0
2021,Argentina,venezuela,,stay,2,0,no,1,,,0,0,0,0,0,0,0,0,0,0,0,0,0,0,0,0,0,0,0,0,0,0,0,StronglyAgree,Agree,0,0,0,0,0,0,0,0,0,0
2021,Argentina,venezuela,,stay,2,1,no,1,yes,yes,0,0,0,0,0,0,0,0,0,0,0,0,0,0,0,0,0,0,0,0,0,0,0,StronglyAgree,StronglyAgree,0,0,0,0,0,0,0,0,0,0
2021,Argentina,venezuela,,stay,1,0,yes,0,,,0,0,0,0,0,0,0,0,0,0,0,0,0,0,0,0,0,0,0,0,0,0,0,,Agree,0,0,0,0,0,0,0,0,0,0
2021,Argentina,venezuela,,stay,1,0,no,1,,,0,0,0,0,0,0,0,0,0,0,0,0,0,0,0,0,0,0,0,0,0,0,0,StronglyAgree,StronglyAgree,1,0,0,0,0,0,0,0,0,0
2021,Argentina,venezuela,,stay,,,no,1,yes,yes,0,0,0,0,0,0,0,0,0,0,0,0,0,0,0,0,0,0,0,0,0,0,0,Agree,StronglyAgree,0,0,0,0,0,0,0,0,0,0
2021,Argentina,venezuela,,dontknow,3,1,,1,,,0,0,0,0,0,0,0,0,0,0,0,0,0,0,0,0,0,0,0,0,0,0,0,,,0,0,0,0,0,0,0,0,0,0
2021,Argentina,venezuela,,stay,3,1,yes,1,,,0,0,0,0,0,0,0,0,0,0,0,0,0,0,0,0,0,0,0,0,0,0,0,Agree,Agree,1,0,0,0,0,0,0,0,0,0
2021,Argentina,venezuela,,stay,1,0,no,1,,,0,0,0,0,0,0,0,0,0,0,0,0,0,0,0,0,0,0,0,0,0,0,0,Agree,Agree,0,0,0,0,0,0,0,0,0,0
2021,Argentina,venezuela,,dontknow,3,2,no,1,yes,no,0,0,0,0,0,0,0,0,0,0,0,0,0,0,0,0,0,0,0,0,0,0,0,Disagree,Agree,1,0,0,1,0,0,0,0,0,0
2021,Argentina,venezuela,,stay,,,no,1,yes,no,0,0,0,0,0,0,0,0,0,0,0,0,0,0,0,0,0,0,0,0,0,0,0,StronglyAgree,StronglyAgree,1,0,0,0,0,0,0,0,0,0
2021,Argentina,venezuela,,stay,,,no,1,yes,yes,0,0,0,0,0,0,0,0,0,0,0,0,0,0,0,0,0,0,0,0,0,0,0,Agree,Agree,1,0,0,0,0,0,0,0,0,0
2021,Argentina,venezuela,,stay,,,no,1,yes,no,0,0,0,0,0,0,0,0,0,0,0,0,0,0,0,0,0,0,0,0,0,0,0,Agree,StronglyDisagree,0,0,0,0,0,0,0,0,0,0
2021,Argentina,venezuela,,stay,3,1,no,1,,,0,0,0,0,0,0,0,0,0,0,0,0,0,0,0,0,0,0,0,0,0,0,0,StronglyAgree,Agree,0,0,0,0,0,0,0,0,0,0
2021,Argentina,venezuela,,stay,1,0,,1,,,0,0,0,0,0,0,0,0,0,0,0,0,0,0,0,0,0,0,0,0,0,0,0,StronglyAgree,StronglyAgree,0,0,0,0,0,0,0,0,0,0
2021,Argentina,venezuela,,stay,2,1,no,1,,,0,0,0,0,0,0,0,0,0,0,0,0,0,0,0,0,0,0,0,0,0,0,0,,Agree,1,0,0,0,0,0,0,0,0,0
2021,Argentina,venezuela,,stay,4,3,no,1,yes,yes,0,0,0,0,0,0,0,0,0,0,0,0,0,0,0,0,0,0,0,0,0,0,0,,StronglyAgree,1,0,0,0,0,0,0,0,0,0
2021,Argentina,venezuela,,stay,1,1,no,1,yes,no,0,0,0,0,0,0,0,0,0,0,0,0,0,0,0,0,0,0,0,0,0,0,0,StronglyAgree,Agree,0,0,0,0,0,0,0,0,0,0
2021,Argentina,venezuela,,relocate,2,1,yes,1,,,0,0,0,0,0,0,0,0,0,0,0,0,0,0,0,0,0,0,0,0,0,0,0,,StronglyAgree,1,0,0,0,0,0,0,0,1,0
2021,Argentina,venezuela,,stay,1,0,yes,1,,,0,0,0,0,0,0,0,0,0,0,0,0,0,0,0,0,0,0,0,0,0,0,0,Agree,Agree,0,0,0,0,0,0,0,0,0,0
2021,Argentina,venezuela,,dontknow,2,2,no,1,yes,no,0,0,0,0,0,0,0,0,0,0,0,0,0,0,0,0,0,0,0,0,0,0,0,Agree,Agree,1,0,0,0,0,0,0,0,0,0
2021,Argentina,venezuela,,stay,1,1,no,1,,,0,0,0,0,0,0,0,0,0,0,0,0,0,0,0,0,0,0,0,0,0,0,0,StronglyDisagree,StronglyAgree,1,0,0,0,0,0,0,0,0,0
2021,Argentina,venezuela,,stay,2,0,,1,,,0,0,0,0,0,0,0,0,0,0,0,0,0,0,0,0,0,0,0,0,0,0,0,,Agree,0,0,0,0,0,0,0,0,0,0
2021,Argentina,venezuela,,stay,5,0,no,1,,,0,0,0,0,0,0,0,0,0,0,0,0,0,0,0,0,0,0,0,0,0,0,0,StronglyAgree,StronglyAgree,1,0,0,0,0,0,0,0,0,0
2021,Argentina,venezuela,,stay,3,2,no,1,yes,yes,0,0,0,0,0,0,0,0,0,0,0,0,0,0,0,0,0,0,0,0,0,0,0,StronglyAgree,StronglyAgree,1,0,0,0,0,0,0,0,0,0
2021,Argentina,venezuela,,stay,1,0,no,1,,,0,0,0,0,0,0,0,0,0,0,0,0,0,0,0,0,0,0,0,0,0,0,0,StronglyAgree,Agree,1,0,0,0,0,0,0,0,0,0
2021,Argentina,venezuela,,stay,3,1,no,1,yes,yes,0,0,0,0,0,0,0,0,0,0,0,0,0,0,0,0,0,0,0,0,0,0,0,Agree,Agree,1,0,0,0,0,0,0,0,0,0
2021,Argentina,venezuela,,stay,4,2,no,1,yes,no,0,0,0,0,0,0,0,0,0,0,0,0,0,0,0,0,0,0,0,0,0,0,0,Agree,Agree,1,0,0,0,0,0,0,0,0,0
2021,Argentina,venezuela,,stay,1,0,no,1,,,0,0,0,0,0,0,0,0,0,0,0,0,0,0,0,0,0,0,0,0,0,0,0,,Agree,1,0,0,0,0,0,0,0,0,0
2021,Argentina,venezuela,,stay,2,1,no,1,,,0,0,0,0,0,0,0,0,0,0,0,0,0,0,0,0,0,0,0,0,0,0,0,StronglyAgree,StronglyAgree,0,0,0,0,0,0,0,0,0,0
2021,Argentina,venezuela,,stay,3,1,no,1,,,0,0,0,0,0,0,0,0,0,0,0,0,0,0,0,0,0,0,0,0,0,0,0,StronglyAgree,StronglyAgree,1,0,0,0,0,0,0,0,0,0
2021,Argentina,venezuela,,stay,2,0,no,1,,,0,0,0,0,0,0,0,0,0,0,0,0,0,0,0,0,0,0,0,0,0,0,0,Agree,Agree,1,0,0,0,0,0,0,0,0,0
2021,Argentina,venezuela,,stay,,,no,1,yes,no,0,0,0,0,0,0,0,0,0,0,0,0,0,0,0,0,0,0,0,0,0,0,0,Agree,StronglyAgree,1,0,0,0,0,0,0,0,0,0
2021,Argentina,venezuela,,stay,3,1,no,1,yes,yes,0,0,0,0,0,0,0,0,0,0,0,0,0,0,0,0,0,0,0,0,0,0,0,StronglyAgree,StronglyAgree,1,0,0,0,0,0,0,0,0,0
2021,Argentina,venezuela,,relocate,1,0,no,1,,,0,0,0,0,0,0,0,0,0,0,0,0,0,0,0,0,0,0,0,0,0,0,0,,Undecided,0,0,1,1,0,1,0,0,0,0
2021,Argentina,venezuela,,stay,2,0,no,1,,,0,0,0,0,0,0,0,0,0,0,0,0,0,0,0,0,0,0,0,0,0,0,0,,StronglyAgree,0,0,0,0,0,0,0,0,0,0
2021,Argentina,venezuela,,stay,,,no,1,,,0,0,0,0,0,0,0,0,0,0,0,0,0,0,0,0,0,0,0,0,0,0,0,StronglyAgree,Agree,0,0,0,0,0,0,0,0,0,0
2021,Argentina,venezuela,,relocate,3,2,no,1,yes,yes,0,0,0,0,0,0,0,0,0,0,0,0,0,0,0,0,0,0,0,0,0,0,0,Agree,Agree,1,0,0,0,0,0,0,0,0,0
2021,Argentina,venezuela,,stay,,,no,1,yes,yes,0,0,0,0,0,0,0,0,0,0,0,0,0,0,0,0,0,0,0,0,0,0,0,StronglyAgree,StronglyAgree,0,0,0,0,0,0,0,0,0,0
2021,Argentina,venezuela,,stay,1,2,no,1,yes,yes,0,0,0,0,0,0,0,0,0,0,0,0,0,0,0,0,0,0,0,0,0,0,0,StronglyAgree,StronglyAgree,1,0,0,0,0,0,0,0,0,0
2021,Argentina,venezuela,,stay,2,1,no,1,yes,no,0,0,0,0,0,0,0,0,0,0,0,0,0,0,0,0,0,0,0,0,0,0,0,Agree,Agree,0,0,0,0,0,0,0,0,0,0
2021,Argentina,venezuela,,relocate,2,2,no,1,yes,yes,0,0,0,0,0,0,0,0,0,0,0,0,0,0,0,0,0,0,0,0,0,0,0,StronglyAgree,StronglyAgree,0,0,0,0,0,0,0,0,0,0
2021,Argentina,venezuela,,relocate,1,0,no,1,,,0,0,0,0,0,0,0,0,0,0,0,0,0,0,0,0,0,0,0,0,0,0,0,StronglyAgree,Agree,0,0,0,0,0,0,0,0,0,0
2021,Argentina,venezuela,,stay,1,0,no,1,,,0,0,0,0,0,0,0,0,0,0,0,0,0,0,0,0,0,0,0,0,0,0,0,StronglyAgree,Agree,1,0,0,0,0,0,0,0,0,0
2021,Argentina,venezuela,,stay,,,yes,1,,,0,0,0,0,0,0,0,0,0,0,0,0,0,0,0,0,0,0,0,0,0,0,0,,Disagree,0,0,0,0,0,0,0,0,0,0
2021,Argentina,venezuela,,stay,2,0,no,1,,,0,0,0,0,0,0,0,0,0,0,0,0,0,0,0,0,0,0,0,0,0,0,0,StronglyAgree,StronglyAgree,0,0,0,0,0,0,0,0,0,0
2021,Argentina,venezuela,,relocate,1,0,no,1,,,0,0,0,0,0,0,0,0,0,0,0,0,0,0,0,0,0,0,0,0,0,0,0,StronglyAgree,StronglyAgree,1,0,0,0,0,0,0,0,0,0
2021,Argentina,venezuela,,stay,1,0,no,1,,,0,0,0,0,0,0,0,0,0,0,0,0,0,0,0,0,0,0,0,0,0,0,0,,Disagree,0,0,0,0,0,0,0,0,0,0
2021,Argentina,venezuela,,stay,1,0,no,1,,,0,0,0,0,0,0,0,0,0,0,0,0,0,0,0,0,0,0,0,0,0,0,0,StronglyAgree,StronglyAgree,1,0,0,0,0,0,0,0,0,0
2021,Argentina,venezuela,,stay,,,yes,1,,,0,0,0,0,0,0,0,0,0,0,0,0,0,0,0,0,0,0,0,0,0,0,0,,Agree,1,0,0,0,0,0,0,0,0,0
2021,Argentina,venezuela,,stay,3,1,no,1,yes,yes,0,0,0,0,0,0,0,0,0,0,0,0,0,0,0,0,0,0,0,0,0,0,0,StronglyAgree,Agree,1,0,0,0,0,0,0,0,0,0
2021,Argentina,venezuela,,stay,2,0,,1,,,0,0,0,0,0,0,0,0,0,0,0,0,0,0,0,0,0,0,0,0,0,0,0,Agree,Agree,0,0,0,0,0,0,0,0,0,0
2021,Argentina,venezuela,,relocate,2,1,yes,1,yes,yes,0,0,0,0,0,0,0,0,0,0,0,0,0,0,0,0,0,0,0,0,0,0,0,,Agree,0,0,0,0,0,0,0,0,0,0
2021,Argentina,venezuela,,stay,2,0,no,1,,,0,0,0,0,0,0,0,0,0,0,0,0,0,0,0,0,0,0,0,0,0,0,0,StronglyAgree,StronglyAgree,0,0,0,0,0,0,0,0,0,0
2021,Argentina,venezuela,,stay,2,1,no,1,yes,no,0,0,0,0,0,0,0,0,0,0,0,0,0,0,0,0,0,0,0,0,0,0,0,Agree,StronglyDisagree,0,0,0,0,0,0,0,0,0,0
2021,Argentina,venezuela,,stay,1,3,no,1,yes,yes,0,0,0,0,0,0,0,0,0,0,0,0,0,0,0,0,0,0,0,0,0,0,0,,Agree,1,0,0,0,0,0,0,0,0,0
2021,Argentina,venezuela,,stay,2,2,no,1,yes,yes,0,0,0,0,0,0,0,0,0,0,0,0,0,0,0,0,0,0,0,0,0,0,0,StronglyAgree,Disagree,0,0,0,0,0,0,0,0,0,0
2021,Argentina,venezuela,,stay,3,2,,1,yes,Nainpersonclasses,0,0,0,0,0,0,0,0,0,0,0,0,0,0,0,0,0,0,0,0,0,0,0,StronglyAgree,Agree,1,0,0,0,0,0,0,0,0,0
2021,Argentina,venezuela,,stay,3,1,no,1,yes,Nainpersonclasses,0,0,0,0,0,0,0,0,0,0,0,0,0,0,0,0,0,0,0,0,0,0,0,StronglyAgree,Undecided,0,0,0,0,0,0,0,0,0,0
2021,Argentina,venezuela,,stay,4,0,yes,1,,,0,0,0,0,0,0,0,0,0,0,0,0,0,0,0,0,0,0,0,0,0,0,0,Disagree,StronglyAgree,0,0,1,0,0,0,0,0,0,0
2021,Argentina,venezuela,,stay,2,0,,1,,,0,0,0,0,0,0,0,0,0,0,0,0,0,0,0,0,0,0,0,0,0,0,0,Agree,Agree,0,0,0,0,0,0,0,0,0,0
2021,Argentina,venezuela,,stay,1,0,,1,,,0,0,0,0,0,0,0,0,0,0,0,0,0,0,0,0,0,0,0,0,0,0,0,,Agree,1,0,0,0,0,0,0,0,0,0
2021,Argentina,venezuela,,dontknow,,,no,1,yes,no,0,0,0,0,0,0,0,0,0,0,0,0,0,0,0,0,0,0,0,0,0,0,0,StronglyAgree,Agree,0,0,0,0,0,0,0,0,0,0
2021,Argentina,venezuela,,dontknow,2,1,yes,1,yes,no,0,0,0,0,0,0,0,0,0,0,0,0,0,0,0,0,0,0,0,0,0,0,0,StronglyAgree,Agree,0,0,0,0,0,0,0,0,0,0
2021,Argentina,venezuela,,stay,3,0,no,1,,,0,0,0,0,0,0,0,0,0,0,0,0,0,0,0,0,0,0,0,0,0,0,0,Agree,StronglyAgree,1,0,0,0,0,0,0,0,0,0
2021,Argentina,venezuela,,stay,3,0,no,0,,,0,0,0,0,0,0,0,0,0,0,0,0,0,0,0,0,0,0,0,0,0,0,0,Agree,StronglyAgree,0,0,0,0,0,0,0,0,0,0
2021,Argentina,venezuela,,stay,4,0,no,1,,,0,0,0,0,0,0,0,0,0,0,0,0,0,0,0,0,0,0,0,0,0,0,0,StronglyAgree,StronglyAgree,0,0,0,0,0,0,0,0,0,0
2021,Argentina,venezuela,,stay,,,no,1,yes,yes,0,0,0,0,0,0,0,0,0,0,0,0,0,0,0,0,0,0,0,0,0,0,0,StronglyAgree,Disagree,0,0,0,0,0,0,0,0,0,0
2021,Argentina,venezuela,,stay,,,no,1,yes,yes,0,0,0,0,0,0,0,0,0,0,0,0,0,0,0,0,0,0,0,0,0,0,0,,StronglyAgree,0,0,0,0,0,0,0,0,0,0
2021,Argentina,venezuela,,stay,1,0,no,1,,,0,0,0,0,0,0,0,0,0,0,0,0,0,0,0,0,0,0,0,0,0,0,0,Agree,Disagree,0,0,0,0,0,0,0,0,0,0
2021,Argentina,venezuela,,relocate,3,0,no,1,,,0,0,0,0,0,0,0,0,0,0,0,0,0,0,0,0,0,0,0,0,0,0,0,StronglyAgree,StronglyAgree,0,0,0,0,0,0,0,0,0,0
2021,Argentina,venezuela,,stay,1,3,no,1,yes,yes,0,0,0,0,0,0,0,0,0,0,0,0,0,0,0,0,0,0,0,0,0,0,0,StronglyAgree,StronglyAgree,1,0,0,0,0,0,0,0,0,0
2021,Argentina,venezuela,,stay,1,0,yes,0,,,0,0,0,0,0,0,0,0,0,0,0,0,0,0,0,0,0,0,0,0,0,0,0,StronglyAgree,Agree,1,0,0,0,0,0,0,0,0,0
2021,Argentina,venezuela,,relocate,3,2,no,1,yes,yes,0,0,0,0,0,0,0,0,0,0,0,0,0,0,0,0,0,0,0,0,0,0,0,StronglyAgree,Agree,1,0,0,0,0,0,0,0,0,0
2021,Argentina,venezuela,,relocate,2,0,no,1,,,0,0,0,0,0,0,0,0,0,0,0,0,0,0,0,0,0,0,0,0,0,0,0,Agree,Agree,0,0,0,0,0,0,0,0,0,0
2021,Argentina,venezuela,,stay,2,0,no,1,,,0,0,0,0,0,0,0,0,0,0,0,0,0,0,0,0,0,0,0,0,0,0,0,,Undecided,0,0,0,0,0,0,0,0,0,0
2021,Argentina,venezuela,,stay,2,0,no,0,,,0,0,0,0,0,0,0,0,0,0,0,0,0,0,0,0,0,0,0,0,0,0,0,,StronglyDisagree,0,0,1,0,1,0,0,0,0,0
2021,Argentina,venezuela,,stay,2,1,no,1,,,0,0,0,0,0,0,0,0,0,0,0,0,0,0,0,0,0,0,0,0,0,0,0,Agree,Agree,1,0,0,0,0,0,0,0,0,0
2021,Argentina,venezuela,,stay,4,0,no,1,,,0,0,0,0,0,0,0,0,0,0,0,0,0,0,0,0,0,0,0,0,0,0,0,,Agree,1,0,0,0,0,0,0,0,1,0
2021,Argentina,venezuela,,stay,2,2,no,1,yes,yes,0,0,0,0,0,0,0,0,0,0,0,0,0,0,0,0,0,0,0,0,0,0,0,,Disagree,0,0,0,0,0,0,0,0,0,0
2021,Argentina,venezuela,,stay,1,1,no,1,yes,no,0,0,0,0,0,0,0,0,0,0,0,0,0,0,0,0,0,0,0,0,0,0,0,Agree,Agree,1,0,0,0,0,0,0,0,0,0
2021,Argentina,venezuela,,dontknow,1,0,yes,1,,,0,0,0,0,0,0,0,0,0,0,0,0,0,0,0,0,0,0,0,0,0,0,0,Undecided,Agree,0,0,0,0,0,0,0,0,0,0
2021,Argentina,venezuela,,stay,2,0,no,1,,,0,0,0,0,0,0,0,0,0,0,0,0,0,0,0,0,0,0,0,0,0,0,0,,StronglyAgree,1,0,1,0,0,0,0,0,0,0
2021,Argentina,venezuela,,stay,,,no,1,yes,yes,0,0,0,0,0,0,0,0,0,0,0,0,0,0,0,0,0,0,0,0,0,0,0,Agree,Agree,0,0,0,0,0,0,0,0,0,0
2021,Argentina,venezuela,,stay,3,1,no,1,yes,yes,0,0,0,0,0,0,0,0,0,0,0,0,0,0,0,0,0,0,0,0,0,0,0,Agree,StronglyAgree,1,0,0,0,0,0,0,0,0,0
2021,Argentina,venezuela,,stay,2,1,no,1,,,0,0,0,0,0,0,0,0,0,0,0,0,0,0,0,0,0,0,0,0,0,0,0,StronglyAgree,Agree,0,0,0,0,0,0,0,0,0,0
2021,Argentina,venezuela,,stay,2,1,no,1,yes,no,0,0,0,0,0,0,0,0,0,0,0,0,0,0,0,0,0,0,0,0,0,0,0,StronglyAgree,Agree,0,0,0,0,0,0,0,0,0,0
2021,Argentina,venezuela,,stay,1,0,no,1,,,0,0,0,0,0,0,0,0,0,0,0,0,0,0,0,0,0,0,0,0,0,0,0,StronglyAgree,Agree,0,0,0,0,0,0,0,0,0,0
2021,Argentina,venezuela,,stay,1,0,no,1,,,0,0,0,0,0,0,0,0,0,0,0,0,0,0,0,0,0,0,0,0,0,0,0,,StronglyDisagree,0,0,0,0,0,0,0,0,0,0
2021,Argentina,venezuela,,stay,1,0,no,0,,,0,0,0,0,0,0,0,0,0,0,0,0,0,0,0,0,0,0,0,0,0,0,0,Agree,Agree,1,0,0,0,0,0,0,0,0,0
2021,Argentina,venezuela,,stay,2,0,no,1,,,0,0,0,0,0,0,0,0,0,0,0,0,0,0,0,0,0,0,0,0,0,0,0,StronglyAgree,StronglyAgree,1,0,0,0,0,0,0,0,0,0
2021,Argentina,venezuela,,stay,3,0,no,1,,,0,0,0,0,0,0,0,0,0,0,0,0,0,0,0,0,0,0,0,0,0,0,0,,StronglyAgree,1,0,0,0,0,0,0,0,0,0
2021,Argentina,venezuela,,stay,,,,1,yes,Nainpersonclasses,0,0,0,0,0,0,0,0,0,0,0,0,0,0,0,0,0,0,0,0,0,0,0,StronglyAgree,StronglyAgree,0,0,0,0,0,0,0,0,0,0
2021,Argentina,venezuela,,stay,,,no,1,yes,yes,0,0,0,0,0,0,0,0,0,0,0,0,0,0,0,0,0,0,0,0,0,0,0,Agree,StronglyAgree,1,0,0,0,0,0,0,0,0,0
2021,Argentina,venezuela,,stay,1,0,no,1,,,0,0,0,0,0,0,0,0,0,0,0,0,0,0,0,0,0,0,0,0,0,0,0,Agree,Agree,1,0,0,0,0,0,0,0,0,0
2021,Argentina,venezuela,,stay,2,1,no,1,yes,yes,0,0,0,0,0,0,0,0,0,0,0,0,0,0,0,0,0,0,0,0,0,0,0,Agree,StronglyAgree,0,0,0,0,0,0,0,0,0,0
2021,Argentina,venezuela,,stay,1,0,no,1,,,0,0,0,0,0,0,0,0,0,0,0,0,0,0,0,0,0,0,0,0,0,0,0,Agree,StronglyAgree,1,0,0,0,0,0,0,0,0,0
2021,Argentina,venezuela,,relocate,1,1,no,1,yes,yes,0,0,0,0,0,0,0,0,0,0,0,0,0,0,0,0,0,0,0,0,0,0,0,Agree,Agree,1,0,0,0,0,0,0,0,0,0
2021,Argentina,venezuela,,stay,2,1,no,1,yes,no,0,0,0,0,0,0,0,0,0,0,0,0,0,0,0,0,0,0,0,0,0,0,0,Agree,Agree,0,0,0,0,0,0,0,0,0,0
2021,Argentina,venezuela,,stay,3,0,no,1,,,0,0,0,0,0,0,0,0,0,0,0,0,0,0,0,0,0,0,0,0,0,0,0,,StronglyAgree,0,0,0,0,0,0,0,0,0,0
2021,Argentina,venezuela,,stay,2,0,no,1,,,0,0,0,0,0,0,0,0,0,0,0,0,0,0,0,0,0,0,0,0,0,0,0,Agree,StronglyAgree,0,0,0,0,0,0,0,0,0,0
2021,Argentina,venezuela,,stay,7,1,no,1,,,0,0,0,0,0,0,0,0,0,0,0,0,0,0,0,0,0,0,0,0,0,0,0,Agree,Undecided,0,0,0,0,0,0,0,0,0,0
2021,Argentina,venezuela,,stay,1,0,no,1,,,0,0,0,0,0,0,0,0,0,0,0,0,0,0,0,0,0,0,0,0,0,0,0,,StronglyAgree,1,0,0,0,0,0,0,0,0,0
2021,Argentina,venezuela,,stay,1,1,no,1,yes,yes,0,0,0,0,0,0,0,0,0,0,0,0,0,0,0,0,0,0,0,0,0,0,0,Agree,StronglyAgree,1,0,0,0,0,0,0,0,0,0
2021,Argentina,venezuela,,stay,1,0,yes,1,,,0,0,0,0,0,0,0,0,0,0,0,0,0,0,0,0,0,0,0,0,0,0,0,Undecided,Agree,0,0,0,0,0,0,0,0,0,0
2021,Argentina,venezuela,,stay,3,1,,1,,,0,0,0,0,0,0,0,0,0,0,0,0,0,0,0,0,0,0,0,0,0,0,0,Agree,Agree,1,0,0,0,0,0,0,0,0,0
2021,Argentina,venezuela,,stay,2,2,no,1,yes,no,0,0,0,0,0,0,0,0,0,0,0,0,0,0,0,0,0,0,0,0,0,0,0,StronglyAgree,Undecided,0,0,0,0,0,0,0,0,0,0
2021,Argentina,venezuela,,stay,2,0,no,1,,,0,0,0,0,0,0,0,0,0,0,0,0,0,0,0,0,0,0,0,0,0,0,0,Agree,Agree,0,0,0,0,0,0,0,0,0,0
2021,Argentina,venezuela,,stay,2,1,yes,1,yes,yes,0,0,0,0,0,0,0,0,0,0,0,0,0,0,0,0,0,0,0,0,0,0,0,Agree,Agree,0,0,0,0,0,0,0,0,0,0
2021,Argentina,venezuela,,stay,4,1,no,1,,,0,0,0,0,0,0,0,0,0,0,0,0,0,0,0,0,0,0,0,0,0,0,0,StronglyAgree,Agree,1,0,0,0,0,0,0,0,0,0
2021,Argentina,venezuela,,stay,4,0,,1,,,0,0,0,0,0,0,0,0,0,0,0,0,0,0,0,0,0,0,0,0,0,0,0,Agree,Agree,1,0,0,0,0,0,0,0,0,0
2021,Argentina,venezuela,,stay,2,0,no,1,,,0,0,0,0,0,0,0,0,0,0,0,0,0,0,0,0,0,0,0,0,0,0,0,Agree,Agree,1,0,0,0,0,0,0,0,0,0
2021,Argentina,venezuela,,stay,,,no,1,yes,yes,0,0,0,0,0,0,0,0,0,0,0,0,0,0,0,0,0,0,0,0,0,0,0,,StronglyAgree,0,0,0,0,0,0,0,0,0,0
2021,Argentina,venezuela,,stay,2,0,,1,,,0,0,0,0,0,0,0,0,0,0,0,0,0,0,0,0,0,0,0,0,0,0,0,,StronglyAgree,0,0,0,0,0,0,0,0,0,0
2021,Argentina,venezuela,,stay,2,1,no,1,,,0,0,0,0,0,0,0,0,0,0,0,0,0,0,0,0,0,0,0,0,0,0,0,StronglyAgree,StronglyAgree,1,0,0,0,0,0,0,0,0,0
2021,Argentina,venezuela,,stay,3,2,no,1,yes,yes,0,0,0,0,0,0,0,0,0,0,0,0,0,0,0,0,0,0,0,0,0,0,0,StronglyAgree,StronglyAgree,1,0,0,0,0,0,0,0,0,0
2021,Argentina,venezuela,,dontknow,3,2,no,1,yes,yes,0,0,0,0,0,0,0,0,0,0,0,0,0,0,0,0,0,0,0,0,0,0,0,StronglyAgree,Agree,1,0,0,0,0,0,0,0,0,0
2021,Argentina,venezuela,,stay,3,1,no,1,,,0,0,0,0,0,0,0,0,0,0,0,0,0,0,0,0,0,0,0,0,0,0,0,Undecided,Agree,1,0,0,0,0,0,0,0,0,0
2021,Argentina,venezuela,,stay,5,1,no,1,yes,yes,0,0,0,0,0,0,0,0,0,0,0,0,0,0,0,0,0,0,0,0,0,0,0,StronglyAgree,Agree,0,0,0,0,0,0,0,0,0,0
2021,Argentina,venezuela,,stay,2,0,no,1,,,0,0,0,0,0,0,0,0,0,0,0,0,0,0,0,0,0,0,0,0,0,0,0,,Agree,0,0,1,0,0,0,0,1,0,0
2021,Argentina,venezuela,,stay,,,no,1,yes,yes,0,0,0,0,0,0,0,0,0,0,0,0,0,0,0,0,0,0,0,0,0,0,0,Agree,Agree,1,0,0,0,0,0,0,0,0,0
2021,Argentina,venezuela,,dontknow,,,no,1,yes,no,0,0,0,0,0,0,0,0,0,0,0,0,0,0,0,0,0,0,0,0,0,0,0,StronglyAgree,StronglyAgree,0,0,0,0,0,0,0,0,0,0
2021,Argentina,venezuela,,stay,2,0,no,1,,,0,0,0,0,0,0,0,0,0,0,0,0,0,0,0,0,0,0,0,0,0,0,0,StronglyAgree,StronglyAgree,1,0,0,0,0,0,0,0,0,0
2021,Argentina,venezuela,,dontknow,1,0,,1,,,0,0,0,0,0,0,0,0,0,0,0,0,0,0,0,0,0,0,0,0,0,0,0,,Agree,0,0,0,0,0,0,0,0,0,0
2021,Argentina,venezuela,,stay,1,0,no,1,,,0,0,0,0,0,0,0,0,0,0,0,0,0,0,0,0,0,0,0,0,0,0,0,Agree,Agree,1,0,0,0,0,0,0,0,0,0
2021,Argentina,venezuela,,stay,2,0,no,1,,,0,0,0,0,0,0,0,0,0,0,0,0,0,0,0,0,0,0,0,0,0,0,0,Agree,StronglyAgree,1,0,0,0,0,0,0,0,0,0
2021,Argentina,venezuela,,stay,1,0,no,1,,,0,0,0,0,0,0,0,0,0,0,0,0,0,0,0,0,0,0,0,0,0,0,0,StronglyAgree,Agree,1,0,0,0,0,0,0,0,0,0
2021,Argentina,venezuela,,stay,3,0,no,1,,,0,0,0,0,0,0,0,0,0,0,0,0,0,0,0,0,0,0,0,0,0,0,0,Agree,Agree,1,0,0,0,0,0,0,0,0,0
2021,Argentina,venezuela,,stay,1,1,no,1,yes,yes,0,0,0,0,0,0,0,0,0,0,0,0,0,0,0,0,0,0,0,0,0,0,0,,StronglyAgree,1,0,0,0,0,0,0,0,0,0
2021,Argentina,venezuela,,stay,3,1,no,1,yes,yes,0,0,0,0,0,0,0,0,0,0,0,0,0,0,0,0,0,0,0,0,0,0,0,,StronglyAgree,1,0,0,0,0,0,0,0,0,0
2021,Argentina,venezuela,,stay,4,0,no,1,,,0,0,0,0,0,0,0,0,0,0,0,0,0,0,0,0,0,0,0,0,0,0,0,Agree,StronglyAgree,1,0,0,0,0,0,0,0,0,0
2021,Argentina,venezuela,,stay,1,0,no,1,,,0,0,0,0,0,0,0,0,0,0,0,0,0,0,0,0,0,0,0,0,0,0,0,Agree,Agree,1,0,0,0,0,0,0,0,0,0
2021,Argentina,venezuela,,stay,,,no,1,,,0,0,0,0,0,0,0,0,0,0,0,0,0,0,0,0,0,0,0,0,0,0,0,Agree,StronglyDisagree,0,0,0,0,0,0,0,0,0,0
2021,Argentina,venezuela,,stay,,,no,1,yes,yes,0,0,0,0,0,0,0,0,0,0,0,0,0,0,0,0,0,0,0,0,0,0,0,StronglyAgree,Agree,0,0,0,0,0,0,0,0,0,0
2021,Argentina,venezuela,,stay,5,2,no,1,yes,yes,0,0,0,0,0,0,0,0,0,0,0,0,0,0,0,0,0,0,0,0,0,0,0,StronglyAgree,StronglyAgree,0,0,0,0,0,0,0,0,0,0
2021,Argentina,venezuela,,stay,3,1,,1,,,0,0,0,0,0,0,0,0,0,0,0,0,0,0,0,0,0,0,0,0,0,0,0,Agree,Agree,1,0,0,0,0,0,0,0,0,0
2021,Argentina,venezuela,,stay,2,0,no,1,,,0,0,0,0,0,0,0,0,0,0,0,0,0,0,0,0,0,0,0,0,0,0,0,StronglyAgree,Disagree,0,0,0,0,0,0,0,0,0,0
2021,Argentina,venezuela,,stay,2,2,no,1,yes,yes,0,0,0,0,0,0,0,0,0,0,0,0,0,0,0,0,0,0,0,0,0,0,0,Agree,Agree,0,0,0,0,0,0,0,0,0,0
2021,Argentina,venezuela,,stay,3,0,no,1,,,0,0,0,0,0,0,0,0,0,0,0,0,0,0,0,0,0,0,0,0,0,0,0,StronglyAgree,Agree,0,0,0,0,0,0,0,0,0,0
2021,Argentina,venezuela,,stay,2,1,no,1,yes,no,0,0,0,0,0,0,0,0,0,0,0,0,0,0,0,0,0,0,0,0,0,0,0,Agree,StronglyAgree,1,0,0,0,0,0,0,0,0,0
2021,Argentina,venezuela,,stay,,,,1,yes,Nainpersonclasses,0,0,0,0,0,0,0,0,0,0,0,0,0,0,0,0,0,0,0,0,0,0,0,Agree,StronglyAgree,1,0,0,0,0,0,0,0,0,0
2021,Argentina,venezuela,,stay,2,1,no,1,,,0,0,0,0,0,0,0,0,0,0,0,0,0,0,0,0,0,0,0,0,0,0,0,Agree,Agree,1,0,0,0,0,0,0,0,0,0
2021,Argentina,venezuela,,stay,4,1,no,1,yes,no,0,0,0,0,0,0,0,0,0,0,0,0,0,0,0,0,0,0,0,0,0,0,0,Agree,StronglyAgree,1,0,0,0,0,0,0,0,0,0
2021,Argentina,venezuela,,stay,1,0,no,1,,,0,0,0,0,0,0,0,0,0,0,0,0,0,0,0,0,0,0,0,0,0,0,0,StronglyAgree,Agree,0,0,0,0,0,0,0,0,0,0
2021,Argentina,venezuela,,stay,,,no,1,yes,Nainpersonclasses,0,0,0,0,0,0,0,0,0,0,0,0,0,0,0,0,0,0,0,0,0,0,0,StronglyAgree,StronglyAgree,0,0,0,0,0,0,0,0,0,0
2021,Argentina,venezuela,,stay,4,0,no,1,,,0,0,0,0,0,0,0,0,0,0,0,0,0,0,0,0,0,0,0,0,0,0,0,StronglyAgree,Agree,0,0,0,0,0,0,0,0,0,0
2021,Argentina,venezuela,,stay,1,1,no,1,yes,yes,0,0,0,0,0,0,0,0,0,0,0,0,0,0,0,0,0,0,0,0,0,0,0,StronglyAgree,Agree,1,0,0,0,0,0,0,0,0,0
2021,Argentina,venezuela,,stay,2,1,no,1,yes,yes,0,0,0,0,0,0,0,0,0,0,0,0,0,0,0,0,0,0,0,0,0,0,0,Agree,Agree,0,0,0,0,0,0,0,0,0,0
2021,Argentina,venezuela,,stay,2,0,no,1,,,0,0,0,0,0,0,0,0,0,0,0,0,0,0,0,0,0,0,0,0,0,0,0,StronglyAgree,Agree,0,0,0,0,0,0,0,0,0,0
2021,Argentina,venezuela,,stay,2,1,yes,1,,,0,0,0,0,0,0,0,0,0,0,0,0,0,0,0,0,0,0,0,0,0,0,0,StronglyAgree,StronglyAgree,1,0,0,0,0,0,0,0,0,0
2021,Argentina,venezuela,,relocate,1,0,no,1,,,0,0,0,0,0,0,0,0,0,0,0,0,0,0,0,0,0,0,0,0,0,0,0,,StronglyAgree,0,0,0,0,0,0,0,0,0,0
2021,Argentina,venezuela,,dontknow,3,2,no,1,yes,no,0,0,0,0,0,0,0,0,0,0,0,0,0,0,0,0,0,0,0,0,0,0,0,Agree,StronglyAgree,1,0,0,0,0,0,0,0,0,0
2021,Argentina,venezuela,,stay,2,0,no,1,,,0,0,0,0,0,0,0,0,0,0,0,0,0,0,0,0,0,0,0,0,0,0,0,Agree,Agree,0,0,0,0,0,0,0,0,0,0
2021,Argentina,venezuela,,stay,2,1,yes,1,yes,no,0,0,0,0,0,0,0,0,0,0,0,0,0,0,0,0,0,0,0,0,0,0,0,StronglyAgree,Agree,0,0,0,0,0,0,0,0,0,0
2021,Argentina,venezuela,,stay,2,2,no,1,,,0,0,0,0,0,0,0,0,0,0,0,0,0,0,0,0,0,0,0,0,0,0,0,StronglyAgree,StronglyAgree,1,0,0,0,0,0,0,0,0,0
2021,Argentina,venezuela,,stay,2,0,yes,1,,,0,0,0,0,0,0,0,0,0,0,0,0,0,0,0,0,0,0,0,0,0,0,0,StronglyAgree,StronglyAgree,1,0,0,0,0,0,0,0,0,0
2021,Argentina,venezuela,,stay,3,0,no,1,,,0,0,0,0,0,0,0,0,0,0,0,0,0,0,0,0,0,0,0,0,0,0,0,StronglyAgree,Agree,0,0,0,0,0,0,0,0,0,0
2021,Argentina,venezuela,,stay,3,0,no,1,,,0,0,0,0,0,0,0,0,0,0,0,0,0,0,0,0,0,0,0,0,0,0,0,,Agree,0,0,0,0,0,0,0,0,0,0
2021,Argentina,venezuela,,stay,4,0,yes,1,,,0,0,0,0,0,0,0,0,0,0,0,0,0,0,0,0,0,0,0,0,0,0,0,,Agree,0,0,0,0,0,0,0,0,0,0
2021,Argentina,venezuela,,stay,,,yes,1,,,0,0,0,0,0,0,0,0,0,0,0,0,0,0,0,0,0,0,0,0,0,0,0,,Undecided,0,0,0,0,0,0,0,0,0,0
2021,Argentina,venezuela,,stay,3,1,no,1,yes,yes,0,0,0,0,0,0,0,0,0,0,0,0,0,0,0,0,0,0,0,0,0,0,0,StronglyAgree,StronglyAgree,0,0,0,0,0,0,0,0,0,0
2021,Argentina,venezuela,,stay,2,1,no,1,yes,yes,0,0,0,0,0,0,0,0,0,0,0,0,0,0,0,0,0,0,0,0,0,0,0,,StronglyAgree,0,0,0,0,0,0,0,0,0,0
2021,Argentina,,,stay,,,no,1,yes,no,0,0,0,0,0,0,0,0,0,0,0,0,0,0,0,0,0,0,0,0,0,0,0,StronglyAgree,StronglyAgree,0,0,0,0,0,0,0,0,0,0
2021,Argentina,venezuela,,stay,1,0,no,1,,,0,0,0,0,0,0,0,0,0,0,0,0,0,0,0,0,0,0,0,0,0,0,0,StronglyAgree,Agree,0,0,0,0,0,0,0,0,0,0
2021,Argentina,venezuela,,relocate,1,0,no,1,,,0,0,0,0,0,0,0,0,0,0,0,0,0,0,0,0,0,0,0,0,0,0,0,StronglyAgree,StronglyAgree,0,0,0,0,0,0,0,0,0,0
2021,Argentina,venezuela,,dontknow,2,0,yes,1,,,0,0,0,0,0,0,0,0,0,0,0,0,0,0,0,0,0,0,0,0,0,0,0,Agree,Agree,1,0,0,0,0,0,0,0,0,0
2021,Argentina,venezuela,,stay,3,0,no,1,,,0,0,0,0,0,0,0,0,0,0,0,0,0,0,0,0,0,0,0,0,0,0,0,Agree,Disagree,0,0,0,0,0,0,0,0,0,0
2021,Argentina,venezuela,,stay,1,0,no,1,,,0,0,0,0,0,0,0,0,0,0,0,0,0,0,0,0,0,0,0,0,0,0,0,,Agree,1,0,0,0,0,0,0,0,0,0
2021,Argentina,venezuela,,dontknow,3,1,,1,yes,yes,0,0,0,0,0,0,0,0,0,0,0,0,0,0,0,0,0,0,0,0,0,0,0,,StronglyAgree,1,0,0,0,0,0,0,0,0,0
2021,Argentina,venezuela,,stay,2,1,no,1,yes,yes,0,0,0,0,0,0,0,0,0,0,0,0,0,0,0,0,0,0,0,0,0,0,0,Agree,Agree,1,0,0,0,0,0,0,0,0,0
2021,Argentina,venezuela,,stay,1,1,no,1,,,0,0,0,0,0,0,0,0,0,0,0,0,0,0,0,0,0,0,0,0,0,0,0,Agree,Agree,0,0,0,0,0,0,0,0,0,0
2021,Argentina,venezuela,,stay,2,1,no,1,,,0,0,0,0,0,0,0,0,0,0,0,0,0,0,0,0,0,0,0,0,0,0,0,StronglyAgree,Agree,0,0,0,0,0,0,0,0,0,0
2021,Argentina,venezuela,,stay,2,1,yes,0,,,0,0,0,0,0,0,0,0,0,0,0,0,0,0,0,0,0,0,0,0,0,0,0,,Agree,1,0,0,0,0,0,0,0,0,0
2021,Argentina,venezuela,,stay,,,no,1,yes,no,0,0,0,0,0,0,0,0,0,0,0,0,0,0,0,0,0,0,0,0,0,0,0,StronglyAgree,StronglyAgree,1,0,0,0,0,0,0,0,0,0
2021,Argentina,venezuela,,stay,2,0,no,1,,,0,0,0,0,0,0,0,0,0,0,0,0,0,0,0,0,0,0,0,0,0,0,0,StronglyAgree,Disagree,0,0,0,0,0,0,0,0,0,0
2021,Argentina,venezuela,,dontknow,2,2,no,1,yes,yes,0,0,0,0,0,0,0,0,0,0,0,0,0,0,0,0,0,0,0,0,0,0,0,,Disagree,0,0,0,0,0,0,0,0,0,0
2021,Argentina,venezuela,,stay,2,0,no,1,,,0,0,0,0,0,0,0,0,0,0,0,0,0,0,0,0,0,0,0,0,0,0,0,StronglyAgree,StronglyAgree,1,0,0,0,0,0,0,0,0,0
2021,Argentina,venezuela,,stay,1,0,no,1,,,0,0,0,0,0,0,0,0,0,0,0,0,0,0,0,0,0,0,0,0,0,0,0,,Agree,0,0,0,0,0,0,0,0,0,0
2021,Argentina,venezuela,,stay,3,1,no,1,yes,no,0,0,0,0,0,0,0,0,0,0,0,0,0,0,0,0,0,0,0,0,0,0,0,StronglyAgree,StronglyAgree,0,0,0,0,0,0,0,0,0,0
2021,Argentina,venezuela,,stay,,,no,1,yes,no,0,0,0,0,0,0,0,0,0,0,0,0,0,0,0,0,0,0,0,0,0,0,0,StronglyAgree,StronglyAgree,1,0,0,0,0,0,0,0,0,0
2021,Argentina,venezuela,,stay,,,no,1,yes,yes,0,0,0,0,0,0,0,0,0,0,0,0,0,0,0,0,0,0,0,0,0,0,0,StronglyAgree,StronglyAgree,0,0,0,0,0,0,0,0,0,0
2021,Argentina,venezuela,,stay,,,no,1,yes,yes,0,0,0,0,0,0,0,0,0,0,0,0,0,0,0,0,0,0,0,0,0,0,0,Agree,Agree,0,0,0,0,0,0,0,0,0,0
2021,Argentina,venezuela,,stay,2,1,no,1,,,0,0,0,0,0,0,0,0,0,0,0,0,0,0,0,0,0,0,0,0,0,0,0,StronglyAgree,Agree,0,0,0,0,0,0,0,0,0,0
2021,Argentina,venezuela,,stay,2,2,no,1,yes,yes,0,0,0,0,0,0,0,0,0,0,0,0,0,0,0,0,0,0,0,0,0,0,0,StronglyAgree,StronglyAgree,1,0,0,0,0,0,0,0,0,0
2021,Argentina,venezuela,,stay,1,0,no,1,,,0,0,0,0,0,0,0,0,0,0,0,0,0,0,0,0,0,0,0,0,0,0,0,,Agree,1,0,0,0,0,0,0,0,0,0
2021,Argentina,venezuela,,stay,2,2,no,1,yes,no,0,0,0,0,0,0,0,0,0,0,0,0,0,0,0,0,0,0,0,0,0,0,0,Undecided,Agree,0,0,0,0,0,0,0,0,0,0
2021,Argentina,venezuela,,stay,1,1,no,1,,,0,0,0,0,0,0,0,0,0,0,0,0,0,0,0,0,0,0,0,0,0,0,0,StronglyDisagree,StronglyAgree,1,0,0,0,0,0,0,0,0,0
2021,Argentina,venezuela,,stay,2,1,no,1,,,0,0,0,0,0,0,0,0,0,0,0,0,0,0,0,0,0,0,0,0,0,0,0,StronglyAgree,StronglyAgree,1,0,0,0,0,0,0,0,0,0
2021,Argentina,venezuela,,stay,1,0,yes,1,,,0,0,0,0,0,0,0,0,0,0,0,0,0,0,0,0,0,0,0,0,0,0,0,StronglyAgree,StronglyAgree,1,0,0,0,0,0,0,0,0,0
2021,Argentina,venezuela,,stay,1,0,no,1,,,0,0,0,0,0,0,0,0,0,0,0,0,0,0,0,0,0,0,0,0,0,0,0,Agree,Agree,1,0,0,0,0,0,0,0,0,0
2021,Argentina,venezuela,,stay,3,1,no,1,yes,yes,0,0,0,0,0,0,0,0,0,0,0,0,0,0,0,0,0,0,0,0,0,0,0,,Agree,0,0,0,0,0,0,0,0,1,0
2021,Argentina,venezuela,,stay,2,2,yes,1,yes,no,0,0,0,0,0,0,0,0,0,0,0,0,0,0,0,0,0,0,0,0,0,0,0,Agree,StronglyAgree,0,0,0,0,0,0,0,0,0,0
2021,Argentina,venezuela,,stay,2,0,no,1,,,0,0,0,0,0,0,0,0,0,0,0,0,0,0,0,0,0,0,0,0,0,0,0,,StronglyAgree,1,0,0,0,0,0,0,0,0,0
2021,Argentina,venezuela,,relocate,2,0,no,1,,,0,0,0,0,0,0,0,0,0,0,0,0,0,0,0,0,0,0,0,0,0,0,0,Disagree,Agree,1,0,1,0,1,0,0,0,0,0
2021,Argentina,venezuela,,stay,2,0,no,1,,,0,0,0,0,0,0,0,0,0,0,0,0,0,0,0,0,0,0,0,0,0,0,0,,Disagree,0,0,0,0,0,0,0,0,0,0
2021,Argentina,venezuela,,stay,3,0,no,1,,,0,0,0,0,0,0,0,0,0,0,0,0,0,0,0,0,0,0,0,0,0,0,0,,Agree,1,0,0,0,0,0,0,0,0,0
2021,Argentina,venezuela,,relocate,1,1,no,1,,,0,0,0,0,0,0,0,0,0,0,0,0,0,0,0,0,0,0,0,0,0,0,0,,Agree,0,0,0,0,0,0,0,0,0,0
2021,Argentina,venezuela,,dontknow,1,0,no,1,,,0,0,0,0,0,0,0,0,0,0,0,0,0,0,0,0,0,0,0,0,0,0,0,StronglyAgree,Agree,0,0,0,0,0,0,0,0,0,0
2021,Argentina,venezuela,,stay,4,1,no,1,,,0,0,0,0,0,0,0,0,0,0,0,0,0,0,0,0,0,0,0,0,0,0,0,,Agree,0,0,0,0,0,0,0,0,0,0
2021,Argentina,venezuela,,stay,3,1,no,0,yes,yes,0,0,0,0,0,0,0,0,0,0,0,0,0,0,0,0,0,0,0,0,0,0,0,Agree,Agree,0,0,0,0,0,0,0,0,0,0
2021,Argentina,venezuela,,stay,1,1,no,1,,,0,0,0,0,0,0,0,0,0,0,0,0,0,0,0,0,0,0,0,0,0,0,0,Agree,Agree,1,0,0,0,0,0,0,0,0,0
2021,Argentina,venezuela,,stay,2,1,no,1,,,0,0,0,0,0,0,0,0,0,0,0,0,0,0,0,0,0,0,0,0,0,0,0,,Agree,0,0,1,0,0,0,0,0,0,0
2021,Argentina,venezuela,,stay,2,0,no,1,,,0,0,0,0,0,0,0,0,0,0,0,0,0,0,0,0,0,0,0,0,0,0,0,Agree,Agree,1,0,0,0,0,0,0,0,0,0
2021,Argentina,venezuela,,dontknow,2,0,no,1,,,0,0,0,0,0,0,0,0,0,0,0,0,0,0,0,0,0,0,0,0,0,0,0,Undecided,Agree,1,0,0,0,0,0,0,0,0,0
2021,Argentina,venezuela,,stay,4,0,,0,,,0,0,0,0,0,0,0,0,0,0,0,0,0,0,0,0,0,0,0,0,0,0,0,,Disagree,0,0,0,0,0,0,0,0,0,0
2021,Argentina,venezuela,,stay,2,0,no,1,,,0,0,0,0,0,0,0,0,0,0,0,0,0,0,0,0,0,0,0,0,0,0,0,Agree,StronglyAgree,0,0,0,0,0,0,0,0,0,0
2021,Argentina,venezuela,,dontknow,2,2,,1,yes,yes,0,0,0,0,0,0,0,0,0,0,0,0,0,0,0,0,0,0,0,0,0,0,0,StronglyAgree,Agree,0,0,0,0,0,0,0,0,0,0
2021,Argentina,venezuela,,dontknow,2,0,no,1,,,0,0,0,0,0,0,0,0,0,0,0,0,0,0,0,0,0,0,0,0,0,0,0,StronglyAgree,Disagree,0,0,0,0,0,0,0,0,0,0
2021,Argentina,venezuela,,stay,2,0,no,1,,,0,0,0,0,0,0,0,0,0,0,0,0,0,0,0,0,0,0,0,0,0,0,0,,Agree,1,0,0,0,0,0,0,0,0,0
2021,Argentina,venezuela,,stay,3,2,no,1,yes,yes,0,0,0,0,0,0,0,0,0,0,0,0,0,0,0,0,0,0,0,0,0,0,0,Agree,StronglyAgree,1,0,0,0,0,0,0,0,0,0
2021,Argentina,venezuela,,stay,,,no,1,yes,no,0,0,0,0,0,0,0,0,0,0,0,0,0,0,0,0,0,0,0,0,0,0,0,StronglyAgree,StronglyAgree,0,0,0,0,0,0,0,0,0,0
2021,Argentina,venezuela,,stay,,,no,1,,,0,0,0,0,0,0,0,0,0,0,0,0,0,0,0,0,0,0,0,0,0,0,0,Agree,StronglyAgree,1,0,0,0,0,0,0,0,0,0
2021,Argentina,venezuela,,stay,2,0,no,1,,,0,0,0,0,0,0,0,0,0,0,0,0,0,0,0,0,0,0,0,0,0,0,0,,Agree,1,0,0,0,0,0,0,0,0,0
2021,Argentina,venezuela,,stay,1,0,no,1,,,0,0,0,0,0,0,0,0,0,0,0,0,0,0,0,0,0,0,0,0,0,0,0,,Agree,1,0,0,0,0,0,0,0,0,0
2021,Argentina,venezuela,,stay,2,1,no,1,,,0,0,0,0,0,0,0,0,0,0,0,0,0,0,0,0,0,0,0,0,0,0,0,StronglyAgree,StronglyAgree,1,0,0,0,0,0,0,0,0,0
2021,Argentina,venezuela,,stay,1,0,yes,1,,,0,0,0,0,0,0,0,0,0,0,0,0,0,0,0,0,0,0,0,0,0,0,0,Agree,Agree,1,0,0,0,0,0,0,0,0,0
2021,Argentina,venezuela,,stay,1,0,no,1,,,0,0,0,0,0,0,0,0,0,0,0,0,0,0,0,0,0,0,0,0,0,0,0,Agree,Disagree,0,0,0,0,0,0,0,0,0,0
2021,Argentina,venezuela,,stay,4,0,yes,1,,,0,0,0,0,0,0,0,0,0,0,0,0,0,0,0,0,0,0,0,0,0,0,0,,Agree,0,0,0,0,0,0,0,0,0,0
2021,Argentina,venezuela,,stay,2,0,no,0,,,0,0,0,0,0,0,0,0,0,0,0,0,0,0,0,0,0,0,0,0,0,0,0,StronglyAgree,StronglyAgree,0,0,0,0,0,0,0,0,0,0
2021,Argentina,venezuela,,stay,2,0,no,1,,,0,0,0,0,0,0,0,0,0,0,0,0,0,0,0,0,0,0,0,0,0,0,0,,StronglyAgree,0,0,0,0,0,0,0,0,0,0
2021,Argentina,venezuela,,stay,5,1,no,1,,,0,0,0,0,0,0,0,0,0,0,0,0,0,0,0,0,0,0,0,0,0,0,0,StronglyAgree,Agree,0,0,0,0,0,0,0,0,0,0
2021,Argentina,venezuela,,stay,,,no,1,yes,Nainpersonclasses,0,0,0,0,0,0,0,0,0,0,0,0,0,0,0,0,0,0,0,0,0,0,0,StronglyAgree,Agree,0,0,0,0,0,0,0,0,0,0
2021,Argentina,venezuela,,stay,2,0,no,1,,,0,0,0,0,0,0,0,0,0,0,0,0,0,0,0,0,0,0,0,0,0,0,0,StronglyAgree,Agree,0,0,0,0,0,0,0,0,0,0
2021,Argentina,venezuela,,stay,2,1,no,1,yes,yes,0,0,0,0,0,0,0,0,0,0,0,0,0,0,0,0,0,0,0,0,0,0,0,StronglyAgree,StronglyAgree,0,0,0,0,0,0,0,0,0,0
2021,Argentina,venezuela,,relocate,4,0,no,1,,,0,0,0,0,0,0,0,0,0,0,0,0,0,0,0,0,0,0,0,0,0,0,0,Agree,Agree,0,0,0,0,0,0,0,0,0,0
2021,Argentina,venezuela,,stay,2,2,no,1,yes,yes,0,0,0,0,0,0,0,0,0,0,0,0,0,0,0,0,0,0,0,0,0,0,0,StronglyAgree,Agree,0,0,0,0,0,0,0,0,0,0
2021,Argentina,venezuela,,stay,,,no,0,,,0,0,0,0,0,0,0,0,0,0,0,0,0,0,0,0,0,0,0,0,0,0,0,Agree,Disagree,0,0,0,0,0,0,0,0,0,0
2021,Argentina,venezuela,,stay,2,0,,1,,,0,0,0,0,0,0,0,0,0,0,0,0,0,0,0,0,0,0,0,0,0,0,0,,StronglyAgree,0,0,0,0,0,0,0,0,0,0
2021,Argentina,venezuela,,stay,1,0,no,1,,,0,0,0,0,0,0,0,0,0,0,0,0,0,0,0,0,0,0,0,0,0,0,0,Agree,Agree,0,0,0,0,0,0,0,0,0,0
2021,Argentina,venezuela,,stay,1,0,no,1,,,0,0,0,0,0,0,0,0,0,0,0,0,0,0,0,0,0,0,0,0,0,0,0,StronglyAgree,StronglyAgree,0,0,0,0,0,0,0,0,0,0
2021,Argentina,venezuela,,stay,1,0,yes,1,,,0,0,0,0,0,0,0,0,0,0,0,0,0,0,0,0,0,0,0,0,0,0,0,,StronglyAgree,0,0,0,0,0,0,0,0,0,0
2021,Argentina,venezuela,,stay,1,0,yes,1,,,0,0,0,0,0,0,0,0,0,0,0,0,0,0,0,0,0,0,0,0,0,0,0,,Agree,1,0,0,0,0,0,0,0,0,0
2021,Argentina,venezuela,,stay,,,yes,1,,,0,0,0,0,0,0,0,0,0,0,0,0,0,0,0,0,0,0,0,0,0,0,0,,Agree,0,0,0,0,0,0,0,0,0,0
2021,Argentina,venezuela,,relocate,2,1,no,1,,,0,0,0,0,0,0,0,0,0,0,0,0,0,0,0,0,0,0,0,0,0,0,0,Undecided,StronglyAgree,0,0,0,0,0,0,0,0,0,0
2021,Argentina,venezuela,,stay,3,1,no,1,yes,yes,0,0,0,0,0,0,0,0,0,0,0,0,0,0,0,0,0,0,0,0,0,0,0,Agree,Agree,0,0,0,0,0,0,0,0,0,0
2021,Argentina,venezuela,,stay,1,0,no,1,,,0,0,0,0,0,0,0,0,0,0,0,0,0,0,0,0,0,0,0,0,0,0,0,Agree,Agree,0,0,0,0,0,0,0,0,0,0
2021,Argentina,venezuela,,stay,2,1,no,1,yes,dontknow,0,0,0,0,0,0,0,0,0,0,0,0,0,0,0,0,0,0,0,0,0,0,0,Agree,StronglyDisagree,0,0,0,0,0,0,0,0,0,0
2021,Argentina,venezuela,,stay,3,2,no,1,yes,no,0,0,0,0,0,0,0,0,0,0,0,0,0,0,0,0,0,0,0,0,0,0,0,Agree,Disagree,0,0,0,0,0,0,0,0,0,0
2021,Argentina,venezuela,,stay,2,1,no,1,yes,yes,0,0,0,0,0,0,0,0,0,0,0,0,0,0,0,0,0,0,0,0,0,0,0,StronglyAgree,StronglyAgree,0,0,0,0,0,0,0,0,0,0
2021,Argentina,venezuela,,relocate,2,1,no,1,yes,yes,0,0,0,0,0,0,0,0,0,0,0,0,0,0,0,0,0,0,0,0,0,0,0,StronglyAgree,Agree,0,0,0,0,0,0,0,0,0,0
2021,Argentina,venezuela,,stay,1,0,no,1,,,0,0,0,0,0,0,0,0,0,0,0,0,0,0,0,0,0,0,0,0,0,0,0,,Agree,1,0,0,0,0,0,0,0,0,0
2021,Argentina,venezuela,,stay,1,0,no,1,,,0,0,0,0,0,0,0,0,0,0,0,0,0,0,0,0,0,0,0,0,0,0,0,Agree,Agree,0,0,0,0,0,0,0,0,0,0
2021,Argentina,venezuela,,stay,1,0,yes,1,,,0,0,0,0,0,0,0,0,0,0,0,0,0,0,0,0,0,0,0,0,0,0,0,,Agree,0,0,0,0,0,0,0,0,0,0
2021,Argentina,venezuela,,stay,2,1,no,1,,,0,0,0,0,0,0,0,0,0,0,0,0,0,0,0,0,0,0,0,0,0,0,0,Agree,Agree,0,0,0,0,0,0,0,0,0,0
2021,Argentina,venezuela,,stay,1,1,no,1,yes,yes,0,0,0,0,0,0,0,0,0,0,0,0,0,0,0,0,0,0,0,0,0,0,0,StronglyAgree,Undecided,0,0,0,0,0,0,0,0,0,0
2021,Argentina,venezuela,,stay,2,1,no,1,yes,yes,0,0,0,0,0,0,0,0,0,0,0,0,0,0,0,0,0,0,0,0,0,0,0,Undecided,Agree,0,0,0,0,0,0,0,0,0,0
2021,Argentina,venezuela,,dontknow,2,0,no,1,,,0,0,0,0,0,0,0,0,0,0,0,0,0,0,0,0,0,0,0,0,0,0,0,Agree,Disagree,0,0,0,0,0,0,0,0,0,0
2021,Argentina,venezuela,,stay,1,0,no,1,,,0,0,0,0,0,0,0,0,0,0,0,0,0,0,0,0,0,0,0,0,0,0,0,,StronglyAgree,1,0,0,0,0,0,0,0,0,0
2021,Argentina,venezuela,,stay,2,0,,0,,,0,0,0,0,0,0,0,0,0,0,0,0,0,0,0,0,0,0,0,0,0,0,0,StronglyAgree,Agree,1,0,0,0,0,0,0,0,0,0
2021,Argentina,venezuela,,stay,1,3,no,1,yes,yes,0,0,0,0,0,0,0,0,0,0,0,0,0,0,0,0,0,0,0,0,0,0,0,StronglyAgree,StronglyAgree,1,0,0,0,0,0,0,0,0,0
2021,Argentina,venezuela,,stay,1,1,no,1,yes,no,0,0,0,0,0,0,0,0,0,0,0,0,0,0,0,0,0,0,0,0,0,0,0,Agree,StronglyAgree,0,0,0,0,0,0,0,0,0,0
2021,Argentina,venezuela,,stay,2,0,no,1,,,0,0,0,0,0,0,0,0,0,0,0,0,0,0,0,0,0,0,0,0,0,0,0,Agree,Agree,0,0,0,0,0,0,0,0,0,0
2021,Argentina,venezuela,,stay,,,no,1,yes,yes,0,0,0,0,0,0,0,0,0,0,0,0,0,0,0,0,0,0,0,0,0,0,0,Agree,Agree,1,0,0,0,0,0,0,0,0,0
2021,Argentina,venezuela,,stay,,,no,1,,,0,0,0,0,0,0,0,0,0,0,0,0,0,0,0,0,0,0,0,0,0,0,0,StronglyAgree,StronglyAgree,0,0,0,0,0,0,0,0,0,0
2021,Argentina,venezuela,,stay,3,2,no,1,yes,Nainpersonclasses,0,0,0,0,0,0,0,0,0,0,0,0,0,0,0,0,0,0,0,0,0,0,0,Agree,Undecided,0,0,0,0,0,0,0,0,0,0
2021,Argentina,venezuela,,stay,3,2,no,1,yes,yes,0,0,0,0,0,0,0,0,0,0,0,0,0,0,0,0,0,0,0,0,0,0,0,StronglyAgree,StronglyAgree,1,0,0,0,0,0,0,0,0,0
2021,Argentina,venezuela,,stay,1,0,no,1,,,0,0,0,0,0,0,0,0,0,0,0,0,0,0,0,0,0,0,0,0,0,0,0,StronglyAgree,StronglyAgree,0,0,0,0,0,0,0,0,0,0
2021,Argentina,venezuela,,stay,5,2,no,1,yes,yes,0,0,0,0,0,0,0,0,0,0,0,0,0,0,0,0,0,0,0,0,0,0,0,StronglyAgree,StronglyAgree,1,0,0,0,0,0,0,0,0,0
2021,Argentina,venezuela,,stay,3,0,no,1,,,0,0,0,0,0,0,0,0,0,0,0,0,0,0,0,0,0,0,0,0,0,0,0,,StronglyAgree,1,0,0,0,0,0,0,0,0,0
2021,Argentina,venezuela,,stay,2,2,no,1,yes,yes,0,0,0,0,0,0,0,0,0,0,0,0,0,0,0,0,0,0,0,0,0,0,0,Agree,Agree,0,0,0,0,0,0,0,0,0,0
2021,Argentina,venezuela,,stay,,,no,1,,,0,0,0,0,0,0,0,0,0,0,0,0,0,0,0,0,0,0,0,0,0,0,0,StronglyAgree,StronglyAgree,1,0,0,0,0,0,0,0,0,0
2021,Argentina,venezuela,,dontknow,2,2,no,1,yes,no,0,0,0,0,0,0,0,0,0,0,0,0,0,0,0,0,0,0,0,0,0,0,0,Agree,Agree,1,0,0,0,0,0,0,0,0,0
2021,Argentina,venezuela,,stay,1,0,no,1,,,0,0,0,0,0,0,0,0,0,0,0,0,0,0,0,0,0,0,0,0,0,0,0,StronglyAgree,Agree,0,0,0,0,0,0,0,0,0,0
2021,Argentina,venezuela,,stay,1,0,yes,1,,,0,0,0,0,0,0,0,0,0,0,0,0,0,0,0,0,0,0,0,0,0,0,0,Agree,StronglyAgree,0,0,0,0,0,0,0,0,0,0
2021,Argentina,venezuela,,stay,2,0,,1,,,0,0,0,0,0,0,0,0,0,0,0,0,0,0,0,0,0,0,0,0,0,0,0,StronglyDisagree,StronglyAgree,0,0,0,0,0,0,0,0,0,0
2021,Argentina,venezuela,,stay,1,0,no,1,,,0,0,0,0,0,0,0,0,0,0,0,0,0,0,0,0,0,0,0,0,0,0,0,StronglyAgree,StronglyAgree,1,0,0,0,0,0,0,0,0,0
2021,Argentina,venezuela,,relocate,4,0,,0,,,0,0,0,0,0,0,0,0,0,0,0,0,0,0,0,0,0,0,0,0,0,0,0,StronglyAgree,StronglyAgree,0,0,0,0,0,0,0,0,0,0
2021,Argentina,venezuela,,stay,,,no,1,yes,Nainpersonclasses,0,0,0,0,0,0,0,0,0,0,0,0,0,0,0,0,0,0,0,0,0,0,0,StronglyAgree,Undecided,0,0,0,0,0,0,0,0,0,0
2021,Argentina,venezuela,,stay,2,0,no,1,,,0,0,0,0,0,0,0,0,0,0,0,0,0,0,0,0,0,0,0,0,0,0,0,Agree,Agree,0,0,0,0,0,0,0,0,0,0
2021,Argentina,venezuela,,stay,,,,0,yes,no,0,0,0,0,0,0,0,0,0,0,0,0,0,0,0,0,0,0,0,0,0,0,0,StronglyAgree,Agree,0,0,0,0,0,0,0,0,0,0
2021,Argentina,venezuela,,stay,2,1,no,1,,,0,0,0,0,0,0,0,0,0,0,0,0,0,0,0,0,0,0,0,0,0,0,0,Agree,Agree,0,0,0,0,0,0,0,0,0,0
2021,Argentina,venezuela,,stay,3,0,no,1,,,0,0,0,0,0,0,0,0,0,0,0,0,0,0,0,0,0,0,0,0,0,0,0,StronglyAgree,Agree,1,0,0,0,0,0,0,0,0,0
2021,Argentina,venezuela,,stay,2,0,no,1,,,0,0,0,0,0,0,0,0,0,0,0,0,0,0,0,0,0,0,0,0,0,0,0,,Agree,1,0,0,1,0,0,0,0,1,0
2021,Argentina,venezuela,,stay,,,no,1,yes,yes,0,0,0,0,0,0,0,0,0,0,0,0,0,0,0,0,0,0,0,0,0,0,0,StronglyAgree,StronglyAgree,1,0,0,0,0,0,0,0,0,0
2021,Argentina,venezuela,,stay,2,1,yes,1,yes,no,0,0,0,0,0,0,0,0,0,0,0,0,0,0,0,0,0,0,0,0,0,0,0,,Undecided,0,0,0,0,0,0,0,0,0,0
2021,Argentina,venezuela,,dontknow,1,0,yes,1,,,0,0,0,0,0,0,0,0,0,0,0,0,0,0,0,0,0,0,0,0,0,0,0,,Undecided,0,0,0,0,0,0,0,0,0,0
2021,Argentina,venezuela,,stay,3,0,no,1,,,0,0,0,0,0,0,0,0,0,0,0,0,0,0,0,0,0,0,0,0,0,0,0,Undecided,Agree,0,0,0,0,0,0,0,0,0,0
2021,Argentina,venezuela,,stay,2,2,no,1,yes,yes,0,0,0,0,0,0,0,0,0,0,0,0,0,0,0,0,0,0,0,0,0,0,0,StronglyAgree,StronglyAgree,0,0,0,0,0,0,0,0,0,0
2021,Argentina,venezuela,,stay,2,0,no,1,,,0,0,0,0,0,0,0,0,0,0,0,0,0,0,0,0,0,0,0,0,0,0,0,Agree,Agree,1,0,0,0,0,0,0,0,0,0
2021,Argentina,venezuela,,stay,1,2,no,1,yes,Nainpersonclasses,0,0,0,0,0,0,0,0,0,0,0,0,0,0,0,0,0,0,0,0,0,0,0,Agree,Undecided,0,0,0,0,0,0,0,0,0,0
2021,Argentina,venezuela,,stay,2,0,no,1,,,0,0,0,0,0,0,0,0,0,0,0,0,0,0,0,0,0,0,0,0,0,0,0,,StronglyAgree,1,0,0,0,0,0,0,0,0,0
2021,Argentina,venezuela,,stay,1,0,no,1,,,0,0,0,0,0,0,0,0,0,0,0,0,0,0,0,0,0,0,0,0,0,0,0,Agree,Agree,1,0,0,0,0,0,0,0,0,0
2021,Argentina,venezuela,,stay,2,1,no,1,,,0,0,0,0,0,0,0,0,0,0,0,0,0,0,0,0,0,0,0,0,0,0,0,StronglyAgree,Agree,0,0,0,0,0,0,0,0,0,0
2021,Argentina,venezuela,,stay,2,0,no,1,,,0,0,0,0,0,0,0,0,0,0,0,0,0,0,0,0,0,0,0,0,0,0,0,,StronglyAgree,0,0,0,0,0,0,0,0,0,0
2021,Argentina,venezuela,,stay,2,0,no,1,,,0,0,0,0,0,0,0,0,0,0,0,0,0,0,0,0,0,0,0,0,0,0,0,Agree,Agree,0,0,0,0,0,0,0,0,0,0
2021,Argentina,venezuela,,stay,2,0,no,1,,,0,0,0,0,0,0,0,0,0,0,0,0,0,0,0,0,0,0,0,0,0,0,0,Agree,StronglyAgree,1,0,0,0,0,0,0,0,0,0
2021,Argentina,venezuela,,stay,4,0,no,1,,,0,0,0,0,0,0,0,0,0,0,0,0,0,0,0,0,0,0,0,0,0,0,0,StronglyAgree,Agree,0,0,0,0,0,0,0,0,0,0
2021,Argentina,venezuela,,dontknow,3,2,no,1,yes,no,0,0,0,0,0,0,0,0,0,0,0,0,0,0,0,0,0,0,0,0,0,0,0,StronglyAgree,StronglyAgree,0,0,0,0,0,0,0,0,0,0
2021,Argentina,venezuela,,dontknow,1,0,no,1,,,0,0,0,0,0,0,0,0,0,0,0,0,0,0,0,0,0,0,0,0,0,0,0,StronglyAgree,StronglyAgree,1,0,0,0,0,0,0,0,0,0
2021,Argentina,venezuela,,stay,2,0,no,1,,,0,0,0,0,0,0,0,0,0,0,0,0,0,0,0,0,0,0,0,0,0,0,0,,StronglyAgree,0,0,0,0,0,0,0,0,0,0
2021,Argentina,venezuela,,stay,1,0,no,1,,,0,0,0,0,0,0,0,0,0,0,0,0,0,0,0,0,0,0,0,0,0,0,0,StronglyAgree,Agree,1,0,0,0,0,0,0,0,0,0
2021,Argentina,venezuela,,dontknow,2,1,no,1,yes,yes,0,0,0,0,0,0,0,0,0,0,0,0,0,0,0,0,0,0,0,0,0,0,0,Agree,StronglyAgree,0,0,0,0,0,0,0,0,0,0
2021,Argentina,venezuela,,stay,2,0,no,1,,,0,0,0,0,0,0,0,0,0,0,0,0,0,0,0,0,0,0,0,0,0,0,0,StronglyAgree,StronglyAgree,1,0,0,0,0,0,0,0,0,0
2021,Argentina,venezuela,,stay,,,no,1,yes,yes,0,0,0,0,0,0,0,0,0,0,0,0,0,0,0,0,0,0,0,0,0,0,0,StronglyAgree,Agree,0,0,0,0,0,0,0,0,0,0
2021,Argentina,venezuela,,stay,,,no,1,yes,yes,0,0,0,0,0,0,0,0,0,0,0,0,0,0,0,0,0,0,0,0,0,0,0,StronglyAgree,Agree,1,0,0,0,0,0,0,0,0,0
2021,Argentina,venezuela,,stay,2,0,no,1,,,0,0,0,0,0,0,0,0,0,0,0,0,0,0,0,0,0,0,0,0,0,0,0,Agree,Agree,0,0,0,0,0,0,0,0,0,0
2021,Argentina,venezuela,,stay,2,0,no,1,,,0,0,0,0,0,0,0,0,0,0,0,0,0,0,0,0,0,0,0,0,0,0,0,Agree,StronglyAgree,1,0,0,0,0,0,0,0,0,0
2021,Argentina,venezuela,,stay,3,1,no,1,yes,no,0,0,0,0,0,0,0,0,0,0,0,0,0,0,0,0,0,0,0,0,0,0,0,Disagree,Agree,1,0,0,0,0,0,0,0,0,0
2021,Argentina,venezuela,,stay,2,0,no,1,,,0,0,0,0,0,0,0,0,0,0,0,0,0,0,0,0,0,0,0,0,0,0,0,StronglyAgree,Agree,0,0,0,0,0,0,0,0,0,0
2021,Argentina,venezuela,,stay,2,1,no,1,yes,no,0,0,0,0,0,0,0,0,0,0,0,0,0,0,0,0,0,0,0,0,0,0,0,,Agree,0,0,0,0,0,0,0,0,0,0
2021,Argentina,venezuela,,stay,3,0,no,1,,,0,0,0,0,0,0,0,0,0,0,0,0,0,0,0,0,0,0,0,0,0,0,0,StronglyAgree,Agree,0,0,0,0,0,0,0,0,0,0
2021,Argentina,venezuela,,stay,2,1,no,1,yes,yes,0,0,0,0,0,0,0,0,0,0,0,0,0,0,0,0,0,0,0,0,0,0,0,StronglyAgree,Agree,1,0,0,0,0,0,0,0,0,0
2021,Argentina,venezuela,,stay,3,1,no,1,,,0,0,0,0,0,0,0,0,0,0,0,0,0,0,0,0,0,0,0,0,0,0,0,StronglyAgree,StronglyAgree,1,0,0,0,0,0,0,0,0,0
2021,Argentina,venezuela,,stay,1,0,no,1,,,0,0,0,0,0,0,0,0,0,0,0,0,0,0,0,0,0,0,0,0,0,0,0,,StronglyAgree,0,0,0,0,0,0,0,0,0,0
2021,Argentina,venezuela,,stay,2,2,no,1,yes,yes,0,0,0,0,0,0,0,0,0,0,0,0,0,0,0,0,0,0,0,0,0,0,0,Agree,Agree,0,0,0,0,0,0,0,0,0,0
2021,Argentina,venezuela,,stay,4,0,no,1,,,0,0,0,0,0,0,0,0,0,0,0,0,0,0,0,0,0,0,0,0,0,0,0,Agree,StronglyAgree,0,0,0,0,0,0,0,0,0,0
2021,Argentina,venezuela,,stay,2,1,no,1,,,0,0,0,0,0,0,0,0,0,0,0,0,0,0,0,0,0,0,0,0,0,0,0,StronglyAgree,Agree,0,0,0,0,0,0,0,0,0,0
2021,Argentina,venezuela,,relocate,,,,1,,,0,0,0,0,0,0,0,0,0,0,0,0,0,0,0,0,0,0,0,0,0,0,0,StronglyAgree,StronglyAgree,0,0,0,0,0,0,0,0,0,0
2021,Argentina,venezuela,,stay,,,no,1,yes,Nainpersonclasses,0,0,0,0,0,0,0,0,0,0,0,0,0,0,0,0,0,0,0,0,0,0,0,StronglyAgree,Agree,1,0,0,0,0,0,0,0,0,0
2021,Argentina,venezuela,,relocate,2,0,no,1,,,0,0,0,0,0,0,0,0,0,0,0,0,0,0,0,0,0,0,0,0,0,0,0,Agree,Agree,1,0,0,0,0,0,0,0,0,0
2021,Argentina,venezuela,,stay,2,1,no,1,,,0,0,0,0,0,0,0,0,0,0,0,0,0,0,0,0,0,0,0,0,0,0,0,Agree,Agree,0,0,0,0,0,0,0,0,0,0
2021,Argentina,venezuela,,relocate,3,0,no,1,,,0,0,0,0,0,0,0,0,0,0,0,0,0,0,0,0,0,0,0,0,0,0,0,StronglyAgree,Agree,1,0,0,0,0,0,0,0,0,0
2021,Argentina,venezuela,,stay,1,0,no,1,,,0,0,0,0,0,0,0,0,0,0,0,0,0,0,0,0,0,0,0,0,0,0,0,,StronglyAgree,1,0,0,0,0,0,0,0,0,0
2021,Argentina,venezuela,,stay,2,1,yes,0,,,0,0,0,0,0,0,0,0,0,0,0,0,0,0,0,0,0,0,0,0,0,0,0,StronglyAgree,StronglyAgree,0,0,0,0,0,0,0,0,0,0
2021,Argentina,venezuela,,stay,1,0,no,1,,,0,0,0,0,0,0,0,0,0,0,0,0,0,0,0,0,0,0,0,0,0,0,0,StronglyAgree,Agree,1,0,0,0,0,0,0,0,0,0
2021,Argentina,venezuela,,stay,3,2,,1,,,0,0,0,0,0,0,0,0,0,0,0,0,0,0,0,0,0,0,0,0,0,0,0,Agree,Agree,0,0,0,0,0,0,0,0,0,0
2021,Argentina,venezuela,,relocate,3,0,no,0,,,0,0,0,0,0,0,0,0,0,0,0,0,0,0,0,0,0,0,0,0,0,0,0,StronglyAgree,StronglyDisagree,0,0,0,0,0,0,0,0,0,0
2021,Argentina,venezuela,,stay,2,0,no,0,,,0,0,0,0,0,0,0,0,0,0,0,0,0,0,0,0,0,0,0,0,0,0,0,Agree,Agree,1,0,0,0,0,0,0,0,0,0
2021,Argentina,venezuela,,relocate,1,0,no,1,,,0,0,0,0,0,0,0,0,0,0,0,0,0,0,0,0,0,0,0,0,0,0,0,StronglyAgree,StronglyAgree,0,0,0,0,0,0,0,0,0,0
2021,Argentina,venezuela,,dontknow,3,0,no,1,,,0,0,0,0,0,0,0,0,0,0,0,0,0,0,0,0,0,0,0,0,0,0,0,Agree,StronglyDisagree,0,0,0,0,0,0,0,0,0,0
2021,Argentina,venezuela,,stay,,,no,1,yes,yes,0,0,0,0,0,0,0,0,0,0,0,0,0,0,0,0,0,0,0,0,0,0,0,Agree,Agree,1,0,0,0,0,0,0,0,0,0
2021,Argentina,venezuela,,stay,2,0,,1,,,0,0,0,0,0,0,0,0,0,0,0,0,0,0,0,0,0,0,0,0,0,0,0,,Agree,1,0,0,0,1,0,0,0,0,0
2021,Argentina,venezuela,,stay,,,no,1,yes,yes,0,0,0,0,0,0,0,0,0,0,0,0,0,0,0,0,0,0,0,0,0,0,0,Agree,Agree,0,0,0,0,0,0,0,0,0,0
2021,Argentina,venezuela,,stay,2,2,no,1,yes,no,0,0,0,0,0,0,0,0,0,0,0,0,0,0,0,0,0,0,0,0,0,0,0,,StronglyAgree,1,0,0,0,0,0,0,0,0,0
2021,Argentina,venezuela,,stay,2,1,,1,yes,yes,0,0,0,0,0,0,0,0,0,0,0,0,0,0,0,0,0,0,0,0,0,0,0,,StronglyAgree,0,0,0,0,0,0,0,0,0,0
2021,Argentina,venezuela,,stay,3,0,no,0,,,0,0,0,0,0,0,0,0,0,0,0,0,0,0,0,0,0,0,0,0,0,0,0,StronglyAgree,Agree,0,0,0,0,0,0,0,0,0,0
2021,Argentina,venezuela,,stay,2,0,no,1,,,0,0,0,0,0,0,0,0,0,0,0,0,0,0,0,0,0,0,0,0,0,0,0,,Undecided,0,0,1,1,0,0,0,0,0,0
2021,Argentina,venezuela,,dontknow,2,1,no,1,,,0,0,0,0,0,0,0,0,0,0,0,0,0,0,0,0,0,0,0,0,0,0,0,Undecided,Agree,0,0,0,0,0,0,0,0,0,0
2021,Argentina,venezuela,,stay,4,1,no,1,yes,no,0,0,0,0,0,0,0,0,0,0,0,0,0,0,0,0,0,0,0,0,0,0,0,,StronglyAgree,1,0,0,0,0,0,0,0,0,0
2021,Argentina,venezuela,,stay,1,0,no,1,,,0,0,0,0,0,0,0,0,0,0,0,0,0,0,0,0,0,0,0,0,0,0,0,Agree,StronglyAgree,0,0,0,0,0,0,0,0,0,0
2021,Argentina,venezuela,,stay,2,2,no,1,yes,yes,0,0,0,0,0,0,0,0,0,0,0,0,0,0,0,0,0,0,0,0,0,0,0,,StronglyAgree,1,0,0,0,0,0,0,0,1,0
2021,Argentina,venezuela,,stay,2,1,no,1,,,0,0,0,0,0,0,0,0,0,0,0,0,0,0,0,0,0,0,0,0,0,0,0,StronglyAgree,StronglyAgree,1,0,0,0,0,0,0,0,0,0
2021,Argentina,venezuela,,stay,4,1,no,1,yes,no,0,0,0,0,0,0,0,0,0,0,0,0,0,0,0,0,0,0,0,0,0,0,0,Agree,Agree,0,0,0,0,0,0,0,0,0,0
2021,Argentina,venezuela,,stay,2,0,no,1,,,0,0,0,0,0,0,0,0,0,0,0,0,0,0,0,0,0,0,0,0,0,0,0,StronglyAgree,Agree,0,0,0,0,0,0,0,0,0,0
2021,Argentina,venezuela,,stay,2,2,yes,1,yes,no,0,0,0,0,0,0,0,0,0,0,0,0,0,0,0,0,0,0,0,0,0,0,0,Agree,StronglyAgree,1,0,0,0,0,0,0,0,0,0
2021,Argentina,venezuela,,stay,5,2,no,1,yes,Nainpersonclasses,0,0,0,0,0,0,0,0,0,0,0,0,0,0,0,0,0,0,0,0,0,0,0,Agree,Agree,0,0,0,0,0,0,0,0,0,0
2021,Argentina,venezuela,,stay,2,0,no,0,,,0,0,0,0,0,0,0,0,0,0,0,0,0,0,0,0,0,0,0,0,0,0,0,Agree,Agree,1,0,0,0,0,0,0,0,0,0
2021,Argentina,venezuela,,stay,2,0,no,1,,,0,0,0,0,0,0,0,0,0,0,0,0,0,0,0,0,0,0,0,0,0,0,0,Agree,StronglyAgree,1,0,0,0,0,0,0,0,0,0
2021,Argentina,venezuela,,stay,1,0,no,1,,,0,0,0,0,0,0,0,0,0,0,0,0,0,0,0,0,0,0,0,0,0,0,0,StronglyAgree,StronglyAgree,1,0,0,0,0,0,0,0,0,0
2021,Argentina,venezuela,,stay,1,0,yes,1,,,0,0,0,0,0,0,0,0,0,0,0,0,0,0,0,0,0,0,0,0,0,0,0,StronglyAgree,StronglyAgree,0,0,0,0,0,0,0,0,0,0
2021,Argentina,venezuela,,stay,2,0,no,1,,,0,0,0,0,0,0,0,0,0,0,0,0,0,0,0,0,0,0,0,0,0,0,0,StronglyAgree,StronglyAgree,0,0,0,0,0,0,0,0,0,0
2021,Argentina,venezuela,,stay,2,0,no,1,,,0,0,0,0,0,0,0,0,0,0,0,0,0,0,0,0,0,0,0,0,0,0,0,StronglyAgree,Agree,1,0,0,0,0,0,0,0,0,0
2021,Argentina,venezuela,,stay,2,0,no,1,,,0,0,0,0,0,0,0,0,0,0,0,0,0,0,0,0,0,0,0,0,0,0,0,StronglyAgree,StronglyAgree,0,0,0,0,0,0,0,0,0,0
2021,Argentina,venezuela,,stay,1,0,no,1,,,0,0,0,0,0,0,0,0,0,0,0,0,0,0,0,0,0,0,0,0,0,0,0,,Disagree,0,0,0,0,0,0,0,0,0,0
2021,Argentina,venezuela,,stay,1,1,no,1,yes,yes,0,0,0,0,0,0,0,0,0,0,0,0,0,0,0,0,0,0,0,0,0,0,0,Agree,Disagree,0,0,0,0,0,0,0,0,0,0
2021,Argentina,venezuela,,stay,1,0,no,1,,,0,0,0,0,0,0,0,0,0,0,0,0,0,0,0,0,0,0,0,0,0,0,0,,StronglyAgree,1,0,0,0,0,0,0,0,0,0
2021,Argentina,venezuela,,stay,2,0,no,1,,,0,0,0,0,0,0,0,0,0,0,0,0,0,0,0,0,0,0,0,0,0,0,0,Agree,Agree,1,0,0,0,0,0,0,0,0,0
2021,Argentina,venezuela,,stay,3,2,no,1,yes,yes,0,0,0,0,0,0,0,0,0,0,0,0,0,0,0,0,0,0,0,0,0,0,0,StronglyAgree,Agree,1,0,0,0,0,0,0,0,0,0
2021,Argentina,venezuela,,stay,,,no,1,yes,yes,0,0,0,0,0,0,0,0,0,0,0,0,0,0,0,0,0,0,0,0,0,0,0,StronglyAgree,StronglyAgree,0,0,0,0,0,0,0,0,0,0
2021,Argentina,venezuela,,stay,2,0,no,1,,,0,0,0,0,0,0,0,0,0,0,0,0,0,0,0,0,0,0,0,0,0,0,0,,Agree,1,0,0,0,0,0,0,0,0,0
2021,Argentina,venezuela,,stay,2,0,no,1,,,0,0,0,0,0,0,0,0,0,0,0,0,0,0,0,0,0,0,0,0,0,0,0,,StronglyAgree,1,0,0,0,0,0,0,0,0,0
2021,Argentina,venezuela,,stay,2,0,no,1,,,0,0,0,0,0,0,0,0,0,0,0,0,0,0,0,0,0,0,0,0,0,0,0,Agree,StronglyAgree,0,0,0,0,0,0,0,0,0,0
2021,Argentina,venezuela,,stay,1,0,no,1,,,0,0,0,0,0,0,0,0,0,0,0,0,0,0,0,0,0,0,0,0,0,0,0,Agree,Agree,0,0,0,0,0,0,0,0,0,0
2021,Argentina,venezuela,,stay,3,1,no,1,yes,Nainpersonclasses,0,0,0,0,0,0,0,0,0,0,0,0,0,0,0,0,0,0,0,0,0,0,0,StronglyAgree,Agree,0,0,0,0,0,0,0,0,0,0
2021,Argentina,venezuela,,stay,2,0,no,1,,,0,0,0,0,0,0,0,0,0,0,0,0,0,0,0,0,0,0,0,0,0,0,0,Undecided,StronglyAgree,1,0,0,0,0,0,0,0,0,0
2021,Argentina,venezuela,,stay,2,2,no,1,yes,yes,0,0,0,0,0,0,0,0,0,0,0,0,0,0,0,0,0,0,0,0,0,0,0,Agree,Agree,0,0,0,0,0,0,0,0,0,0
2021,Argentina,venezuela,,stay,3,0,no,1,,,0,0,0,0,0,0,0,0,0,0,0,0,0,0,0,0,0,0,0,0,0,0,0,StronglyAgree,Agree,0,0,0,0,0,0,0,0,0,0
2021,Argentina,venezuela,,stay,1,0,no,1,,,0,0,0,0,0,0,0,0,0,0,0,0,0,0,0,0,0,0,0,0,0,0,0,,StronglyAgree,0,0,0,0,0,0,0,0,0,0
2021,Argentina,venezuela,,stay,2,1,yes,1,no,,0,0,0,0,0,0,0,0,0,0,0,0,0,0,0,0,0,1,0,0,0,0,0,StronglyAgree,StronglyAgree,0,0,0,0,0,0,0,0,0,0
2021,Argentina,venezuela,,stay,2,0,no,1,,,0,0,0,0,0,0,0,0,0,0,0,0,0,0,0,0,0,0,0,0,0,0,0,Disagree,Undecided,0,0,0,0,1,0,0,0,0,0
2021,Argentina,venezuela,,stay,4,0,yes,1,,,0,0,0,0,0,0,0,0,0,0,0,0,0,0,0,0,0,0,0,0,0,0,0,,Agree,0,0,0,0,0,0,0,0,0,0
2021,Argentina,venezuela,,stay,3,1,no,1,yes,yes,0,0,0,0,0,0,0,0,0,0,0,0,0,0,0,0,0,0,0,0,0,0,0,Agree,Agree,1,0,0,0,0,0,0,0,0,0
2021,Argentina,venezuela,,stay,3,0,no,1,,,0,0,0,0,0,0,0,0,0,0,0,0,0,0,0,0,0,0,0,0,0,0,0,Undecided,Agree,0,0,0,0,0,0,0,0,0,0
2021,Argentina,venezuela,,dontknow,1,0,yes,0,,,0,0,0,0,0,0,0,0,0,0,0,0,0,0,0,0,0,0,0,0,0,0,0,,Agree,0,0,0,0,0,0,0,0,0,0
2021,Argentina,venezuela,,relocate,,,,1,,,0,0,0,0,0,0,0,0,0,0,0,0,0,0,0,0,0,0,0,0,0,0,0,,Agree,1,0,0,0,0,0,0,0,0,0
2021,Argentina,venezuela,,stay,5,1,,1,yes,yes,0,0,0,0,0,0,0,0,0,0,0,0,0,0,0,0,0,0,0,0,0,0,0,Disagree,Agree,1,0,0,0,0,0,0,0,0,0
2021,Argentina,venezuela,,relocate,1,1,no,1,,,0,0,0,0,0,0,0,0,0,0,0,0,0,0,0,0,0,0,0,0,0,0,0,Agree,Agree,0,0,0,0,0,0,0,0,0,0
2021,Argentina,venezuela,,stay,2,1,no,1,yes,yes,0,0,0,0,0,0,0,0,0,0,0,0,0,0,0,0,0,0,0,0,0,0,0,Agree,Agree,1,0,0,0,0,0,0,0,0,0
2021,Argentina,venezuela,,stay,2,1,no,1,yes,no,0,0,0,0,0,0,0,0,0,0,0,0,0,0,0,0,0,0,0,0,0,0,0,Disagree,Agree,0,0,1,0,0,0,0,0,1,0
2021,Argentina,venezuela,,stay,1,0,no,0,,,0,0,0,0,0,0,0,0,0,0,0,0,0,0,0,0,0,0,0,0,0,0,0,Agree,Agree,0,0,0,0,0,0,0,0,0,0
2021,Argentina,venezuela,,stay,3,2,,1,yes,yes,0,0,0,0,0,0,0,0,0,0,0,0,0,0,0,0,0,0,0,0,0,0,0,,StronglyAgree,0,0,0,0,0,0,0,0,0,0
2021,Argentina,venezuela,,stay,1,1,no,1,,,0,0,0,0,0,0,0,0,0,0,0,0,0,0,0,0,0,0,0,0,0,0,0,StronglyAgree,Agree,0,0,0,0,0,0,0,0,0,0
2021,Argentina,venezuela,,stay,4,0,no,1,,,0,0,0,0,0,0,0,0,0,0,0,0,0,0,0,0,0,0,0,0,0,0,0,StronglyAgree,StronglyAgree,1,0,0,0,0,0,0,0,0,0
2021,Argentina,venezuela,,stay,2,0,no,1,,,0,0,0,0,0,0,0,0,0,0,0,0,0,0,0,0,0,0,0,0,0,0,0,Disagree,Agree,0,0,0,0,0,0,0,0,1,0
2021,Argentina,venezuela,,stay,2,1,no,1,yes,Nainpersonclasses,0,0,0,0,0,0,0,0,0,0,0,0,0,0,0,0,0,0,0,0,0,0,0,StronglyAgree,Agree,0,0,0,0,0,0,0,0,0,0
