CountryOfAsylum,nationality,ethnicity,intentionmove,TotalAdult,TotalMinor,AppliedRefugee,documentation_id,Childinschool,Childvirtualed,Childwhynotschool_nodocs,Childwhynotschool_nomoney,Childwhynotschool_failedschool,Childwhynotschool_childwork,Childwhynotschool_fearschool,Childwhynotschool_disease,Childwhynotschool_disability,Childwhynotschool_helphome,Childwhynotschool_familynot,Childwhynotschool_noschools,Childwhynotschool_nointerest,Childwhynotschool_pregnancy,Childwhynotschool_nospot,Childwhynotschool_notransport,Childwhynotschool_discrimnation,Childwhynotschool_discrimethnic,Childwhynotschool_finished,Childwhynotschool_recentlyarrive,Childwhynotschool_intransit,Childwhynotschool_noinfo,Childwhynotschool_toolate,medicalReceived,RiskYes,RiskReturn_medical,RiskStay_medical,whynotMedical_nomoney,whynotMedical_noinsurance,whynotMedical_noID,whynotMedical_noinfo,whynotMedical_feararrested,whynotMedical_distance,whynotMedical_notavailable,whynotMedical_denied,Year
Guatemala,guatemala,NA,relocate,2,1,,1,,,0,0,0,0,0,0,0,0,0,0,0,0,0,0,0,0,0,0,0,0,0,,,0,0,0,0,0,0,0,0,0,0,2022
Guatemala,guatemala,NA,stay,2,2,,0,yes,no,0,0,0,0,0,0,0,0,0,0,0,0,0,0,0,0,0,0,0,0,0,,,0,0,0,0,0,0,0,0,0,0,
Guatemala,guatemala,NA,relocate,2,1,,1,,,0,0,0,0,0,0,0,0,0,0,0,0,0,0,0,0,0,0,0,0,0,,,0,0,1,0,0,0,0,0,0,0,
Guatemala,guatemala,NA,relocate,3,1,,1,,,0,0,0,0,0,0,0,0,0,0,0,0,0,0,0,0,0,0,0,0,0,Agree,,0,0,0,0,0,0,0,0,0,0,
Guatemala,guatemala,NA,relocate,2,2,,1,,,0,0,0,0,0,0,0,0,0,0,0,0,0,0,0,0,0,0,0,0,0,,,0,0,0,0,0,0,0,0,0,0,
Guatemala,guatemala,NA,stay,NA,2,,1,yes,no,0,0,0,0,0,0,0,0,0,0,0,0,0,0,0,0,0,0,0,0,0,,,0,0,0,0,0,0,0,0,0,0,
Guatemala,guatemala,NA,dontknow,2,NA,,1,yes,no,0,0,0,0,0,0,0,0,0,0,0,0,0,0,0,0,0,0,0,0,0,,,0,0,0,0,0,0,0,0,0,0,
Guatemala,other,NA,stay,1,0,yes,1,,,0,0,0,0,0,0,0,0,0,0,0,0,0,0,0,0,0,0,0,0,0,,Agree,0,0,0,0,0,0,0,0,0,0,
Guatemala,other,NA,stay,2,2,,1,yes,no,0,0,0,0,0,0,0,0,0,0,0,0,0,0,0,0,0,0,0,0,0,,,0,0,0,0,0,0,0,0,0,0,
Guatemala,other,NA,stay,1,0,yes,1,,,0,0,0,0,0,0,0,0,0,0,0,0,0,0,0,0,0,0,0,0,0,,Agree,0,0,1,0,0,0,0,0,0,0,
Guatemala,guatemala,NA,stay,2,NA,,1,yes,Nainpersonclasses,0,0,0,0,0,0,0,0,0,0,0,0,0,0,0,0,0,0,0,0,0,,,0,0,0,0,0,0,0,0,0,0,
Guatemala,guatemala,NA,stay,1,0,yes,0,,,0,0,0,0,0,0,0,0,0,0,0,0,0,0,0,0,0,0,0,0,0,Agree,Agree,0,0,0,0,0,0,0,0,0,0,
Guatemala,guatemala,NA,dontknow,1,2,,1,yes,yes,0,0,0,0,0,0,0,0,0,0,0,0,0,0,0,0,0,0,0,0,0,,,0,0,0,0,0,0,0,0,0,0,
Guatemala,guatemala,NA,stay,3,NA,,1,yes,no,0,0,0,0,0,0,0,0,0,0,0,0,0,0,0,0,0,0,0,0,0,,,0,0,0,0,0,0,0,0,0,0,
Guatemala,other,NA,stay,3,2,yes,1,yes,no,0,0,0,0,0,0,0,0,0,0,0,0,0,0,0,0,0,0,0,0,0,Agree,Agree,0,0,0,0,0,0,0,0,0,0,
Guatemala,other,NA,stay,2,0,yes,1,,,0,0,0,0,0,0,0,0,0,0,0,0,0,0,0,0,0,0,0,0,0,Agree,Agree,0,0,0,0,0,0,0,0,0,0,
Guatemala,guatemala,NA,relocate,2,1,,1,yes,no,0,0,0,0,0,0,0,0,0,0,0,0,0,0,0,0,0,0,0,0,0,,,0,0,1,0,0,0,0,0,0,0,
Guatemala,other,NA,stay,1,0,yes,0,,,0,0,0,0,0,0,0,0,0,0,0,0,0,0,0,0,0,0,0,0,0,Undecided,Agree,0,0,0,0,0,0,0,0,0,0,
Guatemala,other,NA,stay,2,NA,yes,0,yes,no,0,0,0,0,0,0,0,0,0,0,0,0,0,0,0,0,0,0,0,0,0,Agree,Agree,0,0,0,0,0,0,0,0,0,0,
Guatemala,guatemala,NA,relocate,2,2,,1,yes,yes,0,0,0,0,0,0,0,0,0,0,0,0,0,0,0,0,0,0,0,0,0,,,0,0,0,0,0,0,0,0,0,0,
Guatemala,other,NA,stay,2,0,yes,0,,,0,0,0,0,0,0,0,0,0,0,0,0,0,0,0,0,0,0,0,0,0,,Agree,0,0,0,0,0,0,1,0,0,0,
Guatemala,other,NA,stay,1,1,yes,1,no,,0,0,0,0,0,0,0,0,0,0,0,0,0,0,0,0,0,1,0,0,0,Agree,Agree,0,0,0,0,0,0,0,0,0,0,
Guatemala,other,NA,stay,1,4,yes,1,yes,no,0,0,0,0,0,0,0,0,0,0,0,0,0,0,0,0,0,0,0,0,0,,Agree,0,0,1,0,0,0,0,0,0,0,
Guatemala,other,NA,stay,2,3,,1,no,,0,1,0,0,0,0,0,0,0,0,0,0,0,0,0,0,0,0,0,0,0,Agree,,0,0,0,0,0,0,0,0,0,0,
Guatemala,guatemala,NA,relocate,2,2,,0,yes,no,0,0,0,0,0,0,0,0,0,0,0,0,0,0,0,0,0,0,0,0,0,,,0,1,0,0,0,0,0,0,0,0,
Guatemala,guatemala,NA,dontknow,2,2,,1,yes,no,0,0,0,0,0,0,0,0,0,0,0,0,0,0,0,0,0,0,0,0,0,,,0,0,0,0,0,0,0,0,0,0,
Guatemala,guatemala,NA,dontknow,1,1,,1,,,0,0,0,0,0,0,0,0,0,0,0,0,0,0,0,0,0,0,0,0,0,,,0,0,0,0,0,0,0,0,0,0,
Guatemala,guatemala,NA,relocate,2,1,,1,,,0,0,0,0,0,0,0,0,0,0,0,0,0,0,0,0,0,0,0,0,0,,,0,0,0,0,0,0,0,0,0,0,
Guatemala,other,NA,stay,1,5,yes,0,yes,no,0,0,0,0,0,0,0,0,0,0,0,0,0,0,0,0,0,0,0,0,0,Agree,Agree,0,0,0,0,0,0,0,0,0,0,
Guatemala,guatemala,NA,relocate,1,0,,1,,,0,0,0,0,0,0,0,0,0,0,0,0,0,0,0,0,0,0,0,0,0,,,0,0,0,0,0,0,0,0,0,0,
Guatemala,other,NA,relocate,1,0,yes,1,,,0,0,0,0,0,0,0,0,0,0,0,0,0,0,0,0,0,0,0,0,0,Disagree,Agree,0,0,1,0,0,0,0,0,0,0,
Guatemala,guatemala,NA,relocate,2,2,,1,yes,no,0,0,0,0,0,0,0,0,0,0,0,0,0,0,0,0,0,0,0,0,0,,,0,0,0,0,0,0,0,0,0,0,
Guatemala,other,NA,stay,1,3,yes,1,,,0,0,0,0,0,0,0,0,0,0,0,0,0,0,0,0,0,0,0,0,0,Agree,Agree,0,0,0,0,0,0,0,0,0,0,
Guatemala,other,NA,stay,2,0,yes,1,,,0,0,0,0,0,0,0,0,0,0,0,0,0,0,0,0,0,0,0,0,0,,Agree,0,0,1,0,0,1,0,0,0,0,
Guatemala,other,NA,stay,2,2,yes,1,no,,0,0,0,0,0,0,0,0,0,0,0,0,0,0,0,0,0,1,0,0,0,,Agree,0,0,1,0,0,0,0,0,0,0,
Guatemala,other,NA,stay,3,0,yes,1,,,0,0,0,0,0,0,0,0,0,0,0,0,0,0,0,0,0,0,0,0,0,Agree,Agree,0,0,0,0,0,0,0,0,0,0,
Guatemala,guatemala,NA,relocate,1,3,,1,no,,0,0,0,0,0,0,0,0,0,0,0,0,0,0,0,0,0,0,0,0,0,Agree,,0,0,0,0,0,0,0,0,0,0,
Guatemala,guatemala,NA,relocate,1,0,,1,,,0,0,0,0,0,0,0,0,0,0,0,0,0,0,0,0,0,0,0,0,0,,,0,0,0,0,0,0,0,0,0,0,
Guatemala,other,NA,stay,1,0,yes,1,,,0,0,0,0,0,0,0,0,0,0,0,0,0,0,0,0,0,0,0,0,0,,Agree,0,0,0,0,0,0,0,0,0,0,
Guatemala,other,NA,relocate,2,1,yes,0,,,0,0,0,0,0,0,0,0,0,0,0,0,0,0,0,0,0,0,0,0,0,,Agree,0,0,0,0,0,0,0,0,0,0,
Guatemala,guatemala,NA,stay,3,3,,0,yes,yes,0,0,0,0,0,0,0,0,0,0,0,0,0,0,0,0,0,0,0,0,0,,,0,0,0,0,0,0,0,0,0,0,
Guatemala,guatemala,NA,dontknow,1,0,,1,,,0,0,0,0,0,0,0,0,0,0,0,0,0,0,0,0,0,0,0,0,0,,,0,0,0,0,0,0,0,0,0,0,
Guatemala,other,NA,relocate,1,0,yes,1,,,0,0,0,0,0,0,0,0,0,0,0,0,0,0,0,0,0,0,0,0,0,,Agree,0,0,0,0,0,0,0,0,0,0,
Guatemala,other,NA,stay,1,0,yes,0,,,0,0,0,0,0,0,0,0,0,0,0,0,0,0,0,0,0,0,0,0,0,,Agree,0,0,0,0,0,0,0,0,0,0,
Guatemala,guatemala,NA,dontknow,1,0,,1,,,0,0,0,0,0,0,0,0,0,0,0,0,0,0,0,0,0,0,0,0,0,Agree,,0,0,0,0,0,0,0,0,0,0,
Guatemala,other,NA,stay,1,0,yes,0,,,0,0,0,0,0,0,0,0,0,0,0,0,0,0,0,0,0,0,0,0,0,,Agree,0,0,1,0,0,0,0,0,0,0,
Guatemala,guatemala,NA,relocate,1,1,,1,,,0,0,0,0,0,0,0,0,0,0,0,0,0,0,0,0,0,0,0,0,0,,,0,0,0,0,0,0,0,0,0,0,
Guatemala,guatemala,NA,relocate,2,2,,1,yes,yes,0,0,0,0,0,0,0,0,0,0,0,0,0,0,0,0,0,0,0,0,0,,,0,0,0,0,0,0,0,0,0,0,
Guatemala,guatemala,NA,dontknow,2,0,,1,,,0,0,0,0,0,0,0,0,0,0,0,0,0,0,0,0,0,0,0,0,0,,,0,0,0,0,0,0,0,0,0,0,
Guatemala,other,NA,stay,2,2,yes,1,yes,no,0,0,0,0,0,0,0,0,0,0,0,0,0,0,0,0,0,0,0,0,0,Agree,Agree,0,0,0,0,0,0,0,0,0,0,
Guatemala,other,NA,dontknow,4,NA,,1,,,0,0,0,0,0,0,0,0,0,0,0,0,0,0,0,0,0,0,0,0,0,,,0,0,0,0,0,0,0,0,0,0,
Guatemala,guatemala,NA,stay,2,1,,1,yes,yes,0,0,0,0,0,0,0,0,0,0,0,0,0,0,0,0,0,0,0,0,0,,,0,0,0,0,0,0,0,0,0,0,
Guatemala,guatemala,NA,relocate,1,3,,1,yes,yes,0,0,0,0,0,0,0,0,0,0,0,0,0,0,0,0,0,0,0,0,0,,,0,0,0,0,0,0,0,0,0,0,
Guatemala,guatemala,NA,dontknow,1,0,,0,,,0,0,0,0,0,0,0,0,0,0,0,0,0,0,0,0,0,0,0,0,0,,,0,0,0,0,0,0,0,0,0,0,
Guatemala,other,NA,stay,1,0,yes,0,,,0,0,0,0,0,0,0,0,0,0,0,0,0,0,0,0,0,0,0,0,0,,StronglyAgree,0,0,0,0,0,0,0,0,0,0,
Guatemala,other,NA,stay,2,3,yes,0,yes,no,0,0,0,0,0,0,0,0,0,0,0,0,0,0,0,0,0,0,0,0,0,Agree,Agree,0,0,0,0,0,0,0,0,0,0,
Guatemala,other,NA,relocate,1,0,yes,1,,,0,0,0,0,0,0,0,0,0,0,0,0,0,0,0,0,0,0,0,0,0,Agree,Agree,0,0,0,0,0,0,0,0,0,0,
Guatemala,guatemala,NA,relocate,1,2,,1,yes,Nainpersonclasses,0,0,0,0,0,0,0,0,0,0,0,0,0,0,0,0,0,0,0,0,0,,,0,0,0,0,0,0,0,0,0,0,
Guatemala,guatemala,NA,stay,1,1,,1,yes,no,0,0,0,0,0,0,0,0,0,0,0,0,0,0,0,0,0,0,0,0,0,,,0,0,0,0,0,0,0,0,0,0,
Guatemala,guatemala,NA,stay,3,2,,1,yes,Nainpersonclasses,0,0,0,0,0,0,0,0,0,0,0,0,0,0,0,0,0,0,0,0,0,,,0,0,0,0,0,0,0,0,0,0,
Guatemala,other,NA,stay,2,0,,1,,,0,0,0,0,0,0,0,0,0,0,0,0,0,0,0,0,0,0,0,0,0,,,0,0,0,0,0,0,0,0,0,0,
Guatemala,guatemala,NA,relocate,4,3,,1,yes,yes,0,0,0,0,0,0,0,0,0,0,0,0,0,0,0,0,0,0,0,0,0,,,0,0,0,0,0,0,0,0,0,0,
Guatemala,other,NA,stay,2,2,,0,yes,yes,0,0,0,0,0,0,0,0,0,0,0,0,0,0,0,0,0,0,0,0,0,,,0,0,0,0,0,0,0,0,0,0,
Guatemala,guatemala,NA,relocate,2,2,,1,yes,no,0,0,0,0,0,0,0,0,0,0,0,0,0,0,0,0,0,0,0,0,0,,,0,1,0,0,0,0,0,0,0,0,
Guatemala,guatemala,NA,relocate,NA,4,,1,yes,yes,0,0,0,0,0,0,0,0,0,0,0,0,0,0,0,0,0,0,0,0,0,Agree,,0,0,0,0,0,0,0,0,0,0,
Guatemala,guatemala,NA,relocate,4,NA,,1,yes,yes,0,0,0,0,0,0,0,0,0,0,0,0,0,0,0,0,0,0,0,0,0,,,0,0,0,0,0,0,0,0,0,0,
Guatemala,guatemala,NA,dontknow,2,3,,1,no,,0,0,1,0,0,0,0,0,0,0,0,0,0,0,0,0,0,0,0,0,0,,,0,0,0,0,0,0,0,0,0,0,
Guatemala,guatemala,NA,relocate,1,0,,1,,,0,0,0,0,0,0,0,0,0,0,0,0,0,0,0,0,0,0,0,0,0,,,0,0,0,0,0,0,0,0,0,0,
Guatemala,other,NA,relocate,1,1,,1,yes,Nainpersonclasses,0,0,0,0,0,0,0,0,0,0,0,0,0,0,0,0,0,0,0,0,0,,,0,0,0,0,0,0,0,0,0,0,
Guatemala,guatemala,NA,stay,2,NA,,1,yes,yes,0,0,0,0,0,0,0,0,0,0,0,0,0,0,0,0,0,0,0,0,0,,,0,0,0,0,0,0,0,0,0,0,
Guatemala,other,NA,dontknow,1,2,yes,0,,,0,0,0,0,0,0,0,0,0,0,0,0,0,0,0,0,0,0,0,0,0,StronglyAgree,StronglyAgree,0,0,0,0,0,0,0,0,0,0,
Guatemala,guatemala,NA,relocate,1,1,,1,no,,0,1,0,1,0,0,0,0,0,0,0,0,0,0,0,0,0,0,0,0,0,StronglyDisagree,,0,0,1,0,0,0,0,0,0,0,
Guatemala,guatemala,NA,relocate,NA,7,,1,yes,no,0,0,0,0,0,0,0,0,0,0,0,0,0,0,0,0,0,0,0,0,0,,,0,0,0,0,0,0,0,0,0,0,
Guatemala,guatemala,NA,relocate,1,4,,1,yes,no,0,0,0,0,0,0,0,0,0,0,0,0,0,0,0,0,0,0,0,0,0,,,0,0,0,0,0,0,0,0,0,0,
Guatemala,guatemala,NA,relocate,1,3,,0,yes,no,0,0,0,0,0,0,0,0,0,0,0,0,0,0,0,0,0,0,0,0,0,,,0,1,0,0,0,0,0,0,0,0,
Guatemala,guatemala,NA,dontknow,2,0,,1,,,0,0,0,0,0,0,0,0,0,0,0,0,0,0,0,0,0,0,0,0,0,,,0,0,0,0,0,0,0,0,0,0,
Guatemala,guatemala,NA,relocate,4,NA,,1,yes,yes,0,0,0,0,0,0,0,0,0,0,0,0,0,0,0,0,0,0,0,0,0,,,0,0,0,0,0,0,0,0,0,0,
Guatemala,guatemala,NA,stay,2,1,yes,1,no,,0,0,0,0,0,0,0,0,0,0,0,0,0,0,0,0,0,1,0,1,0,,Agree,0,0,0,0,1,0,0,0,0,0,
Guatemala,other,NA,stay,2,NA,,1,yes,no,0,0,0,0,0,0,0,0,0,0,0,0,0,0,0,0,0,0,0,0,0,,,0,0,0,0,0,0,0,0,0,0,
Guatemala,guatemala,NA,dontknow,1,3,,1,yes,no,0,0,0,0,0,0,0,0,0,0,0,0,0,0,0,0,0,0,0,0,0,,,0,0,0,0,0,0,0,0,0,0,
Guatemala,guatemala,NA,stay,1,0,,1,,,0,0,0,0,0,0,0,0,0,0,0,0,0,0,0,0,0,0,0,0,0,,,0,0,0,0,0,0,0,0,0,0,
Guatemala,other,NA,stay,2,5,yes,0,yes,no,0,0,0,0,0,0,0,0,0,0,0,0,0,0,0,0,0,0,0,0,0,StronglyAgree,Agree,0,0,0,0,0,0,0,0,0,0,
Guatemala,guatemala,NA,relocate,2,1,,1,yes,no,0,0,0,0,0,0,0,0,0,0,0,0,0,0,0,0,0,0,0,0,0,,,0,0,0,0,0,0,0,0,0,0,
Guatemala,guatemala,NA,stay,1,4,,1,yes,yes,0,0,0,0,0,0,0,0,0,0,0,0,0,0,0,0,0,0,0,0,0,,,0,0,0,0,0,0,0,0,0,0,
Guatemala,guatemala,NA,stay,1,2,,1,yes,yes,0,0,0,0,0,0,0,0,0,0,0,0,0,0,0,0,0,0,0,0,0,,,0,0,0,0,0,0,0,0,0,0,
Guatemala,guatemala,NA,stay,3,NA,,1,,,0,0,0,0,0,0,0,0,0,0,0,0,0,0,0,0,0,0,0,0,0,,,0,0,0,0,0,0,0,0,0,0,
Guatemala,guatemala,NA,stay,1,0,,1,,,0,0,0,0,0,0,0,0,0,0,0,0,0,0,0,0,0,0,0,0,0,,,0,0,0,0,0,0,0,0,0,0,
Guatemala,guatemala,NA,relocate,4,2,,1,yes,yes,0,0,0,0,0,0,0,0,0,0,0,0,0,0,0,0,0,0,0,0,0,,,0,0,0,0,0,0,0,0,0,0,
Guatemala,guatemala,NA,stay,1,2,,1,no,,0,1,0,0,0,0,0,0,0,0,0,0,0,0,0,0,0,0,0,0,0,,,0,0,0,0,0,0,0,0,0,0,
Guatemala,guatemala,NA,dontknow,1,0,,1,,,0,0,0,0,0,0,0,0,0,0,0,0,0,0,0,0,0,0,0,0,0,,,0,0,0,0,0,0,0,0,0,0,
Guatemala,guatemala,NA,dontknow,2,1,,1,,,0,0,0,0,0,0,0,0,0,0,0,0,0,0,0,0,0,0,0,0,0,,,0,0,0,0,0,0,0,0,0,0,
Guatemala,other,NA,stay,1,1,yes,1,no,,0,0,0,0,0,0,0,0,0,0,0,0,0,0,0,0,0,1,0,0,0,,Agree,0,0,1,0,0,1,0,0,0,0,
Guatemala,guatemala,NA,dontknow,2,3,,1,yes,Nainpersonclasses,0,0,0,0,0,0,0,0,0,0,0,0,0,0,0,0,0,0,0,0,0,,,0,0,0,0,0,0,0,0,0,0,
Guatemala,other,NA,stay,1,0,yes,0,,,0,0,0,0,0,0,0,0,0,0,0,0,0,0,0,0,0,0,0,0,0,,Agree,0,0,0,0,0,0,0,0,0,0,
Guatemala,other,NA,stay,5,0,,0,,,0,0,0,0,0,0,0,0,0,0,0,0,0,0,0,0,0,0,0,0,0,,,0,0,0,0,0,0,0,0,0,0,
Guatemala,other,NA,relocate,1,0,,0,,,0,0,0,0,0,0,0,0,0,0,0,0,0,0,0,0,0,0,0,0,0,,,0,0,0,0,0,0,0,0,0,0,
Guatemala,guatemala,NA,stay,2,2,,1,yes,no,0,0,0,0,0,0,0,0,0,0,0,0,0,0,0,0,0,0,0,0,0,,,0,0,0,0,0,0,0,0,0,0,
Guatemala,other,NA,stay,2,2,yes,0,yes,no,0,0,0,0,0,0,0,0,0,0,0,0,0,0,0,0,0,0,0,0,0,Agree,Agree,0,0,0,0,0,0,0,0,0,0,
Guatemala,guatemala,NA,dontknow,1,1,,1,yes,no,0,0,0,0,0,0,0,0,0,0,0,0,0,0,0,0,0,0,0,0,0,,,0,0,0,0,0,0,0,0,0,0,
Guatemala,guatemala,NA,relocate,3,2,,1,yes,yes,0,0,0,0,0,0,0,0,0,0,0,0,0,0,0,0,0,0,0,0,0,Agree,,0,0,0,0,0,0,0,0,0,0,
Guatemala,guatemala,NA,dontknow,1,2,,0,yes,yes,0,0,0,0,0,0,0,0,0,0,0,0,0,0,0,0,0,0,0,0,0,,,0,0,0,0,0,0,0,0,0,0,
Guatemala,guatemala,NA,relocate,1,0,,1,,,0,0,0,0,0,0,0,0,0,0,0,0,0,0,0,0,0,0,0,0,0,,,0,0,0,0,0,0,0,0,0,0,
Guatemala,other,NA,stay,2,NA,yes,1,yes,no,0,0,0,0,0,0,0,0,0,0,0,0,0,0,0,0,0,0,0,0,0,Agree,Agree,0,0,0,0,0,0,0,0,0,0,
Guatemala,guatemala,NA,relocate,2,2,,1,yes,no,0,0,0,0,0,0,0,0,0,0,0,0,0,0,0,0,0,0,0,0,0,,,0,0,0,0,0,0,0,0,0,0,
Guatemala,guatemala,NA,relocate,1,0,,1,,,0,0,0,0,0,0,0,0,0,0,0,0,0,0,0,0,0,0,0,0,0,,,0,0,0,0,0,0,0,0,0,0,
Guatemala,other,NA,stay,1,0,yes,0,,,0,0,0,0,0,0,0,0,0,0,0,0,0,0,0,0,0,0,0,0,0,Agree,Agree,0,0,0,0,0,0,0,0,0,0,
Guatemala,other,NA,stay,3,NA,,1,yes,no,0,0,0,0,0,0,0,0,0,0,0,0,0,0,0,0,0,0,0,0,0,,,0,0,0,0,0,0,0,0,0,0,
Guatemala,other,NA,stay,4,NA,yes,1,,,0,0,0,0,0,0,0,0,0,0,0,0,0,0,0,0,0,0,0,0,0,,Agree,0,0,0,0,0,0,0,0,0,0,
Guatemala,guatemala,NA,dontknow,2,NA,,1,yes,no,0,0,0,0,0,0,0,0,0,0,0,0,0,0,0,0,0,0,0,0,0,,,0,0,0,0,0,0,0,0,0,0,
Guatemala,guatemala,NA,relocate,2,2,,0,yes,yes,0,0,0,0,0,0,0,0,0,0,0,0,0,0,0,0,0,0,0,0,0,,,0,0,0,0,0,0,0,0,0,0,
Guatemala,guatemala,NA,relocate,4,NA,,1,yes,yes,0,0,0,0,0,0,0,0,0,0,0,0,0,0,0,0,0,0,0,0,0,Agree,,0,0,0,0,0,0,0,0,0,0,
Guatemala,guatemala,NA,stay,2,0,,1,,,0,0,0,0,0,0,0,0,0,0,0,0,0,0,0,0,0,0,0,0,0,,,0,0,0,0,0,0,0,0,0,0,
Guatemala,guatemala,NA,relocate,NA,4,,1,yes,dontknow,0,0,0,0,0,0,0,0,0,0,0,0,0,0,0,0,0,0,0,0,0,,,0,0,0,0,0,0,0,0,0,0,
Guatemala,guatemala,NA,stay,2,3,,1,yes,yes,0,0,0,0,0,0,0,0,0,0,0,0,0,0,0,0,0,0,0,0,0,,,0,0,0,0,0,0,0,0,0,0,
Guatemala,guatemala,NA,stay,1,2,,1,yes,yes,0,0,0,0,0,0,0,0,0,0,0,0,0,0,0,0,0,0,0,0,0,,,0,0,0,0,0,0,0,0,0,0,
Guatemala,other,NA,stay,2,1,,1,,,0,0,0,0,0,0,0,0,0,0,0,0,0,0,0,0,0,0,0,0,0,,,0,0,0,0,0,0,0,0,0,0,
Guatemala,guatemala,NA,relocate,1,2,,1,yes,yes,0,0,0,0,0,0,0,0,0,0,0,0,0,0,0,0,0,0,0,0,0,,,0,1,0,0,0,0,0,0,0,0,
Guatemala,guatemala,NA,dontknow,1,0,,1,,,0,0,0,0,0,0,0,0,0,0,0,0,0,0,0,0,0,0,0,0,0,,,0,0,0,0,0,0,0,0,0,0,
Guatemala,guatemala,NA,dontknow,1,NA,,1,yes,no,0,0,0,0,0,0,0,0,0,0,0,0,0,0,0,0,0,0,0,0,0,,,0,0,0,0,0,0,0,0,0,0,
Guatemala,other,NA,stay,1,0,yes,0,,,0,0,0,0,0,0,0,0,0,0,0,0,0,0,0,0,0,0,0,0,0,,StronglyAgree,0,0,0,0,1,0,0,0,0,0,
Guatemala,other,NA,stay,2,2,yes,1,yes,no,0,0,0,0,0,0,0,0,0,0,0,0,0,0,0,0,0,0,0,0,0,Agree,Agree,0,0,0,0,0,0,0,0,0,0,
Guatemala,guatemala,NA,stay,4,0,,1,,,0,0,0,0,0,0,0,0,0,0,0,0,0,0,0,0,0,0,0,0,0,,,0,0,0,0,0,0,0,0,0,0,
Guatemala,guatemala,NA,stay,1,3,yes,1,yes,no,0,0,0,0,0,0,0,0,0,0,0,0,0,0,0,0,0,0,0,0,0,Disagree,Agree,0,0,0,0,0,0,0,0,1,0,
Guatemala,guatemala,NA,stay,3,3,yes,1,no,,0,0,0,0,0,0,0,0,0,0,0,0,0,0,0,0,0,0,0,0,0,Agree,Agree,0,0,0,0,0,0,0,0,0,0,
Guatemala,guatemala,NA,relocate,2,1,,1,,,0,0,0,0,0,0,0,0,0,0,0,0,0,0,0,0,0,0,0,0,0,,,0,1,0,0,0,0,0,0,0,0,
Guatemala,other,NA,stay,2,1,yes,1,yes,no,0,0,0,0,0,0,0,0,0,0,0,0,0,0,0,0,0,0,0,0,0,Agree,Agree,0,0,0,0,0,0,0,0,0,0,
Guatemala,other,NA,dontknow,2,5,,1,yes,no,0,0,0,0,0,0,0,0,0,0,0,0,0,0,0,0,0,0,0,0,0,,,0,0,0,0,0,0,0,0,0,0,
Guatemala,guatemala,NA,relocate,1,2,,1,no,,0,1,0,0,0,0,0,0,0,0,0,0,0,0,0,0,0,0,0,0,0,,,0,1,0,0,0,0,0,0,0,0,
Guatemala,other,NA,dontknow,NA,2,yes,1,yes,no,0,0,0,0,0,0,0,0,0,0,0,0,0,0,0,0,0,0,0,0,0,,Agree,0,0,1,0,0,0,0,0,0,0,
Guatemala,other,NA,stay,1,0,yes,0,,,0,0,0,0,0,0,0,0,0,0,0,0,0,0,0,0,0,0,0,0,0,Agree,Agree,1,0,0,0,0,0,0,0,0,0,
Guatemala,guatemala,NA,relocate,2,1,,1,yes,yes,0,0,0,0,0,0,0,0,0,0,0,0,0,0,0,0,0,0,0,0,0,,,0,0,0,0,0,0,0,0,0,0,
Guatemala,guatemala,NA,dontknow,1,2,,1,,,0,0,0,0,0,0,0,0,0,0,0,0,0,0,0,0,0,0,0,0,0,,,0,0,0,0,0,0,0,0,0,0,
Guatemala,guatemala,NA,stay,5,NA,,1,,,0,0,0,0,0,0,0,0,0,0,0,0,0,0,0,0,0,0,0,0,0,,,0,0,0,0,0,0,0,0,0,0,
Guatemala,guatemala,NA,relocate,1,NA,yes,1,no,,0,0,0,0,0,0,0,0,0,0,0,0,0,0,0,0,0,1,0,0,0,Agree,Agree,0,0,0,0,0,0,0,0,0,0,
Guatemala,other,NA,stay,2,2,yes,1,no,,0,0,0,0,0,0,0,0,0,0,0,0,0,0,0,0,0,0,0,1,0,,Agree,0,0,0,0,0,1,0,0,0,0,
Guatemala,other,NA,relocate,2,2,,1,yes,yes,0,0,0,0,0,0,0,0,0,0,0,0,0,0,0,0,0,0,0,0,0,,,0,0,0,0,0,0,0,0,0,0,
Guatemala,guatemala,NA,relocate,2,NA,,0,yes,yes,0,0,0,0,0,0,0,0,0,0,0,0,0,0,0,0,0,0,0,0,0,,,0,0,0,0,0,0,0,0,0,0,
Guatemala,other,NA,relocate,1,0,yes,1,,,0,0,0,0,0,0,0,0,0,0,0,0,0,0,0,0,0,0,0,0,0,Agree,Agree,0,0,0,0,0,0,0,0,0,0,
Guatemala,guatemala,NA,relocate,1,1,,1,yes,yes,0,0,0,0,0,0,0,0,0,0,0,0,0,0,0,0,0,0,0,0,0,,,0,0,0,0,0,0,0,0,0,0,
Guatemala,guatemala,NA,relocate,2,2,,0,no,,0,0,0,0,0,0,0,0,0,0,0,0,0,0,0,0,0,0,0,0,0,,,0,0,0,0,0,0,0,0,0,0,
Guatemala,other,NA,stay,2,0,yes,1,,,0,0,0,0,0,0,0,0,0,0,0,0,0,0,0,0,0,0,0,0,0,Disagree,Agree,0,0,1,0,0,0,0,0,0,0,
Guatemala,other,NA,stay,1,0,yes,0,,,0,0,0,0,0,0,0,0,0,0,0,0,0,0,0,0,0,0,0,0,0,Agree,Agree,0,0,0,0,0,0,0,0,0,0,
Guatemala,guatemala,NA,dontknow,1,3,,1,yes,no,0,0,0,0,0,0,0,0,0,0,0,0,0,0,0,0,0,0,0,0,0,,,0,0,0,0,0,0,0,0,0,0,
Guatemala,guatemala,NA,relocate,2,0,,0,,,0,0,0,0,0,0,0,0,0,0,0,0,0,0,0,0,0,0,0,0,0,Agree,,0,0,0,0,0,0,0,0,0,0,
Guatemala,other,NA,stay,1,0,yes,1,,,0,0,0,0,0,0,0,0,0,0,0,0,0,0,0,0,0,0,0,0,0,,StronglyAgree,0,0,0,0,0,0,0,0,0,0,
Guatemala,other,NA,stay,1,0,yes,0,,,0,0,0,0,0,0,0,0,0,0,0,0,0,0,0,0,0,0,0,0,0,,Agree,0,0,0,0,0,0,0,0,0,0,
Guatemala,guatemala,NA,dontknow,1,0,,1,,,0,0,0,0,0,0,0,0,0,0,0,0,0,0,0,0,0,0,0,0,0,,,0,0,0,0,0,0,0,0,0,0,
Guatemala,guatemala,NA,relocate,5,NA,,1,no,,0,0,0,0,0,0,0,0,0,0,0,0,0,0,0,0,0,0,0,0,0,,,0,0,0,0,0,0,0,0,0,0,
Guatemala,guatemala,NA,dontknow,1,0,,1,,,0,0,0,0,0,0,0,0,0,0,0,0,0,0,0,0,0,0,0,0,0,,,0,0,0,0,0,0,0,0,0,0,
Guatemala,guatemala,NA,dontknow,1,0,,1,,,0,0,0,0,0,0,0,0,0,0,0,0,0,0,0,0,0,0,0,0,0,,,0,0,0,0,0,0,0,0,0,0,
Guatemala,guatemala,NA,stay,1,0,yes,0,,,0,0,0,0,0,0,0,0,0,0,0,0,0,0,0,0,0,0,0,0,0,Undecided,StronglyAgree,0,0,0,0,0,0,0,0,0,0,
Guatemala,other,NA,relocate,2,6,,1,yes,yes,0,0,0,0,0,0,0,0,0,0,0,0,0,0,0,0,0,0,0,0,0,,,0,0,0,0,0,0,0,0,0,0,
Guatemala,guatemala,NA,dontknow,5,0,,1,,,0,0,0,0,0,0,0,0,0,0,0,0,0,0,0,0,0,0,0,0,0,,,0,0,0,0,0,0,0,0,0,0,
Guatemala,other,NA,stay,1,1,,0,yes,no,0,0,0,0,0,0,0,0,0,0,0,0,0,0,0,0,0,0,0,0,0,,,0,0,0,0,0,0,0,0,0,0,
Guatemala,other,NA,relocate,2,0,,1,,,0,0,0,0,0,0,0,0,0,0,0,0,0,0,0,0,0,0,0,0,0,Agree,,0,0,0,0,0,0,0,0,0,0,
Guatemala,other,NA,stay,1,0,yes,1,,,0,0,0,0,0,0,0,0,0,0,0,0,0,0,0,0,0,0,0,0,0,,StronglyAgree,0,0,0,0,0,0,0,0,0,0,
Guatemala,guatemala,NA,relocate,1,3,,1,yes,no,0,0,0,0,0,0,0,0,0,0,0,0,0,0,0,0,0,0,0,0,0,StronglyAgree,,0,0,0,0,0,0,0,0,0,0,
Guatemala,other,NA,relocate,2,NA,,1,yes,yes,0,0,0,0,0,0,0,0,0,0,0,0,0,0,0,0,0,0,0,0,0,,,0,0,0,0,0,0,0,0,0,0,
Guatemala,guatemala,NA,relocate,1,1,,1,no,,0,1,0,0,0,0,0,0,0,0,0,0,0,0,0,0,0,0,0,0,0,,,0,0,0,0,0,0,0,0,0,0,
Guatemala,guatemala,NA,stay,1,1,,1,yes,no,0,0,0,0,0,0,0,0,0,0,0,0,0,0,0,0,0,0,0,0,0,,,0,0,0,0,0,0,0,0,0,0,
Guatemala,other,NA,relocate,2,0,yes,0,,,0,0,0,0,0,0,0,0,0,0,0,0,0,0,0,0,0,0,0,0,0,,Agree,0,0,0,0,0,0,0,0,1,0,
Guatemala,guatemala,NA,dontknow,3,0,,1,,,0,0,0,0,0,0,0,0,0,0,0,0,0,0,0,0,0,0,0,0,0,,,0,0,1,0,0,0,0,1,0,0,
Guatemala,guatemala,NA,stay,3,4,,1,yes,no,0,0,0,0,0,0,0,0,0,0,0,0,0,0,0,0,0,0,0,0,0,,,0,0,0,0,0,0,0,0,0,0,
Guatemala,guatemala,NA,dontknow,1,0,,1,,,0,0,0,0,0,0,0,0,0,0,0,0,0,0,0,0,0,0,0,0,0,,,0,0,0,0,0,0,0,0,0,0,
Guatemala,other,NA,stay,1,0,yes,0,,,0,0,0,0,0,0,0,0,0,0,0,0,0,0,0,0,0,0,0,0,0,,Agree,0,0,0,0,0,0,0,0,0,0,
Guatemala,guatemala,NA,stay,3,0,,1,,,0,0,0,0,0,0,0,0,0,0,0,0,0,0,0,0,0,0,0,0,0,,,0,0,0,0,0,0,0,0,0,0,
Guatemala,guatemala,NA,stay,1,1,,1,yes,no,0,0,0,0,0,0,0,0,0,0,0,0,0,0,0,0,0,0,0,0,0,,,0,0,0,0,0,0,0,0,0,0,
Guatemala,guatemala,NA,stay,1,1,,1,notell,,0,0,0,0,0,0,0,0,0,0,0,0,0,0,0,0,0,0,0,0,0,,,0,0,0,0,0,0,0,0,0,0,
Guatemala,other,NA,relocate,1,0,yes,0,,,0,0,0,0,0,0,0,0,0,0,0,0,0,0,0,0,0,0,0,0,0,Agree,Agree,0,0,0,0,0,0,0,0,0,0,
Guatemala,guatemala,NA,dontknow,1,3,,1,yes,yes,0,0,0,0,0,0,0,0,0,0,0,0,0,0,0,0,0,0,0,0,0,Agree,,0,0,0,0,0,0,0,0,0,0,
Guatemala,other,NA,stay,1,1,yes,1,,,0,0,0,0,0,0,0,0,0,0,0,0,0,0,0,0,0,0,0,0,0,Agree,Agree,0,0,0,0,0,0,0,0,0,0,
Guatemala,guatemala,NA,relocate,2,4,,1,yes,no,0,0,0,0,0,0,0,0,0,0,0,0,0,0,0,0,0,0,0,0,0,Disagree,,0,0,0,0,0,1,0,0,0,0,
Guatemala,guatemala,NA,relocate,2,2,,1,,,0,0,0,0,0,0,0,0,0,0,0,0,0,0,0,0,0,0,0,0,0,,,0,0,0,0,0,0,0,0,0,0,
Guatemala,guatemala,NA,stay,1,1,yes,0,,,0,0,0,0,0,0,0,0,0,0,0,0,0,0,0,0,0,0,0,0,0,Agree,Agree,1,0,0,0,0,0,0,0,0,0,
Guatemala,other,NA,dontknow,1,0,yes,0,,,0,0,0,0,0,0,0,0,0,0,0,0,0,0,0,0,0,0,0,0,0,,StronglyAgree,0,0,1,0,1,0,0,0,0,0,
Guatemala,other,NA,relocate,2,3,,1,yes,yes,0,0,0,0,0,0,0,0,0,0,0,0,0,0,0,0,0,0,0,0,0,,,0,0,0,0,0,0,0,0,0,0,
Guatemala,guatemala,NA,dontknow,2,1,,1,,,0,0,0,0,0,0,0,0,0,0,0,0,0,0,0,0,0,0,0,0,0,StronglyDisagree,,0,0,1,0,0,0,0,0,0,0,
Guatemala,other,NA,stay,1,0,yes,0,,,0,0,0,0,0,0,0,0,0,0,0,0,0,0,0,0,0,0,0,0,0,Agree,Agree,0,0,0,0,0,0,0,0,0,0,
Guatemala,guatemala,NA,relocate,1,0,,1,,,0,0,0,0,0,0,0,0,0,0,0,0,0,0,0,0,0,0,0,0,0,,,0,0,1,0,0,0,0,0,0,0,
Guatemala,other,NA,stay,3,3,yes,0,yes,dontknow,0,0,0,0,0,0,0,0,0,0,0,0,0,0,0,0,0,0,0,0,0,Agree,Agree,0,0,0,0,0,0,0,0,0,0,
Guatemala,other,NA,relocate,1,0,yes,0,,,0,0,0,0,0,0,0,0,0,0,0,0,0,0,0,0,0,0,0,0,0,StronglyAgree,Agree,0,0,0,0,0,0,0,0,0,0,
Guatemala,other,NA,stay,1,0,yes,1,,,0,0,0,0,0,0,0,0,0,0,0,0,0,0,0,0,0,0,0,0,0,Agree,Undecided,0,0,0,0,0,0,0,0,0,0,
Guatemala,guatemala,NA,stay,3,0,,1,,,0,0,0,0,0,0,0,0,0,0,0,0,0,0,0,0,0,0,0,0,0,,,0,0,0,0,0,0,0,0,0,0,
Guatemala,guatemala,NA,dontknow,1,0,,1,,,0,0,0,0,0,0,0,0,0,0,0,0,0,0,0,0,0,0,0,0,0,Undecided,,0,0,0,0,0,0,0,0,0,0,
Guatemala,guatemala,NA,stay,2,2,,1,yes,yes,0,0,0,0,0,0,0,0,0,0,0,0,0,0,0,0,0,0,0,0,0,,,0,0,0,0,0,0,0,0,0,0,
Guatemala,other,NA,stay,2,0,yes,0,,,0,0,0,0,0,0,0,0,0,0,0,0,0,0,0,0,0,0,0,0,0,,StronglyAgree,0,0,1,0,1,0,1,0,0,0,
Guatemala,other,NA,stay,1,0,yes,1,,,0,0,0,0,0,0,0,0,0,0,0,0,0,0,0,0,0,0,0,0,0,Agree,Agree,0,0,0,0,0,0,0,0,0,0,
Guatemala,guatemala,NA,relocate,NA,3,,1,yes,yes,0,0,0,0,0,0,0,0,0,0,0,0,0,0,0,0,0,0,0,0,0,StronglyAgree,,0,0,0,0,0,0,0,0,0,0,
Guatemala,guatemala,NA,dontknow,1,0,,1,,,0,0,0,0,0,0,0,0,0,0,0,0,0,0,0,0,0,0,0,0,0,,,0,0,0,0,0,0,0,0,0,0,
Guatemala,other,NA,relocate,1,0,,1,,,0,0,0,0,0,0,0,0,0,0,0,0,0,0,0,0,0,0,0,0,0,,,0,0,0,0,0,0,0,0,0,0,
Guatemala,guatemala,NA,relocate,NA,NA,,1,yes,yes,0,0,0,0,0,0,0,0,0,0,0,0,0,0,0,0,0,0,0,0,0,,,0,0,0,0,0,0,0,0,0,0,
Guatemala,other,NA,dontknow,1,5,,1,yes,yes,0,0,0,0,0,0,0,0,0,0,0,0,0,0,0,0,0,0,0,0,0,,,0,0,0,0,0,0,0,0,0,0,
Guatemala,guatemala,NA,dontknow,2,4,,1,no,,0,0,0,0,0,0,0,0,0,1,0,0,0,0,0,0,0,0,0,0,0,,,0,0,1,0,0,0,0,0,0,0,
Guatemala,guatemala,NA,relocate,1,0,,1,,,0,0,0,0,0,0,0,0,0,0,0,0,0,0,0,0,0,0,0,0,0,,,0,1,0,0,0,0,0,0,0,0,
Guatemala,guatemala,NA,dontknow,2,2,,1,yes,no,0,0,0,0,0,0,0,0,0,0,0,0,0,0,0,0,0,0,0,0,0,,,0,0,0,0,0,0,0,0,0,0,
Guatemala,guatemala,NA,relocate,1,0,,1,,,0,0,0,0,0,0,0,0,0,0,0,0,0,0,0,0,0,0,0,0,0,,,0,0,1,0,0,0,0,0,0,0,
Guatemala,guatemala,NA,relocate,3,1,,1,yes,yes,0,0,0,0,0,0,0,0,0,0,0,0,0,0,0,0,0,0,0,0,0,,,0,0,0,0,0,0,0,0,0,0,
Guatemala,guatemala,NA,relocate,3,3,,1,yes,yes,0,0,0,0,0,0,0,0,0,0,0,0,0,0,0,0,0,0,0,0,0,,,0,1,0,0,0,0,0,0,0,0,
Guatemala,guatemala,NA,stay,1,0,,1,,,0,0,0,0,0,0,0,0,0,0,0,0,0,0,0,0,0,0,0,0,0,StronglyAgree,,0,0,0,0,0,0,0,0,0,0,
Guatemala,guatemala,NA,stay,1,1,,1,no,,0,0,0,0,0,0,0,0,0,1,0,0,0,0,0,0,0,0,0,0,0,,,0,0,0,0,0,0,0,0,0,0,
Guatemala,guatemala,NA,relocate,3,0,,1,,,0,0,0,0,0,0,0,0,0,0,0,0,0,0,0,0,0,0,0,0,0,,,0,1,0,0,0,0,0,0,0,0,
Guatemala,other,NA,stay,1,0,yes,1,,,0,0,0,0,0,0,0,0,0,0,0,0,0,0,0,0,0,0,0,0,0,Disagree,Agree,0,0,0,0,0,0,0,0,0,0,
Guatemala,guatemala,NA,relocate,NA,1,,1,yes,yes,0,0,0,0,0,0,0,0,0,0,0,0,0,0,0,0,0,0,0,0,0,,,0,0,0,0,0,0,0,0,0,0,
Guatemala,other,NA,stay,1,0,yes,0,,,0,0,0,0,0,0,0,0,0,0,0,0,0,0,0,0,0,0,0,0,0,Disagree,Agree,0,0,0,0,0,1,0,0,0,0,
Guatemala,other,NA,stay,1,0,yes,1,,,0,0,0,0,0,0,0,0,0,0,0,0,0,0,0,0,0,0,0,0,0,,Agree,0,0,0,0,0,0,0,0,0,0,
Guatemala,guatemala,NA,dontknow,2,1,,1,yes,yes,0,0,0,0,0,0,0,0,0,0,0,0,0,0,0,0,0,0,0,0,0,StronglyAgree,,0,0,0,0,0,0,0,0,0,0,
Guatemala,guatemala,NA,dontknow,1,3,,1,yes,Nainpersonclasses,0,0,0,0,0,0,0,0,0,0,0,0,0,0,0,0,0,0,0,0,0,,,0,0,0,0,0,0,0,0,0,0,
Guatemala,other,NA,relocate,4,NA,,1,yes,no,0,0,0,0,0,0,0,0,0,0,0,0,0,0,0,0,0,0,0,0,0,,,0,1,0,0,0,0,0,0,0,0,
Guatemala,guatemala,NA,stay,2,5,,1,yes,no,0,0,0,0,0,0,0,0,0,0,0,0,0,0,0,0,0,0,0,0,0,,,0,0,0,0,0,0,0,0,0,0,
Guatemala,guatemala,NA,relocate,2,1,,1,,,0,0,0,0,0,0,0,0,0,0,0,0,0,0,0,0,0,0,0,0,0,,,0,0,0,0,0,1,1,0,0,0,
Guatemala,guatemala,NA,dontknow,1,3,,1,yes,Nainpersonclasses,0,0,0,0,0,0,0,0,0,0,0,0,0,0,0,0,0,0,0,0,0,Undecided,,0,0,0,0,0,0,0,0,0,0,
Guatemala,other,NA,stay,1,1,,0,,,0,0,0,0,0,0,0,0,0,0,0,0,0,0,0,0,0,0,0,0,0,,,0,0,0,0,0,0,0,0,0,0,
Guatemala,guatemala,NA,stay,1,0,yes,1,,,0,0,0,0,0,0,0,0,0,0,0,0,0,0,0,0,0,0,0,0,0,,Agree,1,0,1,1,0,0,0,0,0,0,
Guatemala,guatemala,NA,dontknow,5,NA,,1,yes,yes,0,0,0,0,0,0,0,0,0,0,0,0,0,0,0,0,0,0,0,0,0,,,0,0,0,0,0,0,0,0,0,0,
Guatemala,other,NA,stay,2,2,yes,1,yes,no,0,0,0,0,0,0,0,0,0,0,0,0,0,0,0,0,0,0,0,0,0,,Agree,0,0,0,0,0,0,0,0,0,0,
Guatemala,guatemala,NA,relocate,1,2,,1,yes,yes,0,0,0,0,0,0,0,0,0,0,0,0,0,0,0,0,0,0,0,0,0,,,0,0,0,0,0,0,0,0,0,0,
Guatemala,other,NA,stay,2,1,yes,1,,,0,0,0,0,0,0,0,0,0,0,0,0,0,0,0,0,0,0,0,0,0,Agree,Agree,0,0,0,0,0,0,0,0,0,0,
Guatemala,guatemala,NA,relocate,NA,NA,,1,no,,0,1,1,0,0,0,0,0,0,0,1,0,0,0,0,0,0,0,0,0,0,,,0,0,0,0,0,0,0,0,0,0,
Guatemala,guatemala,NA,dontknow,1,NA,,1,yes,no,0,0,0,0,0,0,0,0,0,0,0,0,0,0,0,0,0,0,0,0,0,,,0,0,0,0,0,0,0,0,0,0,
Guatemala,other,NA,stay,3,1,yes,1,yes,no,0,0,0,0,0,0,0,0,0,0,0,0,0,0,0,0,0,0,0,0,0,,Agree,0,0,0,0,0,0,0,0,0,0,
Guatemala,other,NA,stay,2,2,yes,1,yes,no,0,0,0,0,0,0,0,0,0,0,0,0,0,0,0,0,0,0,0,0,0,Agree,Agree,0,0,0,0,0,0,0,0,0,0,
Guatemala,other,NA,stay,1,0,yes,0,,,0,0,0,0,0,0,0,0,0,0,0,0,0,0,0,0,0,0,0,0,0,,Agree,0,0,0,0,0,0,0,0,0,0,
Guatemala,guatemala,NA,relocate,1,1,,1,yes,no,0,0,0,0,0,0,0,0,0,0,0,0,0,0,0,0,0,0,0,0,0,,,0,0,1,0,0,0,0,0,0,0,
Guatemala,other,NA,relocate,2,0,yes,1,,,0,0,0,0,0,0,0,0,0,0,0,0,0,0,0,0,0,0,0,0,0,,Agree,0,0,0,0,0,1,0,0,0,0,
Guatemala,guatemala,NA,stay,3,0,,1,,,0,0,0,0,0,0,0,0,0,0,0,0,0,0,0,0,0,0,0,0,0,,,0,0,0,0,0,0,0,0,0,0,
Guatemala,guatemala,NA,dontknow,1,1,,1,yes,Nainpersonclasses,0,0,0,0,0,0,0,0,0,0,0,0,0,0,0,0,0,0,0,0,0,,,0,0,0,0,0,0,0,0,0,0,
Guatemala,guatemala,NA,dontknow,1,0,,1,,,0,0,0,0,0,0,0,0,0,0,0,0,0,0,0,0,0,0,0,0,0,,,0,0,0,0,0,0,0,0,0,0,
Guatemala,guatemala,NA,relocate,1,2,,0,yes,yes,0,0,0,0,0,0,0,0,0,0,0,0,0,0,0,0,0,0,0,0,0,,,0,0,0,0,0,0,0,0,0,0,
Guatemala,other,NA,stay,1,3,yes,1,no,,1,1,0,0,0,0,0,0,0,1,0,0,1,0,0,0,0,0,0,0,1,,StronglyAgree,0,0,0,0,0,0,0,0,0,0,
Guatemala,guatemala,NA,relocate,4,NA,,1,yes,Nainpersonclasses,0,0,0,0,0,0,0,0,0,0,0,0,0,0,0,0,0,0,0,0,0,,,0,0,0,0,0,0,0,0,0,0,
Guatemala,guatemala,NA,relocate,1,2,,1,yes,no,0,0,0,0,0,0,0,0,0,0,0,0,0,0,0,0,0,0,0,0,0,,,0,0,0,0,0,0,0,0,0,0,
Guatemala,other,NA,relocate,7,NA,,1,yes,no,0,0,0,0,0,0,0,0,0,0,0,0,0,0,0,0,0,0,0,0,0,,,0,0,0,0,0,0,0,0,0,0,
Guatemala,guatemala,NA,stay,1,1,,1,,,0,0,0,0,0,0,0,0,0,0,0,0,0,0,0,0,0,0,0,0,0,,,0,0,0,0,0,0,0,0,0,0,
Guatemala,guatemala,NA,dontknow,1,3,,1,yes,no,0,0,0,0,0,0,0,0,0,0,0,0,0,0,0,0,0,0,0,0,0,,,0,1,0,0,0,0,0,0,0,0,
Guatemala,guatemala,NA,relocate,2,1,,1,,,0,0,0,0,0,0,0,0,0,0,0,0,0,0,0,0,0,0,0,0,0,,,0,0,0,0,0,0,0,0,0,0,
Guatemala,other,NA,relocate,1,0,yes,1,,,0,0,0,0,0,0,0,0,0,0,0,0,0,0,0,0,0,0,0,0,0,Agree,Agree,0,0,0,0,0,0,0,0,0,0,
Guatemala,guatemala,NA,stay,2,2,,1,yes,no,0,0,0,0,0,0,0,0,0,0,0,0,0,0,0,0,0,0,0,0,0,,,0,0,0,0,0,0,0,0,0,0,
Guatemala,guatemala,NA,relocate,2,1,,1,no,,0,0,0,0,0,0,0,0,0,0,0,0,0,0,0,0,0,0,0,0,0,,,0,0,0,0,0,0,0,0,0,0,
Guatemala,other,NA,stay,5,NA,,0,yes,yes,0,0,0,0,0,0,0,0,0,0,0,0,0,0,0,0,0,0,0,0,0,,,0,0,0,0,0,0,0,0,0,0,
Guatemala,other,NA,relocate,4,2,,1,yes,Nainpersonclasses,0,0,0,0,0,0,0,0,0,0,0,0,0,0,0,0,0,0,0,0,0,,,0,0,0,0,0,0,0,0,0,0,
Guatemala,guatemala,NA,stay,2,2,,1,yes,no,0,0,0,0,0,0,0,0,0,0,0,0,0,0,0,0,0,0,0,0,0,,,0,0,0,0,0,0,0,0,0,0,
Guatemala,guatemala,NA,relocate,1,2,,1,yes,no,0,0,0,0,0,0,0,0,0,0,0,0,0,0,0,0,0,0,0,0,0,,,0,0,0,0,0,0,0,0,0,0,
Guatemala,guatemala,NA,relocate,3,NA,,1,,,0,0,0,0,0,0,0,0,0,0,0,0,0,0,0,0,0,0,0,0,0,,,0,1,0,0,0,0,0,0,0,0,
Guatemala,guatemala,NA,stay,2,2,yes,0,yes,yes,0,0,0,0,0,0,0,0,0,0,0,0,0,0,0,0,0,0,0,0,0,,Agree,0,0,1,1,0,0,0,0,0,0,
Guatemala,other,NA,relocate,1,2,yes,0,no,,0,1,0,0,0,0,0,0,0,0,0,0,0,0,0,0,0,1,0,0,0,Agree,Agree,0,0,0,0,0,0,0,0,0,0,
Guatemala,guatemala,NA,stay,3,0,,1,,,0,0,0,0,0,0,0,0,0,0,0,0,0,0,0,0,0,0,0,0,0,,Agree,0,0,0,0,0,0,0,0,0,0,
Guatemala,guatemala,NA,dontknow,1,2,,1,yes,yes,0,0,0,0,0,0,0,0,0,0,0,0,0,0,0,0,0,0,0,0,0,,,0,0,0,0,0,0,0,0,0,0,
Guatemala,guatemala,NA,relocate,2,2,,1,yes,yes,0,0,0,0,0,0,0,0,0,0,0,0,0,0,0,0,0,0,0,0,0,,,0,0,0,0,0,0,0,0,0,0,
Guatemala,guatemala,NA,relocate,NA,3,,1,yes,no,0,0,0,0,0,0,0,0,0,0,0,0,0,0,0,0,0,0,0,0,0,,,0,1,0,0,0,0,0,0,0,0,
Guatemala,guatemala,NA,relocate,1,1,,1,yes,yes,0,0,0,0,0,0,0,0,0,0,0,0,0,0,0,0,0,0,0,0,0,,,0,1,0,0,0,0,0,0,0,0,
Guatemala,guatemala,NA,relocate,NA,1,,1,,,0,0,0,0,0,0,0,0,0,0,0,0,0,0,0,0,0,0,0,0,0,,,0,0,0,0,0,0,0,0,0,0,
Guatemala,guatemala,NA,stay,3,0,,1,,,0,0,0,0,0,0,0,0,0,0,0,0,0,0,0,0,0,0,0,0,0,,,0,0,0,0,0,0,0,0,0,0,
Guatemala,other,NA,stay,2,2,yes,1,,,0,0,0,0,0,0,0,0,0,0,0,0,0,0,0,0,0,0,0,0,0,Agree,Agree,0,0,0,0,0,0,0,0,0,0,
Guatemala,guatemala,NA,dontknow,1,0,,1,,,0,0,0,0,0,0,0,0,0,0,0,0,0,0,0,0,0,0,0,0,0,,,0,0,0,0,0,0,0,1,0,0,
Guatemala,guatemala,NA,relocate,3,2,,0,yes,yes,0,0,0,0,0,0,0,0,0,0,0,0,0,0,0,0,0,0,0,0,0,,,0,0,0,0,0,0,0,0,0,0,
Guatemala,guatemala,NA,stay,3,0,,0,,,0,0,0,0,0,0,0,0,0,0,0,0,0,0,0,0,0,0,0,0,0,,,0,0,0,0,0,0,0,0,0,0,
Guatemala,other,NA,stay,2,NA,,1,yes,no,0,0,0,0,0,0,0,0,0,0,0,0,0,0,0,0,0,0,0,0,0,,,0,0,0,0,0,0,0,0,0,0,
Guatemala,other,NA,stay,1,0,yes,1,,,0,0,0,0,0,0,0,0,0,0,0,0,0,0,0,0,0,0,0,0,0,Agree,Agree,0,0,0,0,0,0,0,0,0,0,
Guatemala,other,NA,dontknow,2,0,,0,,,0,0,0,0,0,0,0,0,0,0,0,0,0,0,0,0,0,0,0,0,0,,,0,0,0,0,0,0,0,0,0,0,
Guatemala,guatemala,NA,relocate,2,3,,1,yes,yes,0,0,0,0,0,0,0,0,0,0,0,0,0,0,0,0,0,0,0,0,0,,,0,0,0,0,0,0,0,0,0,0,
Guatemala,guatemala,NA,stay,2,2,,1,yes,yes,0,0,0,0,0,0,0,0,0,0,0,0,0,0,0,0,0,0,0,0,0,,,0,0,0,0,0,0,0,0,0,0,
Guatemala,other,NA,stay,2,1,yes,1,yes,no,0,0,0,0,0,0,0,0,0,0,0,0,0,0,0,0,0,0,0,0,0,,Agree,0,0,0,0,0,0,0,0,0,0,
Guatemala,guatemala,NA,relocate,2,NA,,1,,,0,0,0,0,0,0,0,0,0,0,0,0,0,0,0,0,0,0,0,0,0,,,0,0,0,0,0,0,0,0,0,0,
Guatemala,guatemala,NA,relocate,3,NA,,1,yes,yes,0,0,0,0,0,0,0,0,0,0,0,0,0,0,0,0,0,0,0,0,0,,,0,0,0,0,0,0,0,0,0,0,
Guatemala,guatemala,NA,relocate,4,3,,1,yes,yes,0,0,0,0,0,0,0,0,0,0,0,0,0,0,0,0,0,0,0,0,0,,,0,0,0,0,0,0,0,0,0,0,
Guatemala,other,NA,relocate,1,0,yes,1,,,0,0,0,0,0,0,0,0,0,0,0,0,0,0,0,0,0,0,0,0,0,,StronglyAgree,0,0,1,0,0,1,0,0,0,0,
Guatemala,guatemala,NA,relocate,2,1,,1,no,,0,0,0,0,0,0,0,0,0,0,0,0,0,0,0,0,0,0,0,0,0,,,0,0,0,0,0,0,0,0,0,0,
Guatemala,other,NA,stay,4,0,,1,,,0,0,0,0,0,0,0,0,0,0,0,0,0,0,0,0,0,0,0,0,0,,,0,0,0,0,0,0,0,0,0,0,
Guatemala,guatemala,NA,dontknow,2,2,,1,yes,yes,0,0,0,0,0,0,0,0,0,0,0,0,0,0,0,0,0,0,0,0,0,,,0,0,0,0,0,0,0,0,0,0,
Guatemala,guatemala,NA,stay,1,2,,1,yes,yes,0,0,0,0,0,0,0,0,0,0,0,0,0,0,0,0,0,0,0,0,0,,,0,0,0,0,0,0,0,0,0,0,
Guatemala,other,NA,stay,1,0,yes,0,,,0,0,0,0,0,0,0,0,0,0,0,0,0,0,0,0,0,0,0,0,0,,Agree,0,0,0,0,0,0,0,0,0,0,
Guatemala,other,NA,stay,1,0,yes,0,,,0,0,0,0,0,0,0,0,0,0,0,0,0,0,0,0,0,0,0,0,0,,StronglyAgree,0,0,0,0,0,0,0,0,0,0,
Guatemala,other,NA,stay,1,0,yes,0,,,0,0,0,0,0,0,0,0,0,0,0,0,0,0,0,0,0,0,0,0,0,Agree,Disagree,0,0,0,0,0,0,0,0,0,0,
Guatemala,other,NA,stay,1,0,yes,0,,,0,0,0,0,0,0,0,0,0,0,0,0,0,0,0,0,0,0,0,0,0,Agree,Agree,0,0,0,0,0,0,0,0,0,0,
