,CountryOfAsylum,nationality,ethnicity,intentionmove,TotalAdult,TotalMinor,AppliedRefugee,documentation_id,Childinschool,Childvirtualed,Childwhynotschool_nodocs,Childwhynotschool_nomoney,Childwhynotschool_failedschool,Childwhynotschool_childwork,Childwhynotschool_fearschool,Childwhynotschool_disease,Childwhynotschool_disability,Childwhynotschool_helphome,Childwhynotschool_familynot,Childwhynotschool_noschools,Childwhynotschool_nointerest,Childwhynotschool_pregnancy,Childwhynotschool_nospot,Childwhynotschool_notransport,Childwhynotschool_discrimnation,Childwhynotschool_discrimethnic,Childwhynotschool_finished,Childwhynotschool_recentlyarrive,Childwhynotschool_intransit,Childwhynotschool_noinfo,Childwhynotschool_toolate,disabilityacc_disabilityserv,medicalReceived,RiskYes,RiskReturn_medical,RiskStay_medical,whynotMedical_nomoney,whynotMedical_noinsurance,whynotMedical_noID,whynotMedical_noinfo,whynotMedical_feararrested,whynotMedical_distance,whynotMedical_notavailable,whynotMedical_denied
0,Bolivia,venezuela,,stay,3.0,1.0,yes,1,yes,yes,0,0,0,0,0,0,0,0,0,0,0,0,0,0,0,0,0,0,0,0,0,0,Undecided,StronglyAgree,1,0,0,0,0,0,0,0,0,0
1,Bolivia,venezuela,,stay,,,,0,yes,yes,0,0,0,0,0,0,0,0,0,0,0,0,0,0,0,0,0,0,0,0,0,0,StronglyAgree,Undecided,0,0,0,0,0,0,0,0,0,0
2,Bolivia,venezuela,,stay,,,no,1,yes,yes,0,0,0,0,0,0,0,0,0,0,0,0,0,0,0,0,0,0,0,0,0,0,Agree,Agree,1,0,0,0,0,0,0,0,0,0
3,Bolivia,venezuela,,stay,2.0,1.0,yes,1,,,0,0,0,0,0,0,0,0,0,0,0,0,0,0,0,0,0,0,0,0,0,0,StronglyAgree,Agree,1,0,0,0,0,0,0,0,0,0
4,Bolivia,venezuela,,stay,2.0,1.0,yes,0,yes,yes,0,0,0,0,0,0,0,0,0,0,0,0,0,0,0,0,0,0,0,0,0,0,,Agree,0,0,0,1,1,0,0,0,0,0
5,Bolivia,venezuela,,stay,,,no,0,yes,yes,0,0,0,0,0,0,0,0,0,0,0,0,0,0,0,0,0,0,0,0,0,0,Agree,Agree,1,0,0,0,0,0,0,0,0,0
6,Bolivia,venezuela,,relocate,2.0,0.0,no,1,,,0,0,0,0,0,0,0,0,0,0,0,0,0,0,0,0,0,0,0,0,0,0,,Disagree,0,0,0,0,1,0,0,0,0,0
7,Bolivia,venezuela,,stay,2.0,0.0,,1,,,0,0,0,0,0,0,0,0,0,0,0,0,0,0,0,0,0,0,0,0,0,0,StronglyAgree,Disagree,0,0,0,0,0,0,0,0,0,0
8,Bolivia,venezuela,,stay,2.0,1.0,no,1,,,0,0,0,0,0,0,0,0,0,0,0,0,0,0,0,0,0,0,0,0,0,0,StronglyAgree,StronglyDisagree,0,0,0,0,0,0,0,0,0,0
9,Bolivia,venezuela,,stay,2.0,0.0,,1,,,0,0,0,0,0,0,0,0,0,0,0,0,0,0,0,0,0,0,0,0,0,0,,Disagree,0,0,0,0,0,0,0,0,0,0
10,Bolivia,venezuela,,stay,2.0,0.0,no,1,,,0,0,0,0,0,0,0,0,0,0,0,0,0,0,0,0,0,0,0,0,0,0,,StronglyAgree,1,0,0,0,0,0,0,0,0,0
11,Bolivia,venezuela,,stay,,,yes,1,yes,yes,0,0,0,0,0,0,0,0,0,0,0,0,0,0,0,0,0,0,0,0,0,0,Agree,StronglyAgree,1,0,0,0,0,0,0,0,0,0
12,Bolivia,venezuela,,stay,,,yes,1,yes,no,0,0,0,0,0,0,0,0,0,0,0,0,0,0,0,0,0,0,0,0,0,0,StronglyAgree,StronglyAgree,1,0,0,0,0,0,0,0,0,0
13,Bolivia,venezuela,,stay,,,,1,no,,0,0,0,0,0,0,0,0,0,0,0,0,0,0,0,0,0,0,0,0,0,0,StronglyAgree,Agree,0,0,0,0,0,0,0,0,0,0
14,Bolivia,venezuela,,stay,2.0,2.0,,1,yes,yes,0,0,0,0,0,0,0,0,0,0,0,0,0,0,0,0,0,0,0,0,0,0,StronglyAgree,Agree,0,0,0,0,0,0,0,0,0,0
15,Bolivia,venezuela,,stay,2.0,0.0,no,1,,,0,0,0,0,0,0,0,0,0,0,0,0,0,0,0,0,0,0,0,0,0,0,,Agree,0,0,1,0,0,0,0,0,0,1
16,Bolivia,venezuela,,stay,2.0,1.0,yes,1,,,0,0,0,0,0,0,0,0,0,0,0,0,0,0,0,0,0,0,0,0,0,0,,Agree,1,0,1,0,0,0,0,0,0,0
17,Bolivia,venezuela,,stay,4.0,1.0,no,0,,,0,0,0,0,0,0,0,0,0,0,0,0,0,0,0,0,0,0,0,0,0,0,StronglyAgree,Agree,0,0,0,0,0,0,0,0,0,0
18,Bolivia,venezuela,,stay,6.0,0.0,no,1,,,0,0,0,0,0,0,0,0,0,0,0,0,0,0,0,0,0,0,0,0,0,0,StronglyAgree,StronglyAgree,1,0,0,0,0,0,0,0,0,0
19,Bolivia,venezuela,,stay,2.0,1.0,no,1,yes,yes,0,0,0,0,0,0,0,0,0,0,0,0,0,0,0,0,0,0,0,0,0,0,,Agree,1,0,0,0,0,0,0,0,0,0
20,Bolivia,venezuela,,stay,4.0,0.0,no,1,,,0,0,0,0,0,0,0,0,0,0,0,0,0,0,0,0,0,0,0,0,0,0,Disagree,Agree,0,0,0,0,0,0,0,0,1,0
21,Bolivia,venezuela,,stay,,,yes,0,yes,yes,0,0,0,0,0,0,0,0,0,0,0,0,0,0,0,0,0,0,0,0,0,0,,Disagree,0,0,0,0,0,0,0,0,0,0
22,Bolivia,venezuela,,stay,1.0,1.0,,0,yes,yes,0,0,0,0,0,0,0,0,0,0,0,0,0,0,0,0,0,0,0,0,0,0,StronglyAgree,StronglyAgree,1,0,0,0,0,0,0,0,0,0
23,Bolivia,venezuela,,stay,2.0,2.0,yes,1,yes,yes,0,0,0,0,0,0,0,0,0,0,0,0,0,0,0,0,0,0,0,0,0,0,,StronglyAgree,1,0,0,0,0,0,0,0,0,0
24,Bolivia,venezuela,,stay,2.0,1.0,no,1,,,0,0,0,0,0,0,0,0,0,0,0,0,0,0,0,0,0,0,0,0,0,0,StronglyAgree,Agree,1,0,0,0,0,0,0,0,0,0
25,Bolivia,venezuela,,stay,,,yes,1,,,0,0,0,0,0,0,0,0,0,0,0,0,0,0,0,0,0,0,0,0,0,0,,Agree,0,0,1,0,1,0,0,0,0,0
26,Bolivia,venezuela,,stay,2.0,1.0,yes,1,no,,1,0,1,0,0,0,0,0,0,0,0,0,1,0,0,0,0,0,0,0,0,0,Agree,Agree,1,0,0,0,0,0,0,0,0,0
27,Bolivia,venezuela,,stay,5.0,1.0,,1,,,0,0,0,0,0,0,0,0,0,0,0,0,0,0,0,0,0,0,0,0,0,0,Agree,StronglyAgree,1,0,0,0,0,0,0,0,0,0
28,Bolivia,venezuela,,stay,,,no,1,,,0,0,0,0,0,0,0,0,0,0,0,0,0,0,0,0,0,0,0,0,0,0,,Disagree,0,0,0,0,0,0,0,0,0,0
29,Bolivia,venezuela,,stay,3.0,0.0,yes,1,,,0,0,0,0,0,0,0,0,0,0,0,0,0,0,0,0,0,0,0,0,0,0,,Disagree,0,0,0,0,0,0,0,0,0,0
30,Bolivia,venezuela,,relocate,2.0,2.0,yes,1,yes,yes,0,0,0,0,0,0,0,0,0,0,0,0,0,0,0,0,0,0,0,0,0,0,Disagree,Agree,0,0,1,0,0,0,0,0,0,1
31,Bolivia,venezuela,,relocate,2.0,1.0,,1,,,0,0,0,0,0,0,0,0,0,0,0,0,0,0,0,0,0,0,0,0,0,0,Agree,Agree,1,0,0,0,0,0,0,0,0,0
32,Bolivia,venezuela,,stay,3.0,2.0,,1,yes,yes,0,0,0,0,0,0,0,0,0,0,0,0,0,0,0,0,0,0,0,0,0,0,,Agree,0,0,0,0,0,0,0,0,0,0
33,Bolivia,venezuela,,stay,2.0,1.0,no,1,no,,1,0,0,0,0,0,0,0,0,0,0,0,0,0,0,0,0,0,0,0,0,0,StronglyAgree,StronglyAgree,0,0,0,0,0,0,0,0,0,0
34,Bolivia,venezuela,,stay,6.0,0.0,no,1,,,0,0,0,0,0,0,0,0,0,0,0,0,0,0,0,0,0,0,0,0,0,0,Disagree,Disagree,0,0,0,0,1,0,0,0,0,1
35,Bolivia,venezuela,,stay,2.0,1.0,yes,1,,,0,0,0,0,0,0,0,0,0,0,0,0,0,0,0,0,0,0,0,0,0,0,Agree,Agree,0,0,0,0,0,0,0,0,0,0
36,Bolivia,venezuela,,stay,1.0,0.0,,1,,,0,0,0,0,0,0,0,0,0,0,0,0,0,0,0,0,0,0,0,0,0,0,,StronglyAgree,1,0,1,1,1,0,0,0,0,0
37,Bolivia,venezuela,,relocate,3.0,0.0,,1,,,0,0,0,0,0,0,0,0,0,0,0,0,0,0,0,0,0,0,0,0,0,0,,Agree,0,0,0,1,0,0,0,0,0,1
38,Bolivia,venezuela,,stay,4.0,3.0,yes,1,yes,yes,0,0,0,0,0,0,0,0,0,0,0,0,0,0,0,0,0,0,0,0,0,0,StronglyAgree,Agree,1,0,0,0,0,0,0,0,0,0
39,Bolivia,venezuela,,stay,2.0,1.0,no,1,,,0,0,0,0,0,0,0,0,0,0,0,0,0,0,0,0,0,0,0,0,0,0,,StronglyAgree,1,0,0,0,1,0,0,0,0,0
40,Bolivia,venezuela,,stay,2.0,1.0,yes,1,,,0,0,0,0,0,0,0,0,0,0,0,0,0,0,0,0,0,0,0,0,0,0,Agree,Disagree,0,0,0,0,0,0,0,0,0,0
41,Bolivia,venezuela,,stay,2.0,2.0,yes,1,yes,yes,0,0,0,0,0,0,0,0,0,0,0,0,0,0,0,0,0,0,0,0,0,0,Agree,Agree,0,0,0,0,0,0,0,0,0,0
42,Bolivia,venezuela,,stay,2.0,3.0,yes,1,yes,no,0,0,0,0,0,0,0,0,0,0,0,0,0,0,0,0,0,0,0,0,0,0,Disagree,Agree,0,0,1,0,1,0,0,0,0,0
43,Bolivia,venezuela,,stay,,,no,1,yes,yes,0,0,0,0,0,0,0,0,0,0,0,0,0,0,0,0,0,0,0,0,0,0,,Agree,0,0,1,0,0,0,0,0,0,0
44,Bolivia,venezuela,,stay,4.0,2.0,,1,yes,no,0,0,0,0,0,0,0,0,0,0,0,0,0,0,0,0,0,0,0,0,0,0,Agree,Agree,0,0,0,0,0,0,0,0,0,0
45,Bolivia,venezuela,,stay,,,yes,1,yes,Nainpersonclasses,0,0,0,0,0,0,0,0,0,0,0,0,0,0,0,0,0,0,0,0,0,0,,Agree,0,0,0,0,0,0,0,0,0,0
46,Bolivia,venezuela,,stay,2.0,1.0,no,1,no,,1,0,0,0,0,0,0,0,0,0,0,0,0,0,0,0,0,0,0,0,0,0,,Agree,0,0,0,0,0,0,0,0,0,0
47,Bolivia,venezuela,,stay,2.0,2.0,yes,1,yes,no,0,0,0,0,0,0,0,0,0,0,0,0,0,0,0,0,0,0,0,0,0,0,,Agree,1,0,0,0,0,0,0,0,0,0
48,Bolivia,venezuela,,stay,,,yes,1,,,0,0,0,0,0,0,0,0,0,0,0,0,0,0,0,0,0,0,0,0,0,0,,Disagree,0,0,0,0,0,0,0,0,0,0
49,Bolivia,venezuela,,stay,1.0,0.0,no,1,,,0,0,0,0,0,0,0,0,0,0,0,0,0,0,0,0,0,0,0,0,0,0,,Agree,1,0,0,0,0,0,0,0,0,0
50,Bolivia,venezuela,,stay,,,no,1,yes,yes,0,0,0,0,0,0,0,0,0,0,0,0,0,0,0,0,0,0,0,0,0,0,,Undecided,0,0,0,0,0,1,0,0,0,0
51,Bolivia,venezuela,,relocate,2.0,3.0,yes,1,yes,yes,0,0,0,0,0,0,0,0,0,0,0,0,0,0,0,0,0,0,0,0,0,0,Agree,StronglyAgree,0,0,0,0,0,0,0,0,0,0
52,Bolivia,venezuela,,stay,2.0,1.0,yes,1,,,0,0,0,0,0,0,0,0,0,0,0,0,0,0,0,0,0,0,0,0,0,0,,StronglyAgree,1,0,0,1,0,0,0,0,0,0
53,Bolivia,venezuela,,stay,2.0,2.0,yes,1,yes,yes,0,0,0,0,0,0,0,0,0,0,0,0,0,0,0,0,0,0,0,0,0,0,Agree,Agree,1,0,0,0,0,0,0,0,0,0
54,Bolivia,venezuela,,stay,2.0,0.0,no,1,,,0,0,0,0,0,0,0,0,0,0,0,0,0,0,0,0,0,0,0,0,0,0,StronglyAgree,StronglyAgree,0,0,0,0,0,0,0,0,0,0
55,Bolivia,venezuela,,stay,2.0,2.0,yes,1,yes,yes,0,0,0,0,0,0,0,0,0,0,0,0,0,0,0,0,0,0,0,0,0,0,Agree,Agree,0,0,0,0,0,0,0,0,0,0
56,Bolivia,venezuela,,relocate,2.0,1.0,,1,yes,yes,0,0,0,0,0,0,0,0,0,0,0,0,0,0,0,0,0,0,0,0,0,0,,Agree,0,0,0,0,0,0,0,0,1,0
57,Bolivia,venezuela,,stay,1.0,1.0,,1,,,0,0,0,0,0,0,0,0,0,0,0,0,0,0,0,0,0,0,0,0,0,0,,Agree,1,0,0,1,0,0,0,0,0,0
58,Bolivia,venezuela,,stay,1.0,0.0,,1,,,0,0,0,0,0,0,0,0,0,0,0,0,0,0,0,0,0,0,0,0,0,0,Agree,Agree,0,0,0,0,0,0,0,0,0,0
59,Bolivia,venezuela,,relocate,2.0,1.0,yes,1,,,0,0,0,0,0,0,0,0,0,0,0,0,0,0,0,0,0,0,0,0,0,0,,Agree,1,0,0,1,0,0,0,0,0,0
60,Bolivia,venezuela,,stay,2.0,2.0,yes,1,yes,yes,0,0,0,0,0,0,0,0,0,0,0,0,0,0,0,0,0,0,0,0,0,0,StronglyAgree,Agree,0,0,0,0,0,0,0,0,0,0
61,Bolivia,venezuela,,stay,2.0,0.0,no,1,,,0,0,0,0,0,0,0,0,0,0,0,0,0,0,0,0,0,0,0,0,0,0,Agree,Agree,0,0,0,0,0,0,0,0,0,0
62,Bolivia,venezuela,,stay,2.0,1.0,no,1,yes,yes,0,0,0,0,0,0,0,0,0,0,0,0,0,0,0,0,0,0,0,0,0,0,,Agree,0,0,0,0,0,0,0,0,0,0
63,Bolivia,venezuela,,stay,4.0,2.0,,1,yes,yes,0,0,0,0,0,0,0,0,0,0,0,0,0,0,0,0,0,0,0,0,0,0,,StronglyAgree,0,0,0,0,1,0,0,0,0,0
64,Bolivia,venezuela,,stay,4.0,0.0,no,1,,,0,0,0,0,0,0,0,0,0,0,0,0,0,0,0,0,0,0,0,0,0,0,Agree,StronglyAgree,1,0,0,0,0,0,0,0,0,0
65,Bolivia,venezuela,,stay,2.0,1.0,no,1,yes,yes,0,0,0,0,0,0,0,0,0,0,0,0,0,0,0,0,0,0,0,0,0,0,Agree,Disagree,0,0,0,0,0,0,0,0,0,0
66,Bolivia,venezuela,,stay,2.0,1.0,yes,0,,,0,0,0,0,0,0,0,0,0,0,0,0,0,0,0,0,0,0,0,0,0,0,,StronglyAgree,1,0,0,0,0,0,0,0,0,0
67,Bolivia,venezuela,,stay,3.0,0.0,yes,1,,,0,0,0,0,0,0,0,0,0,0,0,0,0,0,0,0,0,0,0,0,0,0,Disagree,Agree,1,0,1,0,0,0,0,0,0,0
68,Bolivia,venezuela,,stay,2.0,1.0,yes,1,,,0,0,0,0,0,0,0,0,0,0,0,0,0,0,0,0,0,0,0,0,0,0,,Agree,0,0,1,0,1,0,0,0,0,1
69,Bolivia,venezuela,,stay,2.0,2.0,yes,1,,,0,0,0,0,0,0,0,0,0,0,0,0,0,0,0,0,0,0,0,0,0,0,StronglyAgree,StronglyAgree,1,0,0,0,0,0,0,0,0,0
70,Bolivia,venezuela,,stay,4.0,3.0,yes,1,no,,1,0,0,0,0,0,0,0,0,0,0,0,0,0,0,0,0,0,0,0,0,0,Agree,Undecided,0,0,0,0,0,0,0,0,0,0
71,Bolivia,venezuela,,stay,2.0,3.0,yes,1,yes,no,0,0,0,0,0,0,0,0,0,0,0,0,0,0,0,0,0,0,0,0,0,0,,StronglyAgree,1,0,0,0,0,0,0,0,0,0
72,Bolivia,venezuela,,relocate,5.0,0.0,no,1,,,0,0,0,0,0,0,0,0,0,0,0,0,0,0,0,0,0,0,0,0,0,0,StronglyAgree,Agree,0,0,0,0,0,0,0,0,0,0
73,Bolivia,venezuela,,stay,2.0,1.0,,1,,,0,0,0,0,0,0,0,0,0,0,0,0,0,0,0,0,0,0,0,0,0,0,,Disagree,0,0,0,0,0,0,0,0,0,0
74,Bolivia,venezuela,,relocate,,,no,0,yes,yes,0,0,0,0,0,0,0,0,0,0,0,0,0,0,0,0,0,0,0,0,0,0,StronglyAgree,StronglyAgree,1,0,0,0,0,0,0,0,0,0
75,Bolivia,venezuela,,stay,1.0,3.0,yes,1,yes,yes,0,0,0,0,0,0,0,0,0,0,0,0,0,0,0,0,0,0,0,0,0,0,Disagree,Agree,1,0,0,0,0,0,0,0,0,1
76,Bolivia,venezuela,,stay,,,no,1,,,0,0,0,0,0,0,0,0,0,0,0,0,0,0,0,0,0,0,0,0,0,0,Disagree,Agree,1,0,1,1,0,0,0,0,0,0
77,Bolivia,venezuela,,stay,2.0,2.0,no,1,yes,no,0,0,0,0,0,0,0,0,0,0,0,0,0,0,0,0,0,0,0,0,0,0,,Disagree,0,0,0,0,0,0,0,0,0,0
78,Bolivia,venezuela,,dontknow,3.0,0.0,yes,1,,,0,0,0,0,0,0,0,0,0,0,0,0,0,0,0,0,0,0,0,0,0,0,Agree,Agree,0,0,0,0,0,0,0,0,0,0
79,Bolivia,venezuela,,stay,2.0,1.0,yes,1,,,0,0,0,0,0,0,0,0,0,0,0,0,0,0,0,0,0,0,0,0,0,0,,StronglyAgree,0,0,1,0,0,0,0,0,0,0
80,Bolivia,venezuela,,stay,4.0,1.0,,1,,,0,0,0,0,0,0,0,0,0,0,0,0,0,0,0,0,0,0,0,0,0,0,StronglyAgree,Agree,1,0,0,0,0,0,0,0,0,0
81,Bolivia,venezuela,,stay,2.0,1.0,yes,1,no,,0,0,0,0,0,0,0,0,0,0,0,0,0,0,0,0,0,1,0,0,0,0,,Agree,0,0,1,0,1,0,0,0,0,0
82,Bolivia,venezuela,,stay,2.0,1.0,yes,1,,,0,0,0,0,0,0,0,0,0,0,0,0,0,0,0,0,0,0,0,0,0,0,,Agree,0,0,0,0,0,0,0,0,0,0
83,Bolivia,venezuela,,stay,,,yes,1,,,0,0,0,0,0,0,0,0,0,0,0,0,0,0,0,0,0,0,0,0,0,0,,StronglyAgree,1,0,1,1,1,0,0,0,0,0
84,Bolivia,venezuela,,stay,2.0,2.0,,1,yes,yes,0,0,0,0,0,0,0,0,0,0,0,0,0,0,0,0,0,0,0,0,0,0,,Disagree,0,0,0,0,0,0,0,0,0,0
85,Bolivia,venezuela,,stay,2.0,1.0,yes,1,,,0,0,0,0,0,0,0,0,0,0,0,0,0,0,0,0,0,0,0,0,0,0,,StronglyAgree,1,0,1,0,0,0,0,0,0,0
86,Bolivia,venezuela,,stay,5.0,4.0,no,1,no,,1,0,0,0,0,0,0,0,0,0,0,0,0,0,0,0,0,0,0,0,0,0,StronglyAgree,StronglyAgree,0,0,0,0,0,0,0,0,0,0
87,Bolivia,venezuela,,relocate,3.0,1.0,,1,yes,yes,0,0,0,0,0,0,0,0,0,0,0,0,0,0,0,0,0,0,0,0,0,0,,Agree,0,0,0,0,0,0,0,0,0,0
88,Bolivia,venezuela,,stay,,,no,1,yes,no,0,0,0,0,0,0,0,0,0,0,0,0,0,0,0,0,0,0,0,0,0,0,,Agree,1,0,0,1,1,0,0,0,0,0
89,Bolivia,venezuela,,stay,4.0,3.0,yes,1,yes,yes,0,0,0,0,0,0,0,0,0,0,0,0,0,0,0,0,0,0,0,0,0,0,StronglyAgree,Disagree,0,0,0,0,0,0,0,0,0,0
90,Bolivia,venezuela,,stay,1.0,2.0,yes,1,no,,1,1,0,0,0,0,0,0,0,0,0,0,1,0,0,0,0,0,0,0,0,0,,Agree,1,0,0,0,0,0,0,0,0,0
91,Bolivia,venezuela,,stay,2.0,2.0,yes,1,no,,1,0,0,0,0,0,0,0,0,0,0,0,0,0,0,0,0,0,0,0,0,0,,StronglyAgree,0,0,0,0,0,0,0,0,0,0
92,Bolivia,venezuela,,dontknow,2.0,1.0,,1,yes,yes,0,0,0,0,0,0,0,0,0,0,0,0,0,0,0,0,0,0,0,0,0,0,StronglyAgree,StronglyAgree,1,0,0,0,0,0,0,0,0,0
93,Bolivia,venezuela,,stay,2.0,0.0,yes,0,,,0,0,0,0,0,0,0,0,0,0,0,0,0,0,0,0,0,0,0,0,0,0,Agree,Agree,0,0,0,0,0,0,0,0,0,0
94,Bolivia,venezuela,,stay,3.0,0.0,yes,1,,,0,0,0,0,0,0,0,0,0,0,0,0,0,0,0,0,0,0,0,0,0,0,,Disagree,0,0,0,0,0,0,0,0,0,0
95,Bolivia,venezuela,,stay,2.0,1.0,yes,1,,,0,0,0,0,0,0,0,0,0,0,0,0,0,0,0,0,0,0,0,0,0,0,Agree,StronglyAgree,1,0,0,0,0,0,0,0,0,0
96,Bolivia,venezuela,,stay,2.0,1.0,no,1,yes,dontknow,0,0,0,0,0,0,0,0,0,0,0,0,0,0,0,0,0,0,0,0,0,0,,StronglyAgree,0,0,0,0,0,0,0,0,0,0
97,Bolivia,venezuela,,stay,,,yes,1,yes,no,0,0,0,0,0,0,0,0,0,0,0,0,0,0,0,0,0,0,0,0,0,0,Undecided,Agree,0,0,0,0,0,0,0,0,0,0
98,Bolivia,venezuela,,stay,,,no,1,yes,no,0,0,0,0,0,0,0,0,0,0,0,0,0,0,0,0,0,0,0,0,0,0,StronglyAgree,StronglyAgree,1,0,0,0,0,0,0,0,0,0
99,Bolivia,venezuela,,stay,,,no,1,yes,yes,0,0,0,0,0,0,0,0,0,0,0,0,0,0,0,0,0,0,0,0,0,0,StronglyAgree,StronglyAgree,1,0,0,0,0,0,0,0,0,0
100,Bolivia,venezuela,,stay,1.0,0.0,,1,,,0,0,0,0,0,0,0,0,0,0,0,0,0,0,0,0,0,0,0,0,0,0,Agree,StronglyAgree,1,0,0,0,0,0,0,0,0,0
101,Bolivia,venezuela,,stay,2.0,1.0,yes,1,,,0,0,0,0,0,0,0,0,0,0,0,0,0,0,0,0,0,0,0,0,0,0,Disagree,Agree,0,0,0,0,1,0,0,0,0,0
102,Bolivia,venezuela,,stay,1.0,1.0,,1,,,0,0,0,0,0,0,0,0,0,0,0,0,0,0,0,0,0,0,0,0,0,0,,Undecided,0,0,0,0,0,0,0,0,0,0
103,Bolivia,venezuela,,relocate,4.0,0.0,yes,1,,,0,0,0,0,0,0,0,0,0,0,0,0,0,0,0,0,0,0,0,0,0,0,,StronglyAgree,0,0,0,0,0,0,0,0,0,0
104,Bolivia,venezuela,,stay,,,yes,1,no,,1,1,0,0,0,0,0,0,0,0,0,0,0,0,0,0,0,0,0,0,0,0,,Agree,1,0,1,1,1,0,0,0,0,1
105,Bolivia,venezuela,,relocate,3.0,0.0,no,1,,,0,0,0,0,0,0,0,0,0,0,0,0,0,0,0,0,0,0,0,0,0,0,,Agree,0,0,0,0,0,0,0,0,0,0
106,Bolivia,venezuela,,stay,4.0,1.0,no,1,,,0,0,0,0,0,0,0,0,0,0,0,0,0,0,0,0,0,0,0,0,0,0,,Agree,0,0,0,0,0,0,0,0,0,0
107,Bolivia,venezuela,,stay,2.0,1.0,yes,1,,,0,0,0,0,0,0,0,0,0,0,0,0,0,0,0,0,0,0,0,0,0,0,StronglyAgree,StronglyAgree,1,0,0,0,0,0,0,0,0,0
108,Bolivia,venezuela,,stay,3.0,0.0,no,1,,,0,0,0,0,0,0,0,0,0,0,0,0,0,0,0,0,0,0,0,0,0,0,,Undecided,0,0,0,0,0,0,0,0,0,0
109,Bolivia,venezuela,,stay,,,yes,0,,,0,0,0,0,0,0,0,0,0,0,0,0,0,0,0,0,0,0,0,0,0,0,,Agree,1,0,0,0,0,0,0,0,0,0
110,Bolivia,venezuela,,stay,1.0,0.0,yes,1,,,0,0,0,0,0,0,0,0,0,0,0,0,0,0,0,0,0,0,0,0,0,0,,Agree,0,0,0,0,0,0,0,0,0,0
111,Bolivia,venezuela,,stay,1.0,1.0,,1,yes,no,0,0,0,0,0,0,0,0,0,0,0,0,0,0,0,0,0,0,0,0,0,0,Agree,Agree,0,0,0,0,0,0,0,0,0,0
112,Bolivia,venezuela,,dontknow,2.0,1.0,,1,,,0,0,0,0,0,0,0,0,0,0,0,0,0,0,0,0,0,0,0,0,0,0,StronglyAgree,StronglyAgree,1,0,0,0,0,0,0,0,0,0
113,Bolivia,venezuela,,stay,,,yes,1,yes,yes,0,0,0,0,0,0,0,0,0,0,0,0,0,0,0,0,0,0,0,0,0,0,,StronglyAgree,0,0,0,0,0,0,0,0,0,0
114,Bolivia,venezuela,,stay,1.0,1.0,yes,1,,,0,0,0,0,0,0,0,0,0,0,0,0,0,0,0,0,0,0,0,0,0,0,,Disagree,0,0,0,0,0,0,0,0,0,0
115,Bolivia,venezuela,,stay,1.0,0.0,no,0,,,0,0,0,0,0,0,0,0,0,0,0,0,0,0,0,0,0,0,0,0,0,0,Agree,Agree,0,0,0,0,0,0,0,0,0,0
116,Bolivia,venezuela,,stay,2.0,2.0,,1,no,,1,0,0,0,0,0,0,0,0,0,0,0,0,0,0,0,0,0,0,0,0,0,Disagree,Agree,1,0,0,0,1,0,0,0,0,1
117,Bolivia,venezuela,,stay,2.0,3.0,,1,yes,yes,0,0,0,0,0,0,0,0,0,0,0,0,0,0,0,0,0,0,0,0,0,0,Disagree,StronglyAgree,1,0,1,0,0,0,0,0,0,0
118,Bolivia,venezuela,,stay,2.0,2.0,,1,yes,yes,0,0,0,0,0,0,0,0,0,0,0,0,0,0,0,0,0,0,0,0,0,0,StronglyAgree,Agree,0,0,0,0,0,0,0,0,0,0
119,Bolivia,venezuela,,relocate,,,no,1,yes,yes,0,0,0,0,0,0,0,0,0,0,0,0,0,0,0,0,0,0,0,0,0,0,Disagree,Agree,0,0,0,1,0,0,0,0,0,0
120,Bolivia,venezuela,,stay,2.0,1.0,yes,1,,,0,0,0,0,0,0,0,0,0,0,0,0,0,0,0,0,0,0,0,0,0,0,,Agree,0,0,0,0,0,0,0,0,0,0
121,Bolivia,venezuela,,relocate,3.0,0.0,,1,,,0,0,0,0,0,0,0,0,0,0,0,0,0,0,0,0,0,0,0,0,0,0,Disagree,StronglyAgree,0,0,1,0,0,0,0,0,0,0
122,Bolivia,venezuela,,stay,2.0,3.0,yes,1,no,,0,0,0,0,0,0,0,0,0,0,0,0,0,0,0,0,0,0,0,0,0,0,Disagree,Agree,1,0,0,1,1,0,0,0,0,1
123,Bolivia,venezuela,,stay,2.0,3.0,yes,1,yes,no,0,0,0,0,0,0,0,0,0,0,0,0,0,0,0,0,0,0,0,0,0,0,StronglyAgree,StronglyAgree,0,0,0,0,0,0,0,0,0,0
124,Bolivia,venezuela,,stay,3.0,0.0,,1,,,0,0,0,0,0,0,0,0,0,0,0,0,0,0,0,0,0,0,0,0,0,0,Agree,Agree,1,0,0,0,0,0,0,0,0,0
125,Bolivia,venezuela,,stay,,,no,1,,,0,0,0,0,0,0,0,0,0,0,0,0,0,0,0,0,0,0,0,0,0,0,Agree,Agree,0,0,0,0,0,0,0,0,0,0
126,Bolivia,venezuela,,stay,,,,1,yes,yes,0,0,0,0,0,0,0,0,0,0,0,0,0,0,0,0,0,0,0,0,0,0,StronglyAgree,StronglyAgree,1,0,0,0,0,0,0,0,0,0
127,Bolivia,venezuela,,relocate,2.0,0.0,no,1,,,0,0,0,0,0,0,0,0,0,0,0,0,0,0,0,0,0,0,0,0,0,0,,Disagree,0,0,0,0,0,0,0,0,0,0
128,Bolivia,venezuela,,stay,6.0,0.0,no,0,,,0,0,0,0,0,0,0,0,0,0,0,0,0,0,0,0,0,0,0,0,0,0,Disagree,Agree,0,0,0,0,0,0,0,0,0,1
