,CountryOfAsylum,nationality,ethnicity,intentionmove,TotalAdult,TotalMinor,AppliedRefugee,documentation_id,Childinschool,Childvirtualed,Childwhynotschool_nodocs,Childwhynotschool_nomoney,Childwhynotschool_failedschool,Childwhynotschool_childwork,Childwhynotschool_fearschool,Childwhynotschool_disease,Childwhynotschool_disability,Childwhynotschool_helphome,Childwhynotschool_noschools,Childwhynotschool_nointerest,Childwhynotschool_pregnancy,Childwhynotschool_nospot,Childwhynotschool_notransport,Childwhynotschool_discrimnation,Childwhynotschool_discrimethnic,Childwhynotschool_finished,Childwhynotschool_recentlyarrive,Childwhynotschool_intransit,Childwhynotschool_noinfo,Childwhynotschool_toolate,Childwhynotschool_nolanguage,disabilityacc_disabilityserv,medicalReceived,RiskYes,RiskReturn_medical,RiskStay_medical,whynotMedical_nomoney,whynotMedical_noinsurance,whynotMedical_noID,whynotMedical_noinfo,whynotMedical_feararrested,whynotMedical_distance,whynotMedical_notavailable,whynotMedical_denied
0,Guatemala,,,stay,2.0,1.0,yes,1,,,0,0,0,0,0,0,0,0,0,0,0,0,0,0,0,0,0,0,0,0,0,0,StronglyAgree,StronglyAgree,0,0,0,0,0,0,0,0,0,0
1,Guatemala,,,stay,1.0,3.0,,0,no,,0,0,0,0,0,0,0,0,0,0,0,0,0,0,0,0,0,0,0,1,0,0,,,0,0,0,0,0,0,0,0,0,0
2,Guatemala,guatemala,,relocate,1.0,0.0,,1,,,0,0,0,0,0,0,0,0,0,0,0,0,0,0,0,0,0,0,0,0,0,0,Agree,,0,0,0,0,0,0,0,0,0,0
3,Guatemala,guatemala,,relocate,3.0,1.0,,1,yes,yes,0,0,0,0,0,0,0,0,0,0,0,0,0,0,0,0,0,0,0,0,0,0,,Agree,1,0,0,0,0,0,0,0,1,0
4,Guatemala,guatemala,,stay,2.0,1.0,,1,,,0,0,0,0,0,0,0,0,0,0,0,0,0,0,0,0,0,0,0,0,0,0,Agree,StronglyAgree,0,0,0,0,0,0,0,0,0,0
5,Guatemala,guatemala,,stay,2.0,2.0,,1,yes,yes,0,0,0,0,0,0,0,0,0,0,0,0,0,0,0,0,0,0,0,0,0,0,,Agree,0,0,1,0,0,0,0,0,0,0
6,Guatemala,guatemala,,relocate,1.0,0.0,,1,,,0,0,0,0,0,0,0,0,0,0,0,0,0,0,0,0,0,0,0,0,0,0,,,0,0,0,0,0,0,0,0,0,0
7,Guatemala,,,stay,1.0,0.0,yes,1,,,0,0,0,0,0,0,0,0,0,0,0,0,0,0,0,0,0,0,0,0,0,0,,StronglyAgree,0,0,0,0,0,0,0,0,0,0
8,Guatemala,,,stay,2.0,2.0,yes,1,,,0,0,0,0,0,0,0,0,0,0,0,0,0,0,0,0,0,0,0,0,0,0,StronglyAgree,StronglyAgree,0,0,0,0,0,0,0,0,0,0
9,Guatemala,guatemala,,stay,1.0,1.0,,1,,,0,0,0,0,0,0,0,0,0,0,0,0,0,0,0,0,0,0,0,0,0,0,,,0,0,0,0,0,0,0,0,0,0
10,Guatemala,guatemala,,,,,,0,,,0,0,0,0,0,0,0,0,0,0,0,0,0,0,0,0,0,0,0,0,0,0,,,0,0,0,0,0,0,0,0,0,0
11,Guatemala,guatemala,,relocate,2.0,0.0,,1,,,0,0,0,0,0,0,0,0,0,0,0,0,0,0,0,0,0,0,0,0,0,0,,,0,0,0,0,0,0,0,0,0,0
12,Guatemala,,,dontknow,1.0,1.0,,1,yes,no,0,0,0,0,0,0,0,0,0,0,0,0,0,0,0,0,0,0,0,0,0,0,,,0,0,0,0,0,0,0,0,0,0
13,Guatemala,guatemala,,relocate,1.0,1.0,,1,,,0,0,0,0,0,0,0,0,0,0,0,0,0,0,0,0,0,0,0,0,0,0,,,0,0,0,0,0,0,0,0,0,0
14,Guatemala,,,stay,2.0,1.0,yes,1,,,0,0,0,0,0,0,0,0,0,0,0,0,0,0,0,0,0,0,0,0,0,0,Disagree,StronglyAgree,0,0,0,0,0,0,0,0,1,0
15,Guatemala,honduras,,relocate,1.0,0.0,yes,0,,,0,0,0,0,0,0,0,0,0,0,0,0,0,0,0,0,0,0,0,0,0,0,StronglyAgree,StronglyAgree,0,0,0,0,0,0,0,0,0,0
16,Guatemala,guatemala,,stay,4.0,2.0,,1,yes,yes,0,0,0,0,0,0,0,0,0,0,0,0,0,0,0,0,0,0,0,0,0,0,,Undecided,0,0,0,0,0,0,0,0,0,0
17,Guatemala,guatemala,,dontknow,5.0,3.0,,1,yes,yes,0,0,0,0,0,0,0,0,0,0,0,0,0,0,0,0,0,0,0,0,0,0,,,0,0,0,0,0,0,0,0,0,0
18,Guatemala,guatemala,,dontknow,4.0,2.0,,1,yes,no,0,0,0,0,0,0,0,0,0,0,0,0,0,0,0,0,0,0,0,0,0,0,,,0,0,0,0,0,0,0,0,0,0
19,Guatemala,,,dontknow,1.0,0.0,,1,,,0,0,0,0,0,0,0,0,0,0,0,0,0,0,0,0,0,0,0,0,0,0,,Agree,0,0,0,0,0,0,0,0,0,0
20,Guatemala,guatemala,,stay,7.0,6.0,,1,yes,no,0,0,0,0,0,0,0,0,0,0,0,0,0,0,0,0,0,0,0,0,0,0,,StronglyAgree,0,0,0,0,0,0,0,0,0,0
21,Guatemala,,,stay,3.0,0.0,yes,1,,,0,0,0,0,0,0,0,0,0,0,0,0,0,0,0,0,0,0,0,0,0,0,StronglyAgree,StronglyAgree,0,0,0,0,0,0,0,0,0,0
22,Guatemala,,,stay,1.0,2.0,yes,0,yes,yes,0,0,0,0,0,0,0,0,0,0,0,0,0,0,0,0,0,0,0,0,0,0,,StronglyAgree,0,0,0,0,0,0,0,0,0,0
23,Guatemala,guatemala,,relocate,1.0,0.0,,1,,,0,0,0,0,0,0,0,0,0,0,0,0,0,0,0,0,0,0,0,0,0,0,,Agree,0,0,0,0,0,0,0,0,0,0
24,Guatemala,guatemala,,stay,1.0,2.0,,1,yes,yes,0,0,0,0,0,0,0,0,0,0,0,0,0,0,0,0,0,0,0,0,0,0,,StronglyAgree,0,0,0,0,0,0,0,0,0,0
25,Guatemala,guatemala,,relocate,1.0,2.0,,1,yes,yes,0,0,0,0,0,0,0,0,0,0,0,0,0,0,0,0,0,0,0,0,0,0,,,0,0,0,0,0,0,0,0,0,0
26,Guatemala,honduras,,stay,1.0,0.0,yes,0,,,0,0,0,0,0,0,0,0,0,0,0,0,0,0,0,0,0,0,0,0,0,0,StronglyAgree,StronglyAgree,1,0,0,0,0,0,0,0,0,0
27,Guatemala,guatemala,,stay,2.0,1.0,,1,yes,yes,0,0,0,0,0,0,0,0,0,0,0,0,0,0,0,0,0,0,0,0,0,0,,StronglyAgree,0,0,1,0,0,0,0,0,0,0
28,Guatemala,,,stay,4.0,2.0,,1,yes,no,0,0,0,0,0,0,0,0,0,0,0,0,0,0,0,0,0,0,0,0,0,0,,,0,0,1,0,0,0,0,0,0,0
29,Guatemala,guatemala,,dontknow,1.0,3.0,,1,yes,no,0,0,0,0,0,0,0,0,0,0,0,0,0,0,0,0,0,0,0,0,0,0,,StronglyAgree,0,0,0,0,0,0,0,0,0,0
30,Guatemala,guatemala,,dontknow,2.0,4.0,,1,no,,0,0,0,0,0,0,0,0,0,1,0,0,0,0,0,0,0,0,0,0,0,0,,StronglyAgree,0,0,0,0,0,0,0,0,0,0
31,Guatemala,,,stay,2.0,1.0,yes,0,yes,no,0,0,0,0,0,0,0,0,0,0,0,0,0,0,0,0,0,0,0,0,0,0,,StronglyAgree,0,0,1,0,0,0,0,0,0,0
32,Guatemala,,,stay,1.0,0.0,yes,0,,,0,0,0,0,0,0,0,0,0,0,0,0,0,0,0,0,0,0,0,0,0,0,StronglyAgree,StronglyAgree,0,0,0,0,0,0,0,0,0,0
33,Guatemala,guatemala,,stay,2.0,4.0,,1,yes,no,0,0,0,0,0,0,0,0,0,0,0,0,0,0,0,0,0,0,0,0,0,0,,,0,0,0,0,0,0,0,0,0,0
34,Guatemala,guatemala,,dontknow,4.0,2.0,,1,,,0,0,0,0,0,0,0,0,0,0,0,0,0,0,0,0,0,0,0,0,0,0,,,0,0,0,0,0,0,0,0,0,0
35,Guatemala,guatemala,,dontknow,2.0,6.0,,1,yes,yes,0,0,0,0,0,0,0,0,0,0,0,0,0,0,0,0,0,0,0,0,0,0,Agree,,0,0,0,0,0,0,0,0,0,0
36,Guatemala,,,stay,2.0,0.0,yes,1,,,0,0,0,0,0,0,0,0,0,0,0,0,0,0,0,0,0,0,0,0,0,0,StronglyAgree,StronglyAgree,0,0,0,0,0,0,0,0,0,0
37,Guatemala,,,stay,2.0,0.0,yes,1,,,0,0,0,0,0,0,0,0,0,0,0,0,0,0,0,0,0,0,0,0,0,0,,StronglyAgree,0,0,1,0,0,0,0,0,0,0
38,Guatemala,,,stay,2.0,1.0,,0,,,0,0,0,0,0,0,0,0,0,0,0,0,0,0,0,0,0,0,0,0,0,0,,,0,0,0,0,0,0,0,0,0,0
39,Guatemala,honduras,,stay,2.0,0.0,yes,1,,,0,0,0,0,0,0,0,0,0,0,0,0,0,0,0,0,0,0,0,0,0,0,StronglyAgree,StronglyAgree,0,0,0,0,0,0,0,0,0,0
40,Guatemala,guatemala,,,,,,0,,,0,0,0,0,0,0,0,0,0,0,0,0,0,0,0,0,0,0,0,0,0,0,,,0,0,0,0,0,0,0,0,0,0
41,Guatemala,guatemala,,dontknow,1.0,2.0,,1,yes,yes,0,0,0,0,0,0,0,0,0,0,0,0,0,0,0,0,0,0,0,0,0,0,,StronglyAgree,0,0,0,0,0,0,0,0,0,0
42,Guatemala,honduras,,stay,1.0,0.0,yes,1,,,0,0,0,0,0,0,0,0,0,0,0,0,0,0,0,0,0,0,0,0,0,0,,StronglyAgree,0,0,0,0,0,0,0,0,0,0
43,Guatemala,guatemala,,stay,2.0,0.0,,1,,,0,0,0,0,0,0,0,0,0,0,0,0,0,0,0,0,0,0,0,0,0,0,,StronglyAgree,0,0,0,0,0,0,0,0,0,0
44,Guatemala,guatemala,,stay,3.0,3.0,,1,yes,yes,0,0,0,0,0,0,0,0,0,0,0,0,0,0,0,0,0,0,0,0,0,0,,,0,0,0,0,0,0,0,0,0,0
45,Guatemala,,,stay,5.0,3.0,yes,1,no,,0,0,0,0,0,0,0,0,0,0,0,0,0,0,0,0,1,0,0,0,0,0,,StronglyAgree,0,0,0,0,0,0,0,0,0,0
46,Guatemala,salvador,,stay,2.0,1.0,,1,,,0,0,0,0,0,0,0,0,0,0,0,0,0,0,0,0,0,0,0,0,0,0,,,0,0,0,0,0,0,0,0,0,0
47,Guatemala,guatemala,,relocate,7.0,2.0,,1,yes,yes,0,0,0,0,0,0,0,0,0,0,0,0,0,0,0,0,0,0,0,0,0,0,StronglyAgree,,0,0,0,0,0,0,0,0,0,0
48,Guatemala,salvador,,stay,,,yes,1,yes,no,0,0,0,0,0,0,0,0,0,0,0,0,0,0,0,0,0,0,0,0,0,0,StronglyAgree,StronglyAgree,0,0,0,0,0,0,0,0,0,0
49,Guatemala,guatemala,,,,,,0,,,0,0,0,0,0,0,0,0,0,0,0,0,0,0,0,0,0,0,0,0,0,0,,,0,0,0,0,0,0,0,0,0,0
50,Guatemala,guatemala,,relocate,3.0,1.0,,1,yes,yes,0,0,0,0,0,0,0,0,0,0,0,0,0,0,0,0,0,0,0,0,0,0,StronglyAgree,StronglyAgree,0,0,0,0,0,0,0,0,0,0
51,Guatemala,guatemala,,relocate,1.0,1.0,,1,,,0,0,0,0,0,0,0,0,0,0,0,0,0,0,0,0,0,0,0,0,0,0,,Agree,0,0,0,0,0,0,0,0,0,0
52,Guatemala,honduras,,stay,1.0,0.0,yes,0,,,0,0,0,0,0,0,0,0,0,0,0,0,0,0,0,0,0,0,0,0,0,0,,StronglyAgree,0,0,0,0,0,0,0,0,0,0
53,Guatemala,guatemala,,stay,1.0,0.0,,1,,,0,0,0,0,0,0,0,0,0,0,0,0,0,0,0,0,0,0,0,0,0,0,,StronglyAgree,0,0,0,0,0,0,0,0,0,0
54,Guatemala,guatemala,,stay,1.0,1.0,,1,yes,no,0,0,0,0,0,0,0,0,0,0,0,0,0,0,0,0,0,0,0,0,0,0,Agree,,0,0,0,0,0,0,0,0,0,0
55,Guatemala,guatemala,,relocate,2.0,0.0,,1,,,0,0,0,0,0,0,0,0,0,0,0,0,0,0,0,0,0,0,0,0,0,0,,,0,0,0,0,0,0,0,0,0,0
56,Guatemala,honduras,,stay,1.0,0.0,yes,0,,,0,0,0,0,0,0,0,0,0,0,0,0,0,0,0,0,0,0,0,0,0,0,StronglyAgree,StronglyAgree,0,0,0,0,0,0,0,0,0,0
57,Guatemala,guatemala,,stay,3.0,4.0,,1,yes,no,0,0,0,0,0,0,0,0,0,0,0,0,0,0,0,0,0,0,0,0,0,0,,StronglyAgree,0,0,0,0,0,0,0,0,0,0
58,Guatemala,guatemala,,relocate,2.0,1.0,,1,yes,yes,0,0,0,0,0,0,0,0,0,0,0,0,0,0,0,0,0,0,0,0,0,0,StronglyDisagree,,0,0,0,0,0,0,0,0,1,1
59,Guatemala,guatemala,,,,,,0,,,0,0,0,0,0,0,0,0,0,0,0,0,0,0,0,0,0,0,0,0,0,0,,,0,0,0,0,0,0,0,0,0,0
60,Guatemala,guatemala,,stay,1.0,1.0,,1,,,0,0,0,0,0,0,0,0,0,0,0,0,0,0,0,0,0,0,0,0,0,0,,StronglyDisagree,0,0,0,0,0,0,0,0,0,0
61,Guatemala,,,stay,4.0,2.0,,1,yes,no,0,0,0,0,0,0,0,0,0,0,0,0,0,0,0,0,0,0,0,0,0,0,,,0,0,0,0,0,0,0,0,0,0
62,Guatemala,,,stay,1.0,2.0,yes,1,,,0,0,0,0,0,0,0,0,0,0,0,0,0,0,0,0,0,0,0,0,0,0,,StronglyAgree,0,0,0,0,0,0,0,0,0,0
63,Guatemala,honduras,,stay,1.0,0.0,yes,0,,,0,0,0,0,0,0,0,0,0,0,0,0,0,0,0,0,0,0,0,0,0,0,StronglyAgree,StronglyAgree,0,0,0,0,0,0,0,0,0,0
64,Guatemala,,,stay,2.0,3.0,yes,1,yes,no,0,0,0,0,0,0,0,0,0,0,0,0,0,0,0,0,0,0,0,0,0,0,StronglyAgree,StronglyAgree,0,0,0,0,0,0,0,0,0,0
65,Guatemala,guatemala,,,,,,0,,,0,0,0,0,0,0,0,0,0,0,0,0,0,0,0,0,0,0,0,0,0,0,,,0,0,0,0,0,0,0,0,0,0
66,Guatemala,guatemala,,stay,4.0,1.0,,1,,,0,0,0,0,0,0,0,0,0,0,0,0,0,0,0,0,0,0,0,0,0,0,,,0,0,0,0,0,0,0,0,0,0
67,Guatemala,,,stay,1.0,0.0,yes,0,,,0,0,0,0,0,0,0,0,0,0,0,0,0,0,0,0,0,0,0,0,0,0,,StronglyAgree,0,0,0,0,1,0,0,0,0,0
68,Guatemala,guatemala,,dontknow,3.0,2.0,,1,no,,0,0,0,0,0,0,0,0,0,0,0,0,0,0,0,0,0,0,0,0,0,0,,,0,0,0,0,0,0,0,0,0,0
69,Guatemala,guatemala,,dontknow,3.0,0.0,,1,,,0,0,0,0,0,0,0,0,0,0,0,0,0,0,0,0,0,0,0,0,0,0,Undecided,,0,0,0,0,0,0,0,0,0,0
70,Guatemala,guatemala,,relocate,2.0,0.0,,1,,,0,0,0,0,0,0,0,0,0,0,0,0,0,0,0,0,0,0,0,0,0,0,Agree,,0,0,0,0,0,0,0,0,0,0
71,Guatemala,,,stay,2.0,1.0,yes,1,,,0,0,0,0,0,0,0,0,0,0,0,0,0,0,0,0,0,0,0,0,0,0,StronglyAgree,StronglyAgree,0,0,0,0,0,0,0,0,0,0
72,Guatemala,,,stay,1.0,0.0,yes,0,,,0,0,0,0,0,0,0,0,0,0,0,0,0,0,0,0,0,0,0,0,0,0,StronglyAgree,StronglyAgree,1,0,0,0,0,0,0,0,0,0
73,Guatemala,,,stay,2.0,4.0,yes,1,yes,no,0,0,0,0,0,0,0,0,0,0,0,0,0,0,0,0,0,0,0,0,0,0,StronglyAgree,StronglyAgree,0,0,0,0,0,0,0,0,0,0
74,Guatemala,guatemala,,dontknow,2.0,3.0,,1,yes,yes,0,0,0,0,0,0,0,0,0,0,0,0,0,0,0,0,0,0,0,0,0,0,,,0,0,0,0,0,0,0,0,0,0
75,Guatemala,honduras,,stay,1.0,0.0,yes,1,,,0,0,0,0,0,0,0,0,0,0,0,0,0,0,0,0,0,0,0,0,0,0,,StronglyAgree,0,0,0,0,0,0,0,0,0,0
76,Guatemala,guatemala,,relocate,4.0,0.0,,1,,,0,0,0,0,0,0,0,0,0,0,0,0,0,0,0,0,0,0,0,0,0,0,,,0,0,0,0,0,0,0,0,0,0
77,Guatemala,salvador,,stay,1.0,0.0,,1,,,0,0,0,0,0,0,0,0,0,0,0,0,0,0,0,0,0,0,0,0,0,0,,,0,0,0,0,0,0,0,0,0,0
78,Guatemala,guatemala,,relocate,1.0,0.0,,1,,,0,0,0,0,0,0,0,0,0,0,0,0,0,0,0,0,0,0,0,0,0,0,Undecided,,0,0,0,0,0,0,0,0,0,0
79,Guatemala,guatemala,,stay,1.0,0.0,,1,,,0,0,0,0,0,0,0,0,0,0,0,0,0,0,0,0,0,0,0,0,0,0,,Agree,0,0,0,0,0,0,0,0,0,0
80,Guatemala,guatemala,,dontknow,1.0,2.0,,1,yes,no,0,0,0,0,0,0,0,0,0,0,0,0,0,0,0,0,0,0,0,0,0,0,StronglyAgree,,0,0,0,0,0,0,0,0,0,0
81,Guatemala,,,stay,1.0,0.0,yes,0,,,0,0,0,0,0,0,0,0,0,0,0,0,0,0,0,0,0,0,0,0,0,0,StronglyAgree,StronglyAgree,1,0,0,0,0,0,0,0,0,0
82,Guatemala,guatemala,,stay,2.0,2.0,,1,yes,yes,0,0,0,0,0,0,0,0,0,0,0,0,0,0,0,0,0,0,0,0,0,0,,,0,0,0,0,0,0,0,0,0,0
83,Guatemala,guatemala,,stay,4.0,1.0,,1,,,0,0,0,0,0,0,0,0,0,0,0,0,0,0,0,0,0,0,0,0,0,0,,,0,0,0,0,0,0,0,0,0,0
84,Guatemala,guatemala,,relocate,4.0,1.0,,1,yes,yes,0,0,0,0,0,0,0,0,0,0,0,0,0,0,0,0,0,0,0,0,0,0,,,0,0,0,0,0,0,0,0,0,0
85,Guatemala,,,stay,1.0,0.0,yes,0,,,0,0,0,0,0,0,0,0,0,0,0,0,0,0,0,0,0,0,0,0,0,0,StronglyAgree,StronglyAgree,0,0,0,0,0,0,0,0,0,0
86,Guatemala,,,stay,3.0,4.0,,1,yes,yes,0,0,0,0,0,0,0,0,0,0,0,0,0,0,0,0,0,0,0,0,0,0,,,0,0,0,0,0,0,0,0,0,0
87,Guatemala,guatemala,,relocate,1.0,2.0,,1,yes,no,0,0,0,0,0,0,0,0,0,0,0,0,0,0,0,0,0,0,0,0,0,0,,,0,0,0,0,0,0,0,0,0,0
88,Guatemala,,,stay,2.0,2.0,yes,1,no,,1,1,1,0,0,0,0,0,0,0,0,0,0,0,0,0,0,0,0,0,0,0,,StronglyAgree,0,0,0,0,0,0,0,1,0,0
89,Guatemala,honduras,,stay,1.0,0.0,yes,0,,,0,0,0,0,0,0,0,0,0,0,0,0,0,0,0,0,0,0,0,0,0,0,,StronglyAgree,0,0,0,0,0,0,0,0,0,0
90,Guatemala,guatemala,,stay,2.0,1.0,,1,yes,yes,0,0,0,0,0,0,0,0,0,0,0,0,0,0,0,0,0,0,0,0,0,0,,,0,0,0,0,0,0,0,0,0,0
91,Guatemala,,,stay,2.0,0.0,yes,0,,,0,0,0,0,0,0,0,0,0,0,0,0,0,0,0,0,0,0,0,0,0,0,,StronglyAgree,0,0,0,0,0,0,0,0,0,0
92,Guatemala,guatemala,,stay,1.0,4.0,,1,yes,yes,0,0,0,0,0,0,0,0,0,0,0,0,0,0,0,0,0,0,0,0,0,0,Agree,Agree,0,0,0,0,0,0,0,0,0,0
93,Guatemala,guatemala,,stay,1.0,0.0,,1,,,0,0,0,0,0,0,0,0,0,0,0,0,0,0,0,0,0,0,0,0,0,0,,StronglyAgree,0,0,0,0,0,0,0,0,0,0
94,Guatemala,,,stay,2.0,2.0,yes,1,no,,0,0,0,0,0,0,1,0,0,0,0,0,0,0,0,0,0,0,1,0,0,0,Agree,StronglyAgree,0,0,0,0,0,0,0,0,0,0
95,Guatemala,colombia,,stay,1.0,0.0,yes,0,,,0,0,0,0,0,0,0,0,0,0,0,0,0,0,0,0,0,0,0,0,0,0,,StronglyAgree,0,0,0,0,0,0,0,0,0,0
96,Guatemala,nicaragua,,stay,1.0,0.0,,1,,,0,0,0,0,0,0,0,0,0,0,0,0,0,0,0,0,0,0,0,0,0,0,,,0,0,0,0,0,0,0,0,0,0
97,Guatemala,guatemala,,relocate,3.0,4.0,,1,yes,yes,0,0,0,0,0,0,0,0,0,0,0,0,0,0,0,0,0,0,0,0,0,0,Agree,,0,0,0,0,0,0,0,0,0,0
98,Guatemala,honduras,,stay,1.0,0.0,yes,1,,,0,0,0,0,0,0,0,0,0,0,0,0,0,0,0,0,0,0,0,0,0,0,,StronglyAgree,0,0,0,0,0,0,0,0,0,0
99,Guatemala,honduras,,stay,1.0,0.0,yes,0,,,0,0,0,0,0,0,0,0,0,0,0,0,0,0,0,0,0,0,0,0,0,0,,StronglyAgree,0,0,1,0,0,0,0,0,0,0
100,Guatemala,guatemala,,relocate,1.0,3.0,,1,yes,no,0,0,0,0,0,0,0,0,0,0,0,0,0,0,0,0,0,0,0,0,0,0,,,0,0,0,0,0,0,0,0,0,0
101,Guatemala,guatemala,,relocate,1.0,0.0,,0,,,0,0,0,0,0,0,0,0,0,0,0,0,0,0,0,0,0,0,0,0,0,0,,,0,0,0,0,0,0,0,0,0,0
102,Guatemala,guatemala,,stay,1.0,1.0,no,1,,,0,0,0,0,0,0,0,0,0,0,0,0,0,0,0,0,0,0,0,0,0,0,Agree,StronglyAgree,0,0,0,0,0,0,0,0,0,0
103,Guatemala,guatemala,,relocate,2.0,0.0,,0,,,0,0,0,0,0,0,0,0,0,0,0,0,0,0,0,0,0,0,0,0,0,0,StronglyAgree,Undecided,0,0,0,0,0,0,0,0,0,0
104,Guatemala,guatemala,,stay,1.0,0.0,,1,,,0,0,0,0,0,0,0,0,0,0,0,0,0,0,0,0,0,0,0,0,0,0,Agree,Agree,0,0,0,0,0,0,0,0,0,0
105,Guatemala,cuba,,stay,1.0,0.0,,0,,,0,0,0,0,0,0,0,0,0,0,0,0,0,0,0,0,0,0,0,0,0,0,,,0,0,0,0,0,0,0,0,0,0
106,Guatemala,guatemala,,relocate,1.0,0.0,,1,,,0,0,0,0,0,0,0,0,0,0,0,0,0,0,0,0,0,0,0,0,0,0,,StronglyAgree,0,0,0,0,0,0,0,0,0,0
107,Guatemala,salvador,,stay,2.0,1.0,yes,1,yes,no,0,0,0,0,0,0,0,0,0,0,0,0,0,0,0,0,0,0,0,0,0,0,StronglyAgree,StronglyAgree,0,0,0,0,0,0,0,0,0,0
108,Guatemala,guatemala,,dontknow,6.0,0.0,,1,,,0,0,0,0,0,0,0,0,0,0,0,0,0,0,0,0,0,0,0,0,0,0,,,0,0,0,0,0,0,0,0,0,0
109,Guatemala,guatemala,,stay,1.0,3.0,,1,yes,no,0,0,0,0,0,0,0,0,0,0,0,0,0,0,0,0,0,0,0,0,0,0,,StronglyAgree,0,0,0,0,0,0,0,0,0,0
110,Guatemala,honduras,,stay,1.0,0.0,yes,1,,,0,0,0,0,0,0,0,0,0,0,0,0,0,0,0,0,0,0,0,0,0,0,,StronglyAgree,0,0,0,0,0,0,0,0,0,0
111,Guatemala,guatemala,,relocate,5.0,3.0,,1,yes,no,0,0,0,0,0,0,0,0,0,0,0,0,0,0,0,0,0,0,0,0,0,0,,,0,0,0,0,0,0,0,0,0,0
112,Guatemala,,,stay,1.0,0.0,,0,,,0,0,0,0,0,0,0,0,0,0,0,0,0,0,0,0,0,0,0,0,0,0,,,0,0,0,0,0,0,0,0,0,0
113,Guatemala,,,stay,3.0,3.0,yes,0,no,,1,0,0,0,0,0,0,0,0,0,0,0,0,0,0,0,0,0,0,0,0,0,StronglyAgree,StronglyAgree,0,0,0,0,0,0,0,0,0,0
114,Guatemala,,,stay,2.0,4.0,yes,1,yes,no,0,0,0,0,0,0,0,0,0,0,0,0,0,0,0,0,0,0,0,0,0,0,StronglyAgree,StronglyAgree,0,0,0,0,0,0,0,0,0,0
115,Guatemala,honduras,,stay,1.0,0.0,yes,1,,,0,0,0,0,0,0,0,0,0,0,0,0,0,0,0,0,0,0,0,0,0,0,,StronglyAgree,0,0,0,0,0,0,0,0,0,0
116,Guatemala,,,stay,2.0,2.0,yes,1,no,,0,1,0,0,0,0,0,0,0,0,0,0,0,0,0,0,0,0,0,0,0,0,,StronglyAgree,0,0,1,0,0,0,0,0,0,0
117,Guatemala,,,stay,2.0,2.0,yes,0,no,,0,1,0,0,0,0,0,0,0,0,0,0,0,0,0,0,0,0,1,0,0,0,StronglyAgree,StronglyAgree,0,0,0,0,0,0,0,0,0,0
118,Guatemala,guatemala,,stay,2.0,2.0,,1,yes,yes,0,0,0,0,0,0,0,0,0,0,0,0,0,0,0,0,0,0,0,0,0,0,StronglyAgree,,0,0,0,0,0,0,0,0,0,0
119,Guatemala,guatemala,,relocate,4.0,0.0,,1,,,0,0,0,0,0,0,0,0,0,0,0,0,0,0,0,0,0,0,0,0,0,0,,,0,0,0,0,0,0,0,0,0,0
120,Guatemala,guatemala,,relocate,2.0,1.0,,1,yes,yes,0,0,0,0,0,0,0,0,0,0,0,0,0,0,0,0,0,0,0,0,0,0,,StronglyAgree,0,0,0,0,0,0,0,0,0,0
121,Guatemala,,,stay,2.0,1.0,yes,1,yes,no,0,0,0,0,0,0,0,0,0,0,0,0,0,0,0,0,0,0,0,0,0,0,StronglyAgree,Undecided,0,0,0,0,0,0,0,0,0,0
122,Guatemala,guatemala,,relocate,2.0,5.0,,1,no,,0,1,0,0,0,0,0,0,1,0,0,0,0,0,0,0,0,0,0,0,0,0,,,0,0,0,0,0,0,0,0,0,0
123,Guatemala,guatemala,,dontknow,1.0,0.0,,1,,,0,0,0,0,0,0,0,0,0,0,0,0,0,0,0,0,0,0,0,0,0,0,,,0,0,0,0,0,0,0,0,0,0
124,Guatemala,guatemala,,dontknow,2.0,0.0,,1,,,0,0,0,0,0,0,0,0,0,0,0,0,0,0,0,0,0,0,0,0,0,0,,,0,0,0,0,0,0,0,0,0,0
125,Guatemala,guatemala,,stay,3.0,2.0,,1,yes,yes,0,0,0,0,0,0,0,0,0,0,0,0,0,0,0,0,0,0,0,0,0,0,,StronglyAgree,0,0,0,0,0,0,0,0,0,0
126,Guatemala,guatemala,,relocate,2.0,2.0,,1,no,,0,0,0,0,1,0,0,0,0,0,0,0,0,0,0,0,0,0,0,0,0,0,,,0,0,0,0,0,0,0,0,0,0
127,Guatemala,guatemala,,relocate,2.0,0.0,,1,,,0,0,0,0,0,0,0,0,0,0,0,0,0,0,0,0,0,0,0,0,0,0,,,0,0,1,0,0,0,0,0,0,0
128,Guatemala,honduras,,stay,1.0,0.0,yes,1,,,0,0,0,0,0,0,0,0,0,0,0,0,0,0,0,0,0,0,0,0,0,0,StronglyAgree,StronglyAgree,1,0,0,0,0,0,0,0,0,0
129,Guatemala,,,stay,2.0,2.0,yes,0,no,,0,1,0,0,0,0,0,0,0,0,0,0,0,0,0,0,1,0,1,0,0,0,,StronglyAgree,0,0,1,0,0,0,0,0,0,0
130,Guatemala,guatemala,,relocate,2.0,3.0,,1,yes,no,0,0,0,0,0,0,0,0,0,0,0,0,0,0,0,0,0,0,0,0,0,0,,,0,0,0,0,0,0,0,0,0,0
131,Guatemala,guatemala,,relocate,2.0,3.0,,1,yes,no,0,0,0,0,0,0,0,0,0,0,0,0,0,0,0,0,0,0,0,0,0,0,,,0,0,0,0,0,0,0,0,0,0
132,Guatemala,guatemala,,stay,1.0,0.0,,1,,,0,0,0,0,0,0,0,0,0,0,0,0,0,0,0,0,0,0,0,0,0,0,,StronglyAgree,0,0,0,0,0,0,0,0,0,0
133,Guatemala,honduras,,stay,1.0,0.0,yes,1,,,0,0,0,0,0,0,0,0,0,0,0,0,0,0,0,0,0,0,0,0,0,0,StronglyAgree,StronglyAgree,0,0,0,0,0,0,0,0,0,0
134,Guatemala,guatemala,,dontknow,4.0,2.0,,1,,,0,0,0,0,0,0,0,0,0,0,0,0,0,0,0,0,0,0,0,0,0,0,,,0,0,0,0,0,0,0,0,0,0
135,Guatemala,,,stay,1.0,2.0,yes,1,,,0,0,0,0,0,0,0,0,0,0,0,0,0,0,0,0,0,0,0,0,0,0,StronglyAgree,StronglyAgree,1,0,0,0,0,0,0,0,0,0
136,Guatemala,guatemala,,stay,1.0,3.0,,0,yes,yes,0,0,0,0,0,0,0,0,0,0,0,0,0,0,0,0,0,0,0,0,0,0,Agree,Agree,0,0,0,0,0,0,0,0,0,0
137,Guatemala,salvador,,stay,2.0,1.0,yes,1,,,0,0,0,0,0,0,0,0,0,0,0,0,0,0,0,0,0,0,0,0,0,0,StronglyAgree,StronglyAgree,0,0,0,0,0,0,0,0,0,0
138,Guatemala,,,stay,1.0,0.0,yes,0,,,0,0,0,0,0,0,0,0,0,0,0,0,0,0,0,0,0,0,0,0,0,0,,StronglyAgree,0,0,0,0,0,0,0,0,0,0
139,Guatemala,guatemala,,stay,3.0,2.0,,1,yes,yes,0,0,0,0,0,0,0,0,0,0,0,0,0,0,0,0,0,0,0,0,0,0,,,0,0,0,0,0,0,0,0,0,0
140,Guatemala,guatemala,,relocate,4.0,0.0,,1,,,0,0,0,0,0,0,0,0,0,0,0,0,0,0,0,0,0,0,0,0,0,0,,,0,0,0,0,0,0,0,0,0,0
141,Guatemala,guatemala,,,,,,0,,,0,0,0,0,0,0,0,0,0,0,0,0,0,0,0,0,0,0,0,0,0,0,,,0,0,0,0,0,0,0,0,0,0
142,Guatemala,,,dontknow,2.0,1.0,yes,1,yes,yes,0,0,0,0,0,0,0,0,0,0,0,0,0,0,0,0,0,0,0,0,0,0,,StronglyAgree,0,0,0,0,0,0,0,0,0,0
143,Guatemala,guatemala,,relocate,2.0,1.0,,1,,,0,0,0,0,0,0,0,0,0,0,0,0,0,0,0,0,0,0,0,0,0,0,,,0,0,0,0,0,0,0,0,0,0
144,Guatemala,guatemala,,relocate,2.0,0.0,,1,,,0,0,0,0,0,0,0,0,0,0,0,0,0,0,0,0,0,0,0,0,0,0,Agree,StronglyAgree,0,0,0,0,0,0,0,0,0,0
145,Guatemala,,,stay,2.0,3.0,yes,1,no,,0,1,0,0,0,0,0,0,0,0,0,0,0,0,0,0,0,0,1,0,0,0,StronglyAgree,StronglyAgree,0,0,0,0,0,0,0,0,0,0
146,Guatemala,,,stay,3.0,2.0,yes,0,yes,no,0,0,0,0,0,0,0,0,0,0,0,0,0,0,0,0,0,0,0,0,0,0,StronglyAgree,Undecided,0,0,0,0,0,0,0,0,0,0
147,Guatemala,guatemala,,relocate,2.0,2.0,,1,yes,yes,0,0,0,0,0,0,0,0,0,0,0,0,0,0,0,0,0,0,0,0,0,0,,StronglyAgree,0,0,0,0,0,0,0,0,0,0
148,Guatemala,,,stay,1.0,2.0,yes,1,yes,yes,0,0,0,0,0,0,0,0,0,0,0,0,0,0,0,0,0,0,0,0,0,0,StronglyAgree,StronglyAgree,0,0,0,0,0,0,0,0,0,0
149,Guatemala,honduras,,stay,1.0,0.0,yes,1,,,0,0,0,0,0,0,0,0,0,0,0,0,0,0,0,0,0,0,0,0,0,0,,StronglyAgree,0,0,0,0,0,0,0,0,0,0
150,Guatemala,guatemala,,stay,3.0,2.0,,1,yes,no,0,0,0,0,0,0,0,0,0,0,0,0,0,0,0,0,0,0,0,0,0,0,,,0,0,0,0,0,0,0,0,0,0
151,Guatemala,guatemala,,stay,3.0,1.0,,1,yes,dontknow,0,0,0,0,0,0,0,0,0,0,0,0,0,0,0,0,0,0,0,0,0,0,,,0,0,0,0,0,0,0,0,0,0
152,Guatemala,guatemala,,relocate,4.0,1.0,,0,no,,0,1,0,0,0,0,0,0,0,1,0,0,0,0,0,0,0,0,0,0,0,0,Undecided,,0,0,0,0,0,0,0,0,0,0
153,Guatemala,,,stay,1.0,2.0,yes,1,yes,yes,0,0,0,0,0,0,0,0,0,0,0,0,0,0,0,0,0,0,0,0,0,0,StronglyAgree,StronglyAgree,0,0,0,0,0,0,0,0,0,0
154,Guatemala,guatemala,,relocate,2.0,2.0,,1,yes,yes,0,0,0,0,0,0,0,0,0,0,0,0,0,0,0,0,0,0,0,0,0,0,,StronglyAgree,0,0,0,0,0,0,0,0,0,0
155,Guatemala,guatemala,,relocate,3.0,1.0,,1,,,0,0,0,0,0,0,0,0,0,0,0,0,0,0,0,0,0,0,0,0,0,0,,StronglyAgree,0,0,0,0,0,0,0,0,0,0
156,Guatemala,guatemala,,stay,1.0,4.0,,1,yes,yes,0,0,0,0,0,0,0,0,0,0,0,0,0,0,0,0,0,0,0,0,0,0,,,0,0,1,0,0,0,0,0,0,0
157,Guatemala,guatemala,,relocate,2.0,0.0,,1,,,0,0,0,0,0,0,0,0,0,0,0,0,0,0,0,0,0,0,0,0,0,0,,,0,0,0,0,0,0,0,0,0,0
158,Guatemala,guatemala,,,,,,0,,,0,0,0,0,0,0,0,0,0,0,0,0,0,0,0,0,0,0,0,0,0,0,,,0,0,0,0,0,0,0,0,0,0
159,Guatemala,guatemala,,relocate,1.0,0.0,,1,,,0,0,0,0,0,0,0,0,0,0,0,0,0,0,0,0,0,0,0,0,0,0,Agree,,0,0,0,0,0,0,0,0,0,0
160,Guatemala,guatemala,,stay,1.0,0.0,,1,,,0,0,0,0,0,0,0,0,0,0,0,0,0,0,0,0,0,0,0,0,0,0,,,0,0,0,0,0,0,0,0,0,0
161,Guatemala,guatemala,,dontknow,3.0,0.0,,1,,,0,0,0,0,0,0,0,0,0,0,0,0,0,0,0,0,0,0,0,0,0,0,,,0,0,0,0,0,0,0,0,0,0
162,Guatemala,guatemala,,stay,1.0,2.0,,1,yes,no,0,0,0,0,0,0,0,0,0,0,0,0,0,0,0,0,0,0,0,0,0,0,,,0,0,0,0,0,0,0,0,0,0
163,Guatemala,guatemala,,relocate,2.0,3.0,,1,yes,no,0,0,0,0,0,0,0,0,0,0,0,0,0,0,0,0,0,0,0,0,0,0,,,0,0,0,0,0,0,0,0,0,0
164,Guatemala,guatemala,,stay,2.0,0.0,,1,,,0,0,0,0,0,0,0,0,0,0,0,0,0,0,0,0,0,0,0,0,0,0,StronglyDisagree,StronglyAgree,0,0,0,0,0,0,0,0,0,0
165,Guatemala,,,stay,1.0,1.0,yes,0,no,,0,1,0,0,0,0,0,0,0,0,0,0,0,0,0,0,0,0,0,0,0,0,StronglyAgree,StronglyAgree,0,0,0,0,0,0,0,0,0,0
166,Guatemala,salvador,,stay,1.0,0.0,yes,0,,,0,0,0,0,0,0,0,0,0,0,0,0,0,0,0,0,0,0,0,0,0,0,StronglyAgree,StronglyAgree,0,0,0,0,0,0,0,0,0,0
167,Guatemala,guatemala,,dontknow,4.0,2.0,,1,yes,yes,0,0,0,0,0,0,0,0,0,0,0,0,0,0,0,0,0,0,0,0,0,0,,,0,0,0,0,0,0,0,0,0,0
168,Guatemala,,,stay,2.0,2.0,yes,1,yes,no,0,0,0,0,0,0,0,0,0,0,0,0,0,0,0,0,0,0,0,0,0,0,StronglyAgree,StronglyAgree,0,0,0,0,0,0,0,0,0,0
169,Guatemala,,,stay,3.0,4.0,yes,0,yes,no,0,0,0,0,0,0,0,0,0,0,0,0,0,0,0,0,0,0,0,0,0,0,StronglyAgree,Agree,0,0,0,0,0,0,0,0,0,0
170,Guatemala,guatemala,,stay,2.0,1.0,,1,,,0,0,0,0,0,0,0,0,0,0,0,0,0,0,0,0,0,0,0,0,0,0,,,0,0,0,0,0,0,0,0,0,0
171,Guatemala,,,stay,1.0,0.0,yes,1,,,0,0,0,0,0,0,0,0,0,0,0,0,0,0,0,0,0,0,0,0,0,0,StronglyAgree,StronglyAgree,0,0,0,0,0,0,0,0,0,0
172,Guatemala,,,stay,2.0,0.0,yes,0,,,0,0,0,0,0,0,0,0,0,0,0,0,0,0,0,0,0,0,0,0,0,0,StronglyAgree,StronglyAgree,0,0,0,0,0,0,0,0,0,0
173,Guatemala,guatemala,,stay,2.0,1.0,,1,,,0,0,0,0,0,0,0,0,0,0,0,0,0,0,0,0,0,0,0,0,0,0,,StronglyAgree,0,0,0,0,0,0,0,0,0,0
174,Guatemala,,,stay,2.0,3.0,,1,yes,no,0,0,0,0,0,0,0,0,0,0,0,0,0,0,0,0,0,0,0,0,0,0,,,0,0,0,0,0,0,0,0,0,0
175,Guatemala,guatemala,,relocate,4.0,2.0,,1,,,0,0,0,0,0,0,0,0,0,0,0,0,0,0,0,0,0,0,0,0,0,0,Agree,,0,0,0,0,0,0,0,0,0,0
176,Guatemala,guatemala,,stay,1.0,0.0,,1,,,0,0,0,0,0,0,0,0,0,0,0,0,0,0,0,0,0,0,0,0,0,0,,Agree,0,0,0,0,0,0,0,0,0,0
177,Guatemala,,,dontknow,2.0,3.0,,1,yes,yes,0,0,0,0,0,0,0,0,0,0,0,0,0,0,0,0,0,0,0,0,0,0,,StronglyAgree,0,0,0,0,0,0,0,0,0,0
178,Guatemala,,,stay,2.0,0.0,yes,0,,,0,0,0,0,0,0,0,0,0,0,0,0,0,0,0,0,0,0,0,0,0,0,StronglyAgree,StronglyAgree,0,0,0,0,0,0,0,0,0,0
179,Guatemala,,,relocate,5.0,2.0,yes,1,,,0,0,0,0,0,0,0,0,0,0,0,0,0,0,0,0,0,0,0,0,0,0,,StronglyAgree,0,0,0,0,0,0,0,0,0,0
180,Guatemala,guatemala,,relocate,1.0,0.0,,1,,,0,0,0,0,0,0,0,0,0,0,0,0,0,0,0,0,0,0,0,0,0,0,,StronglyDisagree,0,0,0,0,0,0,0,0,0,0
181,Guatemala,guatemala,,relocate,2.0,0.0,,1,,,0,0,0,0,0,0,0,0,0,0,0,0,0,0,0,0,0,0,0,0,0,0,,,0,0,0,0,0,0,0,0,0,0
182,Guatemala,guatemala,,relocate,4.0,5.0,,1,no,,0,1,0,0,0,0,0,0,0,0,0,0,0,0,0,0,0,0,0,0,0,0,,,0,0,0,0,0,0,0,0,0,0
183,Guatemala,guatemala,,stay,1.0,3.0,,1,yes,no,0,0,0,0,0,0,0,0,0,0,0,0,0,0,0,0,0,0,0,0,0,0,Agree,,0,0,0,0,0,0,0,0,0,0
184,Guatemala,guatemala,,relocate,1.0,2.0,,1,yes,yes,0,0,0,0,0,0,0,0,0,0,0,0,0,0,0,0,0,0,0,0,0,0,,,0,0,0,0,0,0,0,0,0,0
185,Guatemala,guatemala,,stay,3.0,0.0,,1,,,0,0,0,0,0,0,0,0,0,0,0,0,0,0,0,0,0,0,0,0,0,0,,,0,0,0,0,0,0,0,0,0,0
186,Guatemala,guatemala,,stay,2.0,2.0,,1,yes,yes,0,0,0,0,0,0,0,0,0,0,0,0,0,0,0,0,0,0,0,0,0,0,,,0,0,0,0,0,0,0,0,0,0
187,Guatemala,guatemala,,stay,3.0,2.0,,1,no,,0,1,0,0,0,0,0,0,0,0,0,0,0,0,0,0,0,0,0,0,0,0,StronglyAgree,,0,0,0,0,0,0,0,0,0,0
188,Guatemala,salvador,,stay,1.0,0.0,yes,0,,,0,0,0,0,0,0,0,0,0,0,0,0,0,0,0,0,0,0,0,0,0,0,,StronglyAgree,0,0,0,0,0,0,0,0,0,0
189,Guatemala,guatemala,,stay,2.0,0.0,,1,,,0,0,0,0,0,0,0,0,0,0,0,0,0,0,0,0,0,0,0,0,0,0,StronglyAgree,,0,0,0,0,0,0,0,0,0,0
190,Guatemala,guatemala,,relocate,3.0,3.0,,1,yes,no,0,0,0,0,0,0,0,0,0,0,0,0,0,0,0,0,0,0,0,0,0,0,,,0,0,0,0,0,0,0,0,0,0
191,Guatemala,guatemala,,stay,2.0,2.0,,1,yes,yes,0,0,0,0,0,0,0,0,0,0,0,0,0,0,0,0,0,0,0,0,0,0,,,0,0,0,0,0,0,0,0,0,0
192,Guatemala,,,stay,1.0,3.0,yes,0,no,,0,1,0,0,0,0,0,0,0,0,0,0,0,0,0,0,0,0,1,0,0,0,StronglyAgree,StronglyAgree,0,0,0,0,0,0,0,0,0,0
193,Guatemala,,,stay,1.0,0.0,,1,,,0,0,0,0,0,0,0,0,0,0,0,0,0,0,0,0,0,0,0,0,0,0,,Agree,0,0,1,0,0,0,0,0,0,0
194,Guatemala,guatemala,,relocate,4.0,3.0,,1,yes,no,0,0,0,0,0,0,0,0,0,0,0,0,0,0,0,0,0,0,0,0,0,0,,StronglyAgree,0,0,1,1,0,0,0,1,0,0
195,Guatemala,guatemala,,relocate,2.0,2.0,,1,yes,yes,0,0,0,0,0,0,0,0,0,0,0,0,0,0,0,0,0,0,0,0,0,0,Agree,,0,0,0,0,0,0,0,0,0,0
196,Guatemala,guatemala,,,,,,0,,,0,0,0,0,0,0,0,0,0,0,0,0,0,0,0,0,0,0,0,0,0,0,,,0,0,0,0,0,0,0,0,0,0
197,Guatemala,guatemala,,stay,3.0,2.0,,1,yes,no,0,0,0,0,0,0,0,0,0,0,0,0,0,0,0,0,0,0,0,0,0,0,,,0,0,0,0,0,0,0,0,0,0
198,Guatemala,guatemala,,dontknow,2.0,2.0,,1,yes,no,0,0,0,0,0,0,0,0,0,0,0,0,0,0,0,0,0,0,0,0,0,0,Agree,StronglyAgree,0,0,0,0,0,0,0,0,0,0
199,Guatemala,guatemala,,relocate,1.0,0.0,,1,,,0,0,0,0,0,0,0,0,0,0,0,0,0,0,0,0,0,0,0,0,0,0,,,0,0,0,0,0,0,0,0,0,0
200,Guatemala,guatemala,,stay,2.0,1.0,,1,yes,yes,0,0,0,0,0,0,0,0,0,0,0,0,0,0,0,0,0,0,0,0,0,0,,,0,0,0,0,0,0,0,0,0,0
201,Guatemala,guatemala,,,,,,0,,,0,0,0,0,0,0,0,0,0,0,0,0,0,0,0,0,0,0,0,0,0,0,,,0,0,0,0,0,0,0,0,0,0
202,Guatemala,guatemala,,relocate,1.0,2.0,,1,yes,no,0,0,0,0,0,0,0,0,0,0,0,0,0,0,0,0,0,0,0,0,0,0,,,0,0,0,0,0,0,0,0,0,0
203,Guatemala,guatemala,,stay,1.0,0.0,,1,,,0,0,0,0,0,0,0,0,0,0,0,0,0,0,0,0,0,0,0,0,0,0,,StronglyAgree,1,0,0,0,0,0,0,0,0,0
204,Guatemala,colombia,,stay,1.0,0.0,yes,1,,,0,0,0,0,0,0,0,0,0,0,0,0,0,0,0,0,0,0,0,0,0,0,,Agree,0,0,0,0,0,0,0,0,0,0
205,Guatemala,salvador,,stay,1.0,0.0,yes,1,,,0,0,0,0,0,0,0,0,0,0,0,0,0,0,0,0,0,0,0,0,0,0,StronglyAgree,StronglyAgree,0,0,0,0,0,0,0,0,0,0
206,Guatemala,guatemala,,relocate,2.0,1.0,,1,,,0,0,0,0,0,0,0,0,0,0,0,0,0,0,0,0,0,0,0,0,0,0,,,0,0,0,0,0,0,0,0,0,0
207,Guatemala,,,stay,3.0,2.0,yes,1,yes,no,0,0,0,0,0,0,0,0,0,0,0,0,0,0,0,0,0,0,0,0,0,0,StronglyAgree,StronglyAgree,0,0,0,0,0,0,0,0,0,0
208,Guatemala,honduras,,stay,1.0,0.0,yes,0,,,0,0,0,0,0,0,0,0,0,0,0,0,0,0,0,0,0,0,0,0,0,0,,StronglyAgree,0,0,0,0,0,0,0,0,0,0
209,Guatemala,salvador,,stay,2.0,1.0,yes,1,no,,1,1,0,0,0,0,0,0,0,0,0,0,0,0,0,0,1,0,0,0,0,0,,StronglyAgree,0,0,0,0,0,1,0,0,0,0
210,Guatemala,guatemala,,stay,1.0,0.0,,1,,,0,0,0,0,0,0,0,0,0,0,0,0,0,0,0,0,0,0,0,0,0,0,,Agree,0,0,1,0,0,0,0,0,0,0
211,Guatemala,,,stay,2.0,0.0,yes,1,,,0,0,0,0,0,0,0,0,0,0,0,0,0,0,0,0,0,0,0,0,0,0,StronglyAgree,StronglyAgree,0,0,0,0,0,0,0,0,0,0
212,Guatemala,guatemala,,relocate,2.0,4.0,,1,yes,yes,0,0,0,0,0,0,0,0,0,0,0,0,0,0,0,0,0,0,0,0,0,0,,,0,0,0,0,0,0,0,0,0,0
213,Guatemala,,,stay,2.0,0.0,yes,1,,,0,0,0,0,0,0,0,0,0,0,0,0,0,0,0,0,0,0,0,0,0,0,StronglyAgree,StronglyAgree,0,0,0,0,0,0,0,0,0,0
214,Guatemala,,,stay,1.0,0.0,yes,0,,,0,0,0,0,0,0,0,0,0,0,0,0,0,0,0,0,0,0,0,0,0,0,,StronglyAgree,1,0,1,0,0,1,0,0,0,0
215,Guatemala,guatemala,,dontknow,2.0,2.0,,1,yes,no,0,0,0,0,0,0,0,0,0,0,0,0,0,0,0,0,0,0,0,0,0,0,,,0,0,0,0,0,0,0,0,0,0
216,Guatemala,guatemala,,stay,2.0,2.0,,1,yes,no,0,0,0,0,0,0,0,0,0,0,0,0,0,0,0,0,0,0,0,0,0,0,,,0,0,0,0,0,0,0,0,0,0
217,Guatemala,,,stay,2.0,2.0,yes,1,yes,no,0,0,0,0,0,0,0,0,0,0,0,0,0,0,0,0,0,0,0,0,0,0,StronglyAgree,StronglyAgree,0,0,0,0,0,0,0,0,0,0
218,Guatemala,guatemala,,stay,8.0,1.0,,1,yes,no,0,0,0,0,0,0,0,0,0,0,0,0,0,0,0,0,0,0,0,0,0,0,,,0,0,0,0,0,0,0,0,0,0
219,Guatemala,guatemala,,dontknow,3.0,1.0,,1,yes,no,0,0,0,0,0,0,0,0,0,0,0,0,0,0,0,0,0,0,0,0,0,0,,,0,0,0,0,0,0,0,0,0,0
220,Guatemala,guatemala,,dontknow,1.0,0.0,,1,,,0,0,0,0,0,0,0,0,0,0,0,0,0,0,0,0,0,0,0,0,0,0,,Undecided,0,0,0,0,0,0,0,0,0,0
221,Guatemala,guatemala,,relocate,3.0,1.0,,1,no,,0,1,0,0,0,0,0,0,0,0,0,0,0,0,0,0,0,0,0,0,0,0,Agree,StronglyAgree,0,0,0,0,0,0,0,0,0,0
222,Guatemala,guatemala,,stay,2.0,2.0,,1,yes,no,0,0,0,0,0,0,0,0,0,0,0,0,0,0,0,0,0,0,0,0,0,0,,,0,0,0,0,0,0,0,0,0,0
223,Guatemala,,,stay,3.0,1.0,,1,yes,no,0,0,0,0,0,0,0,0,0,0,0,0,0,0,0,0,0,0,0,0,0,0,,,0,0,0,0,0,0,0,0,0,0
224,Guatemala,guatemala,,stay,2.0,2.0,,1,yes,no,0,0,0,0,0,0,0,0,0,0,0,0,0,0,0,0,0,0,0,0,0,0,Agree,Undecided,0,0,0,0,0,0,0,0,0,0
225,Guatemala,honduras,,stay,1.0,0.0,yes,0,,,0,0,0,0,0,0,0,0,0,0,0,0,0,0,0,0,0,0,0,0,0,0,,StronglyAgree,0,0,0,0,0,0,0,0,0,0
226,Guatemala,guatemala,,relocate,2.0,1.0,,1,,,0,0,0,0,0,0,0,0,0,0,0,0,0,0,0,0,0,0,0,0,0,0,,StronglyAgree,0,0,0,0,0,0,0,0,0,0
227,Guatemala,guatemala,,stay,2.0,2.0,,1,yes,no,0,0,0,0,0,0,0,0,0,0,0,0,0,0,0,0,0,0,0,0,0,0,,,0,0,0,0,0,0,0,0,0,0
228,Guatemala,,,relocate,3.0,4.0,,1,yes,no,0,0,0,0,0,0,0,0,0,0,0,0,0,0,0,0,0,0,0,0,0,0,,StronglyAgree,0,0,0,0,0,0,0,0,0,0
229,Guatemala,guatemala,,,,,,0,,,0,0,0,0,0,0,0,0,0,0,0,0,0,0,0,0,0,0,0,0,0,0,,,0,0,0,0,0,0,0,0,0,0
230,Guatemala,guatemala,,stay,3.0,0.0,,1,,,0,0,0,0,0,0,0,0,0,0,0,0,0,0,0,0,0,0,0,0,0,0,,StronglyAgree,0,0,0,0,0,0,0,0,0,0
231,Guatemala,guatemala,,stay,2.0,3.0,,1,yes,no,0,0,0,0,0,0,0,0,0,0,0,0,0,0,0,0,0,0,0,0,0,0,,,0,0,0,0,0,0,0,0,0,0
232,Guatemala,,,stay,2.0,2.0,yes,1,yes,no,0,0,0,0,0,0,0,0,0,0,0,0,0,0,0,0,0,0,0,0,0,0,StronglyAgree,StronglyAgree,0,0,0,0,0,0,0,0,0,0
233,Guatemala,guatemala,,stay,4.0,0.0,,1,,,0,0,0,0,0,0,0,0,0,0,0,0,0,0,0,0,0,0,0,0,0,0,,,0,0,0,0,0,0,0,0,0,0
234,Guatemala,guatemala,,stay,1.0,0.0,,1,,,0,0,0,0,0,0,0,0,0,0,0,0,0,0,0,0,0,0,0,0,0,0,StronglyAgree,,0,0,0,0,0,0,0,0,0,0
235,Guatemala,guatemala,,stay,2.0,1.0,,1,,,0,0,0,0,0,0,0,0,0,0,0,0,0,0,0,0,0,0,0,0,0,0,,Agree,0,0,0,0,0,0,0,0,0,0
236,Guatemala,guatemala,,stay,2.0,0.0,,1,,,0,0,0,0,0,0,0,0,0,0,0,0,0,0,0,0,0,0,0,0,0,0,,,0,0,0,0,0,0,0,0,0,0
237,Guatemala,guatemala,,relocate,2.0,1.0,,1,,,0,0,0,0,0,0,0,0,0,0,0,0,0,0,0,0,0,0,0,0,0,0,StronglyAgree,,0,0,0,0,0,0,0,0,0,0
238,Guatemala,honduras,,stay,1.0,0.0,yes,1,,,0,0,0,0,0,0,0,0,0,0,0,0,0,0,0,0,0,0,0,0,0,0,,StronglyAgree,0,0,0,0,0,0,0,0,0,0
239,Guatemala,guatemala,,stay,2.0,1.0,,1,yes,no,0,0,0,0,0,0,0,0,0,0,0,0,0,0,0,0,0,0,0,0,0,0,,,0,0,0,0,0,0,0,0,0,0
240,Guatemala,,,relocate,2.0,0.0,yes,0,,,0,0,0,0,0,0,0,0,0,0,0,0,0,0,0,0,0,0,0,0,0,0,,StronglyAgree,0,0,0,0,0,0,0,0,0,0
241,Guatemala,,,stay,3.0,5.0,,1,yes,no,0,0,0,0,0,0,0,0,0,0,0,0,0,0,0,0,0,0,0,0,0,0,,,0,0,0,0,0,0,0,0,0,0
242,Guatemala,,,stay,2.0,2.0,yes,1,no,,1,1,0,0,0,0,0,0,0,0,0,0,0,0,0,0,0,0,1,0,0,0,StronglyDisagree,StronglyAgree,0,0,0,0,0,0,0,0,1,0
243,Guatemala,honduras,,stay,1.0,0.0,,1,,,0,0,0,0,0,0,0,0,0,0,0,0,0,0,0,0,0,0,0,0,0,0,,,0,0,0,0,0,0,0,0,0,0
244,Guatemala,,,stay,1.0,0.0,,1,,,0,0,0,0,0,0,0,0,0,0,0,0,0,0,0,0,0,0,0,0,0,0,,,0,0,0,0,0,0,0,0,0,0
245,Guatemala,,,stay,2.0,1.0,yes,0,yes,yes,0,0,0,0,0,0,0,0,0,0,0,0,0,0,0,0,0,0,0,0,0,0,StronglyAgree,StronglyAgree,0,0,0,0,0,0,0,0,0,0
246,Guatemala,honduras,,stay,2.0,1.0,,0,,,0,0,0,0,0,0,0,0,0,0,0,0,0,0,0,0,0,0,0,0,0,0,,,0,0,0,0,0,0,0,0,0,0
247,Guatemala,,,stay,3.0,4.0,yes,0,no,,1,1,0,0,0,0,0,0,0,0,0,0,0,0,0,0,0,0,1,0,0,0,,StronglyAgree,0,0,0,0,0,0,0,0,0,1
248,Guatemala,guatemala,,stay,3.0,0.0,,1,,,0,0,0,0,0,0,0,0,0,0,0,0,0,0,0,0,0,0,0,0,0,0,,,0,0,1,1,0,0,0,0,0,0
249,Guatemala,colombia,,stay,1.0,0.0,,0,,,0,0,0,0,0,0,0,0,0,0,0,0,0,0,0,0,0,0,0,0,0,0,,,0,0,0,0,0,0,0,0,0,0
250,Guatemala,guatemala,,relocate,1.0,0.0,,1,,,0,0,0,0,0,0,0,0,0,0,0,0,0,0,0,0,0,0,0,0,0,0,Agree,,0,0,0,0,0,0,0,0,0,0
251,Guatemala,guatemala,,dontknow,1.0,1.0,,1,yes,yes,0,0,0,0,0,0,0,0,0,0,0,0,0,0,0,0,0,0,0,0,0,0,Undecided,Agree,0,0,0,0,0,0,0,0,0,0
252,Guatemala,guatemala,,relocate,4.0,2.0,,1,,,0,0,0,0,0,0,0,0,0,0,0,0,0,0,0,0,0,0,0,0,0,0,,,0,0,0,0,0,0,0,0,0,0
253,Guatemala,guatemala,,dontknow,3.0,1.0,,1,,,0,0,0,0,0,0,0,0,0,0,0,0,0,0,0,0,0,0,0,0,0,0,,,0,0,0,0,0,0,0,0,0,0
254,Guatemala,honduras,,stay,1.0,0.0,yes,0,,,0,0,0,0,0,0,0,0,0,0,0,0,0,0,0,0,0,0,0,0,0,0,StronglyAgree,StronglyAgree,0,0,0,0,0,0,0,0,0,0
255,Guatemala,guatemala,,stay,4.0,1.0,,1,yes,yes,0,0,0,0,0,0,0,0,0,0,0,0,0,0,0,0,0,0,0,0,0,0,,StronglyAgree,0,0,0,0,0,0,0,0,0,0
256,Guatemala,,,stay,2.0,0.0,,1,,,0,0,0,0,0,0,0,0,0,0,0,0,0,0,0,0,0,0,0,0,0,0,,,0,0,0,0,0,0,0,0,0,0
257,Guatemala,guatemala,,relocate,1.0,2.0,,1,yes,yes,0,0,0,0,0,0,0,0,0,0,0,0,0,0,0,0,0,0,0,0,0,0,,Agree,0,0,0,0,0,0,0,0,0,0
258,Guatemala,guatemala,,relocate,1.0,1.0,,1,,,0,0,0,0,0,0,0,0,0,0,0,0,0,0,0,0,0,0,0,0,0,0,Agree,StronglyAgree,0,0,0,0,0,0,0,0,0,0
259,Guatemala,,,stay,1.0,0.0,,1,,,0,0,0,0,0,0,0,0,0,0,0,0,0,0,0,0,0,0,0,0,0,0,,,0,0,0,0,0,0,0,0,0,0
260,Guatemala,guatemala,,dontknow,1.0,3.0,,1,no,,0,1,0,0,0,0,0,0,0,0,0,0,1,0,0,0,0,0,0,0,0,0,Agree,StronglyAgree,0,0,0,0,0,0,0,0,0,0
261,Guatemala,guatemala,,relocate,1.0,2.0,,1,yes,no,0,0,0,0,0,0,0,0,0,0,0,0,0,0,0,0,0,0,0,0,0,0,,,0,0,0,0,0,0,0,0,0,0
262,Guatemala,guatemala,,relocate,2.0,3.0,,1,yes,yes,0,0,0,0,0,0,0,0,0,0,0,0,0,0,0,0,0,0,0,0,0,0,Disagree,,0,0,0,0,0,0,0,0,1,1
263,Guatemala,,,stay,2.0,2.0,yes,0,yes,no,0,0,0,0,0,0,0,0,0,0,0,0,0,0,0,0,0,0,0,0,0,0,StronglyAgree,StronglyAgree,0,0,0,0,0,0,0,0,0,0
264,Guatemala,,,stay,1.0,0.0,yes,1,,,0,0,0,0,0,0,0,0,0,0,0,0,0,0,0,0,0,0,0,0,0,0,,StronglyAgree,0,0,0,0,0,0,0,0,0,0
265,Guatemala,,,stay,1.0,0.0,yes,1,,,0,0,0,0,0,0,0,0,0,0,0,0,0,0,0,0,0,0,0,0,0,0,,StronglyAgree,0,0,1,0,0,0,0,0,0,0
266,Guatemala,guatemala,,dontknow,2.0,2.0,,1,yes,yes,0,0,0,0,0,0,0,0,0,0,0,0,0,0,0,0,0,0,0,0,0,0,,,0,0,0,0,0,0,0,0,0,0
267,Guatemala,guatemala,,stay,2.0,2.0,,0,yes,yes,0,0,0,0,0,0,0,0,0,0,0,0,0,0,0,0,0,0,0,0,0,0,,,0,0,0,0,0,0,0,0,0,0
268,Guatemala,guatemala,,stay,3.0,1.0,,1,yes,no,0,0,0,0,0,0,0,0,0,0,0,0,0,0,0,0,0,0,0,0,0,0,,,0,0,0,0,0,0,0,0,0,0
269,Guatemala,honduras,,stay,1.0,0.0,,1,,,0,0,0,0,0,0,0,0,0,0,0,0,0,0,0,0,0,0,0,0,0,0,,,0,0,0,0,0,0,0,0,0,0
270,Guatemala,guatemala,,stay,3.0,0.0,,1,,,0,0,0,0,0,0,0,0,0,0,0,0,0,0,0,0,0,0,0,0,0,0,StronglyAgree,StronglyAgree,0,0,0,0,0,0,0,0,0,0
271,Guatemala,guatemala,,relocate,2.0,1.0,,1,,,0,0,0,0,0,0,0,0,0,0,0,0,0,0,0,0,0,0,0,0,0,0,,,0,0,0,0,0,0,0,0,0,0
272,Guatemala,guatemala,,stay,1.0,3.0,,0,yes,yes,0,0,0,0,0,0,0,0,0,0,0,0,0,0,0,0,0,0,0,0,0,0,,StronglyAgree,0,0,0,0,0,0,0,0,0,0
273,Guatemala,honduras,,stay,1.0,0.0,yes,0,,,0,0,0,0,0,0,0,0,0,0,0,0,0,0,0,0,0,0,0,0,0,0,,StronglyAgree,0,0,0,0,0,0,0,0,0,0
274,Guatemala,guatemala,,relocate,7.0,4.0,,1,yes,yes,0,0,0,0,0,0,0,0,0,0,0,0,0,0,0,0,0,0,0,0,0,0,StronglyAgree,Agree,0,0,0,0,0,0,0,0,0,0
275,Guatemala,salvador,,stay,2.0,1.0,,1,no,,0,0,0,0,0,0,0,0,0,0,0,0,0,0,0,0,0,0,1,0,0,0,,,0,0,0,0,0,0,0,0,0,0
276,Guatemala,guatemala,,relocate,1.0,1.0,,1,yes,no,0,0,0,0,0,0,0,0,0,0,0,0,0,0,0,0,0,0,0,0,0,0,,StronglyAgree,0,0,0,0,0,0,0,0,0,0
277,Guatemala,,,stay,1.0,2.0,yes,0,yes,no,0,0,0,0,0,0,0,0,0,0,0,0,0,0,0,0,0,0,0,0,0,0,StronglyAgree,StronglyAgree,0,0,0,0,0,0,0,0,0,0
278,Guatemala,guatemala,,stay,2.0,1.0,,1,yes,yes,0,0,0,0,0,0,0,0,0,0,0,0,0,0,0,0,0,0,0,0,0,0,,,0,0,0,0,0,0,0,0,0,0
279,Guatemala,guatemala,,relocate,2.0,1.0,,1,yes,yes,0,0,0,0,0,0,0,0,0,0,0,0,0,0,0,0,0,0,0,0,0,0,,,0,0,0,0,0,0,0,0,0,0
280,Guatemala,,,relocate,1.0,0.0,yes,0,,,0,0,0,0,0,0,0,0,0,0,0,0,0,0,0,0,0,0,0,0,0,0,StronglyAgree,StronglyAgree,0,0,0,0,0,0,0,0,0,0
281,Guatemala,,,stay,3.0,2.0,yes,1,yes,no,0,0,0,0,0,0,0,0,0,0,0,0,0,0,0,0,0,0,0,0,0,0,StronglyAgree,StronglyAgree,0,0,0,0,0,0,0,0,0,0
282,Guatemala,guatemala,,stay,3.0,3.0,,1,no,,0,0,0,0,0,0,0,0,0,0,0,0,0,0,0,0,0,0,0,0,0,0,StronglyAgree,Agree,0,0,0,0,0,0,0,0,0,0
283,Guatemala,,,stay,1.0,2.0,yes,1,yes,no,0,0,0,0,0,0,0,0,0,0,0,0,0,0,0,0,0,0,0,0,0,0,StronglyAgree,Disagree,0,0,0,0,0,0,0,0,0,0
284,Guatemala,,,stay,1.0,2.0,yes,0,no,,1,1,0,0,0,0,0,0,0,0,0,0,0,0,0,0,0,0,0,0,0,0,,StronglyAgree,0,0,0,0,0,0,0,0,0,0
285,Guatemala,honduras,,stay,1.0,0.0,yes,1,,,0,0,0,0,0,0,0,0,0,0,0,0,0,0,0,0,0,0,0,0,0,0,StronglyAgree,StronglyAgree,0,0,0,0,0,0,0,0,0,0
286,Guatemala,guatemala,,,,,,0,,,0,0,0,0,0,0,0,0,0,0,0,0,0,0,0,0,0,0,0,0,0,0,,,0,0,0,0,0,0,0,0,0,0
287,Guatemala,guatemala,,relocate,1.0,2.0,,1,yes,no,0,0,0,0,0,0,0,0,0,0,0,0,0,0,0,0,0,0,0,0,0,0,,,0,0,0,0,0,0,0,0,0,0
288,Guatemala,,,stay,1.0,5.0,yes,1,no,,1,0,0,0,0,0,0,0,0,0,0,1,0,0,0,0,0,0,0,0,0,0,StronglyAgree,StronglyAgree,0,0,0,0,0,0,0,0,0,0
289,Guatemala,guatemala,,relocate,2.0,0.0,,1,,,0,0,0,0,0,0,0,0,0,0,0,0,0,0,0,0,0,0,0,0,0,0,StronglyAgree,,0,0,0,0,0,0,0,0,0,0
290,Guatemala,,,stay,2.0,3.0,yes,0,yes,no,0,0,0,0,0,0,0,0,0,0,0,0,0,0,0,0,0,0,0,0,0,0,StronglyAgree,StronglyAgree,0,0,0,0,0,0,0,0,0,0
291,Guatemala,,,stay,2.0,2.0,,0,yes,no,0,0,0,0,0,0,0,0,0,0,0,0,0,0,0,0,0,0,0,0,0,0,,,0,0,0,0,0,0,0,0,0,0
292,Guatemala,guatemala,,stay,2.0,2.0,,1,yes,yes,0,0,0,0,0,0,0,0,0,0,0,0,0,0,0,0,0,0,0,0,0,0,,,0,0,0,0,0,0,0,0,0,0
293,Guatemala,guatemala,,,,,,0,,,0,0,0,0,0,0,0,0,0,0,0,0,0,0,0,0,0,0,0,0,0,0,,,0,0,0,0,0,0,0,0,0,0
294,Guatemala,guatemala,,stay,2.0,0.0,,1,,,0,0,0,0,0,0,0,0,0,0,0,0,0,0,0,0,0,0,0,0,0,0,,,0,0,0,0,0,0,0,0,0,0
295,Guatemala,guatemala,,stay,3.0,0.0,,1,,,0,0,0,0,0,0,0,0,0,0,0,0,0,0,0,0,0,0,0,0,0,0,,,0,0,0,0,0,0,0,0,0,0
296,Guatemala,guatemala,,dontknow,2.0,3.0,,1,yes,yes,0,0,0,0,0,0,0,0,0,0,0,0,0,0,0,0,0,0,0,0,0,0,,Agree,0,0,0,0,0,0,0,0,0,0
297,Guatemala,guatemala,,relocate,5.0,0.0,,1,,,0,0,0,0,0,0,0,0,0,0,0,0,0,0,0,0,0,0,0,0,0,0,,,0,0,0,0,0,0,0,0,0,0
298,Guatemala,guatemala,,stay,1.0,4.0,,1,no,,0,0,0,0,0,0,0,0,1,0,0,0,1,0,0,0,0,0,0,0,0,0,,StronglyAgree,0,0,0,0,0,0,0,0,0,0
299,Guatemala,guatemala,,relocate,4.0,0.0,,1,,,0,0,0,0,0,0,0,0,0,0,0,0,0,0,0,0,0,0,0,0,0,0,,,0,0,0,0,0,0,0,0,0,0
300,Guatemala,guatemala,,relocate,2.0,0.0,,1,,,0,0,0,0,0,0,0,0,0,0,0,0,0,0,0,0,0,0,0,0,0,0,,,0,0,0,0,0,0,0,0,0,0
301,Guatemala,guatemala,,relocate,1.0,4.0,,1,yes,no,0,0,0,0,0,0,0,0,0,0,0,0,0,0,0,0,0,0,0,0,0,0,,StronglyAgree,0,0,1,0,0,1,0,0,0,0
302,Guatemala,honduras,,stay,1.0,0.0,yes,1,,,0,0,0,0,0,0,0,0,0,0,0,0,0,0,0,0,0,0,0,0,0,0,,StronglyAgree,0,0,0,0,0,0,0,0,0,0
303,Guatemala,guatemala,,dontknow,5.0,0.0,,1,,,0,0,0,0,0,0,0,0,0,0,0,0,0,0,0,0,0,0,0,0,0,0,,StronglyAgree,0,0,0,0,0,0,0,0,0,0
304,Guatemala,guatemala,,relocate,2.0,3.0,,1,yes,yes,0,0,0,0,0,0,0,0,0,0,0,0,0,0,0,0,0,0,0,0,0,0,StronglyAgree,,0,0,0,0,0,0,0,0,0,0
305,Guatemala,guatemala,,dontknow,2.0,0.0,,1,,,0,0,0,0,0,0,0,0,0,0,0,0,0,0,0,0,0,0,0,0,0,0,Agree,StronglyAgree,0,0,0,0,0,0,0,0,0,0
306,Guatemala,honduras,,stay,1.0,0.0,yes,1,,,0,0,0,0,0,0,0,0,0,0,0,0,0,0,0,0,0,0,0,0,0,0,StronglyAgree,StronglyAgree,0,0,0,0,0,0,0,0,0,0
307,Guatemala,guatemala,,stay,4.0,1.0,,1,yes,yes,0,0,0,0,0,0,0,0,0,0,0,0,0,0,0,0,0,0,0,0,0,0,Agree,,0,0,0,0,0,0,0,0,0,0
308,Guatemala,guatemala,,relocate,3.0,0.0,,1,,,0,0,0,0,0,0,0,0,0,0,0,0,0,0,0,0,0,0,0,0,0,0,Agree,,0,1,0,0,0,0,0,0,0,0
309,Guatemala,guatemala,,stay,6.0,1.0,,1,yes,yes,0,0,0,0,0,0,0,0,0,0,0,0,0,0,0,0,0,0,0,0,0,0,,,0,0,0,0,0,0,0,0,0,0
310,Guatemala,,,stay,1.0,1.0,yes,1,,,0,0,0,0,0,0,0,0,0,0,0,0,0,0,0,0,0,0,0,0,0,0,,StronglyAgree,0,0,0,0,0,0,1,0,0,0
311,Guatemala,guatemala,,relocate,3.0,2.0,,1,yes,yes,0,0,0,0,0,0,0,0,0,0,0,0,0,0,0,0,0,0,0,0,0,0,StronglyAgree,,0,0,0,0,0,0,0,0,0,0
312,Guatemala,guatemala,,stay,1.0,3.0,,1,yes,yes,0,0,0,0,0,0,0,0,0,0,0,0,0,0,0,0,0,0,0,0,0,0,,,0,0,0,0,0,0,0,0,0,0
313,Guatemala,guatemala,,relocate,1.0,0.0,,1,,,0,0,0,0,0,0,0,0,0,0,0,0,0,0,0,0,0,0,0,0,0,0,,StronglyAgree,0,0,0,0,0,0,0,0,0,0
314,Guatemala,,,stay,1.0,0.0,yes,1,,,0,0,0,0,0,0,0,0,0,0,0,0,0,0,0,0,0,0,0,0,0,0,,StronglyAgree,0,0,1,0,0,0,0,1,0,0
315,Guatemala,honduras,,stay,2.0,0.0,yes,1,,,0,0,0,0,0,0,0,0,0,0,0,0,0,0,0,0,0,0,0,0,0,0,StronglyAgree,StronglyAgree,0,0,0,0,0,0,0,0,0,0
316,Guatemala,honduras,,stay,1.0,0.0,yes,0,,,0,0,0,0,0,0,0,0,0,0,0,0,0,0,0,0,0,0,0,0,0,0,StronglyAgree,StronglyAgree,0,0,0,0,0,0,0,0,0,0
317,Guatemala,guatemala,,relocate,2.0,1.0,,0,yes,yes,0,0,0,0,0,0,0,0,0,0,0,0,0,0,0,0,0,0,0,0,0,0,StronglyAgree,,0,0,0,0,0,0,0,0,0,0
318,Guatemala,salvador,,stay,1.0,0.0,yes,0,,,0,0,0,0,0,0,0,0,0,0,0,0,0,0,0,0,0,0,0,0,0,0,,StronglyAgree,0,0,1,0,0,0,0,0,0,0
319,Guatemala,guatemala,,dontknow,1.0,0.0,,1,,,0,0,0,0,0,0,0,0,0,0,0,0,0,0,0,0,0,0,0,0,0,0,,,0,0,0,0,0,0,0,0,0,0
320,Guatemala,guatemala,,dontknow,1.0,0.0,,1,,,0,0,0,0,0,0,0,0,0,0,0,0,0,0,0,0,0,0,0,0,0,0,,,0,0,0,0,0,0,0,0,0,0
321,Guatemala,guatemala,,relocate,2.0,2.0,,1,yes,yes,0,0,0,0,0,0,0,0,0,0,0,0,0,0,0,0,0,0,0,0,0,0,Agree,StronglyAgree,0,0,0,0,0,0,0,0,0,0
322,Guatemala,guatemala,,stay,1.0,0.0,,1,,,0,0,0,0,0,0,0,0,0,0,0,0,0,0,0,0,0,0,0,0,0,0,,,0,0,0,0,0,0,0,0,0,0
323,Guatemala,guatemala,,stay,4.0,2.0,,1,yes,yes,0,0,0,0,0,0,0,0,0,0,0,0,0,0,0,0,0,0,0,0,0,0,,,0,0,0,0,0,0,0,0,0,0
324,Guatemala,guatemala,,stay,2.0,2.0,,1,yes,yes,0,0,0,0,0,0,0,0,0,0,0,0,0,0,0,0,0,0,0,0,0,0,,StronglyAgree,0,0,0,0,0,0,0,0,0,0
325,Guatemala,salvador,,stay,1.0,0.0,,1,,,0,0,0,0,0,0,0,0,0,0,0,0,0,0,0,0,0,0,0,0,0,0,,,0,0,0,0,0,0,0,0,0,0
326,Guatemala,honduras,,stay,2.0,1.0,,0,,,0,0,0,0,0,0,0,0,0,0,0,0,0,0,0,0,0,0,0,0,0,0,,,0,0,0,0,0,0,0,0,0,0
327,Guatemala,salvador,,stay,1.0,0.0,yes,0,,,0,0,0,0,0,0,0,0,0,0,0,0,0,0,0,0,0,0,0,0,0,0,,StronglyAgree,0,0,0,0,0,1,0,0,0,0
328,Guatemala,,,stay,1.0,3.0,yes,1,yes,no,0,0,0,0,0,0,0,0,0,0,0,0,0,0,0,0,0,0,0,0,0,0,StronglyAgree,StronglyAgree,0,0,0,0,0,0,0,0,0,0
329,Guatemala,,,stay,2.0,0.0,yes,1,,,0,0,0,0,0,0,0,0,0,0,0,0,0,0,0,0,0,0,0,0,0,0,,StronglyAgree,0,0,0,0,0,0,0,0,0,0
330,Guatemala,guatemala,,,,,,0,,,0,0,0,0,0,0,0,0,0,0,0,0,0,0,0,0,0,0,0,0,0,0,,,0,0,0,0,0,0,0,0,0,0
331,Guatemala,,,stay,2.0,0.0,yes,1,,,0,0,0,0,0,0,0,0,0,0,0,0,0,0,0,0,0,0,0,0,0,0,,StronglyAgree,0,0,0,0,0,0,0,0,0,0
332,Guatemala,guatemala,,relocate,2.0,2.0,,1,yes,no,0,0,0,0,0,0,0,0,0,0,0,0,0,0,0,0,0,0,0,0,0,0,,,0,0,0,0,0,0,0,0,0,0
333,Guatemala,guatemala,,stay,2.0,3.0,,1,yes,yes,0,0,0,0,0,0,0,0,0,0,0,0,0,0,0,0,0,0,0,0,0,0,,,0,0,0,0,0,0,0,0,0,0
334,Guatemala,guatemala,,stay,2.0,0.0,,1,,,0,0,0,0,0,0,0,0,0,0,0,0,0,0,0,0,0,0,0,0,0,0,,,0,0,0,0,0,0,0,0,0,0
335,Guatemala,guatemala,,stay,1.0,0.0,,1,,,0,0,0,0,0,0,0,0,0,0,0,0,0,0,0,0,0,0,0,0,0,0,Agree,,0,1,0,0,0,0,0,0,0,0
336,Guatemala,guatemala,,relocate,1.0,0.0,,1,,,0,0,0,0,0,0,0,0,0,0,0,0,0,0,0,0,0,0,0,0,0,0,,,0,1,1,1,0,0,0,1,0,0
337,Guatemala,guatemala,,stay,2.0,1.0,,1,yes,yes,0,0,0,0,0,0,0,0,0,0,0,0,0,0,0,0,0,0,0,0,0,0,,,0,0,0,0,0,0,0,0,0,0
338,Guatemala,,,stay,3.0,1.0,yes,0,yes,no,0,0,0,0,0,0,0,0,0,0,0,0,0,0,0,0,0,0,0,0,0,0,StronglyAgree,Agree,0,0,0,0,0,0,0,0,0,0
339,Guatemala,guatemala,,relocate,1.0,0.0,,1,,,0,0,0,0,0,0,0,0,0,0,0,0,0,0,0,0,0,0,0,0,0,0,,,0,0,0,0,0,0,0,0,0,0
340,Guatemala,guatemala,,stay,5.0,3.0,,1,yes,yes,0,0,0,0,0,0,0,0,0,0,0,0,0,0,0,0,0,0,0,0,0,0,Agree,StronglyAgree,0,0,0,0,0,0,0,0,0,0
341,Guatemala,guatemala,,stay,1.0,2.0,,1,yes,no,0,0,0,0,0,0,0,0,0,0,0,0,0,0,0,0,0,0,0,0,0,0,,StronglyAgree,0,0,0,0,0,0,0,0,0,0
342,Guatemala,,,stay,1.0,2.0,,0,yes,no,0,0,0,0,0,0,0,0,0,0,0,0,0,0,0,0,0,0,0,0,0,0,,,0,0,0,0,0,0,0,0,0,0
343,Guatemala,guatemala,,dontknow,3.0,2.0,,1,yes,no,0,0,0,0,0,0,0,0,0,0,0,0,0,0,0,0,0,0,0,0,0,0,,StronglyAgree,0,0,1,0,0,0,0,1,0,0
344,Guatemala,guatemala,,relocate,1.0,3.0,,1,yes,yes,0,0,0,0,0,0,0,0,0,0,0,0,0,0,0,0,0,0,0,0,0,0,,,0,0,0,0,0,0,0,0,0,0
345,Guatemala,guatemala,,relocate,2.0,0.0,,1,,,0,0,0,0,0,0,0,0,0,0,0,0,0,0,0,0,0,0,0,0,0,0,,,0,0,0,0,0,0,0,0,0,0
346,Guatemala,guatemala,,relocate,1.0,0.0,,1,,,0,0,0,0,0,0,0,0,0,0,0,0,0,0,0,0,0,0,0,0,0,0,Agree,,0,0,0,0,0,0,0,0,0,0
347,Guatemala,,,stay,1.0,5.0,,0,no,,0,0,0,0,0,0,0,0,0,0,0,0,0,0,0,0,0,0,0,1,0,0,,,0,0,0,0,0,0,0,0,0,0
348,Guatemala,guatemala,,relocate,3.0,1.0,,1,,,0,0,0,0,0,0,0,0,0,0,0,0,0,0,0,0,0,0,0,0,0,0,,StronglyAgree,0,0,0,0,0,0,0,0,0,0
349,Guatemala,guatemala,,relocate,4.0,2.0,,1,,,0,0,0,0,0,0,0,0,0,0,0,0,0,0,0,0,0,0,0,0,0,0,,,0,0,0,0,0,0,0,0,0,0
350,Guatemala,guatemala,,stay,1.0,0.0,,1,,,0,0,0,0,0,0,0,0,0,0,0,0,0,0,0,0,0,0,0,0,0,0,Agree,StronglyAgree,0,0,0,0,0,0,0,0,0,0
351,Guatemala,nicaragua,,stay,1.0,0.0,,1,,,0,0,0,0,0,0,0,0,0,0,0,0,0,0,0,0,0,0,0,0,0,0,,,0,0,0,0,0,0,0,0,0,0
352,Guatemala,guatemala,,relocate,2.0,1.0,,1,,,0,0,0,0,0,0,0,0,0,0,0,0,0,0,0,0,0,0,0,0,0,0,,,0,0,0,0,0,0,0,0,0,0
353,Guatemala,,,stay,2.0,2.0,yes,1,no,,0,0,0,0,0,0,0,0,0,0,0,0,0,0,0,0,0,0,1,0,0,0,StronglyAgree,StronglyAgree,0,0,0,0,0,0,0,0,0,0
354,Guatemala,honduras,,stay,1.0,0.0,yes,1,,,0,0,0,0,0,0,0,0,0,0,0,0,0,0,0,0,0,0,0,0,0,0,,StronglyAgree,0,0,0,0,0,0,0,0,0,0
355,Guatemala,honduras,,stay,1.0,0.0,,1,,,0,0,0,0,0,0,0,0,0,0,0,0,0,0,0,0,0,0,0,0,0,0,,,0,0,0,0,0,0,0,0,0,0
356,Guatemala,,,stay,2.0,0.0,yes,1,,,0,0,0,0,0,0,0,0,0,0,0,0,0,0,0,0,0,0,0,0,0,0,,StronglyAgree,0,0,0,0,0,0,0,0,0,0
357,Guatemala,guatemala,,relocate,2.0,1.0,,1,,,0,0,0,0,0,0,0,0,0,0,0,0,0,0,0,0,0,0,0,0,0,0,Agree,,0,0,0,0,0,0,0,0,0,0
358,Guatemala,honduras,,relocate,1.0,0.0,yes,1,,,0,0,0,0,0,0,0,0,0,0,0,0,0,0,0,0,0,0,0,0,0,0,StronglyAgree,StronglyAgree,0,0,0,0,0,0,0,0,0,0
359,Guatemala,guatemala,,relocate,7.0,2.0,,1,yes,no,0,0,0,0,0,0,0,0,0,0,0,0,0,0,0,0,0,0,0,0,0,0,,StronglyAgree,0,0,0,0,0,0,0,0,0,0
360,Guatemala,salvador,,stay,1.0,0.0,yes,1,,,0,0,0,0,0,0,0,0,0,0,0,0,0,0,0,0,0,0,0,0,0,0,,StronglyAgree,0,0,0,0,0,0,0,0,0,0
361,Guatemala,honduras,,stay,1.0,2.0,,0,yes,yes,0,0,0,0,0,0,0,0,0,0,0,0,0,0,0,0,0,0,0,0,0,0,,,0,0,0,0,0,0,0,0,0,0
362,Guatemala,guatemala,,relocate,2.0,4.0,,1,yes,yes,0,0,0,0,0,0,0,0,0,0,0,0,0,0,0,0,0,0,0,0,0,0,,,0,0,0,0,0,0,0,0,0,0
363,Guatemala,salvador,,stay,1.0,0.0,,0,,,0,0,0,0,0,0,0,0,0,0,0,0,0,0,0,0,0,0,0,0,0,0,,,0,0,0,0,0,0,0,0,0,0
364,Guatemala,honduras,,stay,1.0,0.0,yes,0,,,0,0,0,0,0,0,0,0,0,0,0,0,0,0,0,0,0,0,0,0,0,0,,StronglyAgree,0,0,0,0,0,0,0,0,0,0
365,Guatemala,guatemala,,stay,5.0,3.0,,1,yes,no,0,0,0,0,0,0,0,0,0,0,0,0,0,0,0,0,0,0,0,0,0,0,,,0,0,0,0,0,0,0,0,0,0
366,Guatemala,guatemala,,relocate,1.0,1.0,,1,yes,yes,0,0,0,0,0,0,0,0,0,0,0,0,0,0,0,0,0,0,0,0,0,0,,StronglyAgree,0,0,1,0,0,0,0,0,0,0
367,Guatemala,guatemala,,relocate,2.0,2.0,,1,,,0,0,0,0,0,0,0,0,0,0,0,0,0,0,0,0,0,0,0,0,0,0,,Agree,0,0,0,0,0,0,0,0,0,0
368,Guatemala,,,stay,2.0,1.0,yes,1,,,0,0,0,0,0,0,0,0,0,0,0,0,0,0,0,0,0,0,0,0,0,0,,StronglyAgree,0,0,0,0,1,0,0,0,0,1
369,Guatemala,,,stay,3.0,1.0,yes,1,yes,no,0,0,0,0,0,0,0,0,0,0,0,0,0,0,0,0,0,0,0,0,0,0,StronglyAgree,StronglyAgree,0,0,0,0,0,0,0,0,0,0
370,Guatemala,guatemala,,stay,2.0,3.0,,1,yes,yes,0,0,0,0,0,0,0,0,0,0,0,0,0,0,0,0,0,0,0,0,0,0,,,0,0,0,0,0,0,0,0,0,0
371,Guatemala,guatemala,,relocate,2.0,1.0,,0,,,0,0,0,0,0,0,0,0,0,0,0,0,0,0,0,0,0,0,0,0,0,0,,,0,0,0,0,0,0,0,0,0,0
372,Guatemala,,,stay,1.0,0.0,yes,0,,,0,0,0,0,0,0,0,0,0,0,0,0,0,0,0,0,0,0,0,0,0,0,,StronglyAgree,1,0,1,0,0,0,0,0,0,0
373,Guatemala,,,stay,2.0,0.0,yes,1,,,0,0,0,0,0,0,0,0,0,0,0,0,0,0,0,0,0,0,0,0,0,0,Disagree,StronglyAgree,0,0,0,0,0,1,0,0,0,1
374,Guatemala,guatemala,,stay,2.0,4.0,,1,yes,yes,0,0,0,0,0,0,0,0,0,0,0,0,0,0,0,0,0,0,0,0,0,0,,Agree,0,0,0,0,0,0,0,0,0,0
375,Guatemala,,,stay,5.0,1.0,yes,1,,,0,0,0,0,0,0,0,0,0,0,0,0,0,0,0,0,0,0,0,0,0,0,StronglyAgree,StronglyAgree,0,0,0,0,0,0,0,0,0,0
376,Guatemala,guatemala,,stay,1.0,0.0,,1,,,0,0,0,0,0,0,0,0,0,0,0,0,0,0,0,0,0,0,0,0,0,0,StronglyAgree,Agree,0,0,0,0,0,0,0,0,0,0
377,Guatemala,,,stay,5.0,3.0,yes,1,no,,0,0,0,0,0,0,0,0,0,0,0,0,0,0,0,0,1,0,0,0,0,0,,StronglyAgree,0,0,0,0,0,0,0,0,0,0
378,Guatemala,guatemala,,stay,6.0,2.0,,1,yes,no,0,0,0,0,0,0,0,0,0,0,0,0,0,0,0,0,0,0,0,0,0,0,,,0,0,0,0,0,0,0,0,0,0
379,Guatemala,guatemala,,stay,1.0,2.0,,1,yes,yes,0,0,0,0,0,0,0,0,0,0,0,0,0,0,0,0,0,0,0,0,0,0,,Agree,0,0,0,0,0,0,0,0,0,0
380,Guatemala,guatemala,,relocate,2.0,0.0,,1,,,0,0,0,0,0,0,0,0,0,0,0,0,0,0,0,0,0,0,0,0,0,0,StronglyAgree,StronglyDisagree,0,0,0,0,0,0,0,0,0,0
381,Guatemala,guatemala,,stay,3.0,1.0,,0,yes,no,0,0,0,0,0,0,0,0,0,0,0,0,0,0,0,0,0,0,0,0,0,0,,,0,0,0,0,0,0,0,0,0,0
382,Guatemala,guatemala,,stay,1.0,0.0,,1,,,0,0,0,0,0,0,0,0,0,0,0,0,0,0,0,0,0,0,0,0,0,0,,,0,0,0,0,0,0,0,0,0,0
383,Guatemala,,,stay,3.0,0.0,,0,,,0,0,0,0,0,0,0,0,0,0,0,0,0,0,0,0,0,0,0,0,0,0,,,0,0,0,0,0,0,0,0,0,0
384,Guatemala,,,stay,2.0,1.0,yes,0,,,0,0,0,0,0,0,0,0,0,0,0,0,0,0,0,0,0,0,0,0,0,0,StronglyAgree,StronglyAgree,0,0,0,0,0,0,0,0,0,0
385,Guatemala,honduras,,stay,2.0,0.0,yes,1,,,0,0,0,0,0,0,0,0,0,0,0,0,0,0,0,0,0,0,0,0,0,0,StronglyAgree,StronglyAgree,0,0,0,0,0,0,0,0,0,0
386,Guatemala,,,stay,2.0,3.0,yes,0,yes,no,0,0,0,0,0,0,0,0,0,0,0,0,0,0,0,0,0,0,0,0,0,0,,StronglyAgree,0,0,0,0,0,0,0,0,0,0
387,Guatemala,salvador,,stay,2.0,1.0,yes,0,,,0,0,0,0,0,0,0,0,0,0,0,0,0,0,0,0,0,0,0,0,0,0,StronglyAgree,StronglyAgree,0,0,0,0,0,0,0,0,0,0
388,Guatemala,guatemala,,dontknow,3.0,2.0,,1,yes,no,0,0,0,0,0,0,0,0,0,0,0,0,0,0,0,0,0,0,0,0,0,0,,,0,0,0,0,0,0,0,0,0,0
389,Guatemala,guatemala,,,,,,0,,,0,0,0,0,0,0,0,0,0,0,0,0,0,0,0,0,0,0,0,0,0,0,,,0,0,0,0,0,0,0,0,0,0
390,Guatemala,,,stay,2.0,1.0,yes,1,no,,1,1,0,0,0,0,0,0,0,0,0,0,1,1,0,0,0,0,0,0,0,0,,StronglyAgree,0,0,1,0,0,0,0,0,0,0
391,Guatemala,guatemala,,dontknow,3.0,1.0,,1,yes,yes,0,0,0,0,0,0,0,0,0,0,0,0,0,0,0,0,0,0,0,0,0,0,,,0,1,0,0,0,0,0,0,0,0
392,Guatemala,,,stay,2.0,2.0,yes,1,yes,no,0,0,0,0,0,0,0,0,0,0,0,0,0,0,0,0,0,0,0,0,0,0,StronglyAgree,StronglyAgree,0,0,0,0,0,0,0,0,0,0
393,Guatemala,guatemala,,relocate,1.0,0.0,,1,,,0,0,0,0,0,0,0,0,0,0,0,0,0,0,0,0,0,0,0,0,0,0,,StronglyAgree,0,0,0,0,0,0,0,0,0,0
394,Guatemala,honduras,,stay,1.0,0.0,,1,,,0,0,0,0,0,0,0,0,0,0,0,0,0,0,0,0,0,0,0,0,0,0,,,0,0,0,0,0,0,0,0,0,0
395,Guatemala,guatemala,,stay,2.0,0.0,,1,,,0,0,0,0,0,0,0,0,0,0,0,0,0,0,0,0,0,0,0,0,0,0,,Agree,1,0,0,0,0,0,0,0,0,0
396,Guatemala,honduras,,stay,2.0,0.0,yes,0,,,0,0,0,0,0,0,0,0,0,0,0,0,0,0,0,0,0,0,0,0,0,0,StronglyAgree,StronglyAgree,0,0,0,0,0,0,0,0,0,0
397,Guatemala,nicaragua,,stay,1.0,0.0,yes,0,,,0,0,0,0,0,0,0,0,0,0,0,0,0,0,0,0,0,0,0,0,0,0,,StronglyAgree,0,0,0,0,0,0,0,0,0,0
398,Guatemala,guatemala,,relocate,1.0,0.0,,1,,,0,0,0,0,0,0,0,0,0,0,0,0,0,0,0,0,0,0,0,0,0,0,,StronglyAgree,0,0,0,0,0,0,0,0,0,0
399,Guatemala,guatemala,,relocate,1.0,0.0,,1,,,0,0,0,0,0,0,0,0,0,0,0,0,0,0,0,0,0,0,0,0,0,0,,,0,0,0,0,0,0,0,0,0,0
400,Guatemala,guatemala,,stay,2.0,0.0,,1,,,0,0,0,0,0,0,0,0,0,0,0,0,0,0,0,0,0,0,0,0,0,0,,,0,0,0,0,0,0,0,0,0,0
401,Guatemala,guatemala,,dontknow,1.0,2.0,,1,,,0,0,0,0,0,0,0,0,0,0,0,0,0,0,0,0,0,0,0,0,0,0,StronglyAgree,StronglyAgree,1,0,0,0,0,0,0,0,0,0
402,Guatemala,salvador,,stay,1.0,0.0,yes,1,,,0,0,0,0,0,0,0,0,0,0,0,0,0,0,0,0,0,0,0,0,0,0,StronglyAgree,StronglyAgree,0,0,0,0,0,0,0,0,0,0
403,Guatemala,guatemala,,stay,3.0,0.0,yes,1,,,0,0,0,0,0,0,0,0,0,0,0,0,0,0,0,0,0,0,0,0,0,0,,Agree,0,0,1,0,0,0,1,0,0,0
404,Guatemala,,,stay,1.0,1.0,yes,1,yes,no,0,0,0,0,0,0,0,0,0,0,0,0,0,0,0,0,0,0,0,0,0,0,,StronglyAgree,0,0,1,0,0,1,0,0,0,0
405,Guatemala,guatemala,,,,,,0,,,0,0,0,0,0,0,0,0,0,0,0,0,0,0,0,0,0,0,0,0,0,0,,,0,0,0,0,0,0,0,0,0,0
406,Guatemala,,,stay,2.0,2.0,yes,1,yes,no,0,0,0,0,0,0,0,0,0,0,0,0,0,0,0,0,0,0,0,0,0,0,StronglyAgree,StronglyAgree,0,0,0,0,0,0,0,0,0,0
407,Guatemala,guatemala,,dontknow,2.0,3.0,,1,yes,yes,0,0,0,0,0,0,0,0,0,0,0,0,0,0,0,0,0,0,0,0,0,0,,StronglyAgree,0,0,1,1,0,0,0,0,0,0
408,Guatemala,guatemala,,relocate,1.0,1.0,,1,yes,yes,0,0,0,0,0,0,0,0,0,0,0,0,0,0,0,0,0,0,0,0,0,0,,StronglyAgree,0,0,0,0,0,0,0,0,0,1
409,Guatemala,guatemala,,relocate,2.0,1.0,,1,,,0,0,0,0,0,0,0,0,0,0,0,0,0,0,0,0,0,0,0,0,0,0,,,0,0,0,0,0,0,0,0,0,0
410,Guatemala,nicaragua,,stay,1.0,0.0,yes,0,,,0,0,0,0,0,0,0,0,0,0,0,0,0,0,0,0,0,0,0,0,0,0,,StronglyAgree,0,0,0,0,0,0,0,0,0,0
411,Guatemala,guatemala,,stay,3.0,2.0,,1,yes,yes,0,0,0,0,0,0,0,0,0,0,0,0,0,0,0,0,0,0,0,0,0,0,,StronglyAgree,0,0,0,0,0,0,0,0,0,0
412,Guatemala,guatemala,,stay,1.0,0.0,,1,,,0,0,0,0,0,0,0,0,0,0,0,0,0,0,0,0,0,0,0,0,0,0,,StronglyAgree,0,0,0,0,0,0,0,0,0,0
413,Guatemala,salvador,,stay,1.0,0.0,yes,1,,,0,0,0,0,0,0,0,0,0,0,0,0,0,0,0,0,0,0,0,0,0,0,StronglyAgree,StronglyAgree,0,0,0,0,0,0,0,0,0,0
414,Guatemala,honduras,,stay,1.0,0.0,yes,0,,,0,0,0,0,0,0,0,0,0,0,0,0,0,0,0,0,0,0,0,0,0,0,StronglyAgree,StronglyAgree,0,0,0,0,0,0,0,0,0,0
415,Guatemala,guatemala,,,,,,0,,,0,0,0,0,0,0,0,0,0,0,0,0,0,0,0,0,0,0,0,0,0,0,,,0,0,0,0,0,0,0,0,0,0
416,Guatemala,guatemala,,relocate,1.0,0.0,,1,,,0,0,0,0,0,0,0,0,0,0,0,0,0,0,0,0,0,0,0,0,0,0,,,0,0,0,0,0,0,0,0,0,0
417,Guatemala,guatemala,,relocate,3.0,2.0,,1,yes,no,0,0,0,0,0,0,0,0,0,0,0,0,0,0,0,0,0,0,0,0,0,0,,,0,0,0,0,0,0,0,0,0,0
418,Guatemala,guatemala,,stay,2.0,3.0,,1,yes,yes,0,0,0,0,0,0,0,0,0,0,0,0,0,0,0,0,0,0,0,0,0,0,,,0,0,0,0,0,0,0,0,0,0
419,Guatemala,,,stay,1.0,0.0,yes,1,,,0,0,0,0,0,0,0,0,0,0,0,0,0,0,0,0,0,0,0,0,0,0,,StronglyAgree,0,0,0,0,0,0,0,0,0,0
420,Guatemala,guatemala,,relocate,2.0,0.0,,1,,,0,0,0,0,0,0,0,0,0,0,0,0,0,0,0,0,0,0,0,0,0,0,Agree,,0,1,0,0,0,0,0,0,0,0
421,Guatemala,guatemala,,stay,1.0,2.0,,1,yes,yes,0,0,0,0,0,0,0,0,0,0,0,0,0,0,0,0,0,0,0,0,0,0,,,0,0,0,0,0,0,0,0,0,0
422,Guatemala,,,stay,2.0,1.0,yes,0,,,0,0,0,0,0,0,0,0,0,0,0,0,0,0,0,0,0,0,0,0,0,0,StronglyAgree,StronglyAgree,0,0,0,0,0,0,0,0,0,0
423,Guatemala,nicaragua,,stay,1.0,0.0,yes,0,,,0,0,0,0,0,0,0,0,0,0,0,0,0,0,0,0,0,0,0,0,0,0,,StronglyAgree,0,0,0,1,0,0,0,0,0,0
424,Guatemala,honduras,,stay,1.0,0.0,yes,1,,,0,0,0,0,0,0,0,0,0,0,0,0,0,0,0,0,0,0,0,0,0,0,,StronglyAgree,0,0,0,0,0,0,0,0,0,0
425,Guatemala,nicaragua,,stay,1.0,0.0,,0,,,0,0,0,0,0,0,0,0,0,0,0,0,0,0,0,0,0,0,0,0,0,0,,,0,0,0,0,0,0,0,0,0,0
426,Guatemala,,,stay,2.0,0.0,yes,1,,,0,0,0,0,0,0,0,0,0,0,0,0,0,0,0,0,0,0,0,0,0,0,,StronglyAgree,0,0,1,0,0,0,0,0,0,0
427,Guatemala,guatemala,,relocate,2.0,1.0,,1,yes,yes,0,0,0,0,0,0,0,0,0,0,0,0,0,0,0,0,0,0,0,0,0,0,,,0,0,0,0,0,0,0,0,0,0
428,Guatemala,,,stay,1.0,1.0,yes,1,yes,no,0,0,0,0,0,0,0,0,0,0,0,0,0,0,0,0,0,0,0,0,0,0,,StronglyAgree,0,0,0,0,0,0,0,0,0,0
429,Guatemala,honduras,,stay,,,yes,1,no,,1,0,0,0,0,0,0,0,0,0,0,0,0,0,0,0,0,0,1,0,0,0,,StronglyAgree,0,0,0,0,0,0,0,0,0,0
430,Guatemala,guatemala,,stay,6.0,1.0,,1,yes,yes,0,0,0,0,0,0,0,0,0,0,0,0,0,0,0,0,0,0,0,0,0,0,,,0,0,0,0,0,0,0,0,0,0
431,Guatemala,guatemala,,,,,,0,,,0,0,0,0,0,0,0,0,0,0,0,0,0,0,0,0,0,0,0,0,0,0,,,0,0,0,0,0,0,0,0,0,0
432,Guatemala,guatemala,,stay,1.0,1.0,,1,yes,yes,0,0,0,0,0,0,0,0,0,0,0,0,0,0,0,0,0,0,0,0,0,0,,Agree,0,0,0,0,0,0,0,0,0,0
433,Guatemala,,,stay,1.0,0.0,yes,1,,,0,0,0,0,0,0,0,0,0,0,0,0,0,0,0,0,0,0,0,0,0,0,,Agree,0,0,0,0,0,0,0,0,0,0
434,Guatemala,guatemala,,relocate,1.0,0.0,,1,,,0,0,0,0,0,0,0,0,0,0,0,0,0,0,0,0,0,0,0,0,0,0,,,0,0,0,0,0,0,0,0,0,0
435,Guatemala,salvador,,stay,1.0,0.0,yes,1,,,0,0,0,0,0,0,0,0,0,0,0,0,0,0,0,0,0,0,0,0,0,0,,StronglyAgree,0,0,0,0,0,0,0,0,0,0
